order_id,order_line_id,order_date,ship_date,customer_id,customer_tier,product_id,product_name,category,sub_category,store_id,store_name,suburb,state,postcode,fulfillment_channel,quantity,unit_price,discount_rate,shipping_cost,sales_amount,profit,return
ORD00001,1,45825,45828,CUST000113,Gold,POD20,High-Waist Jeans,Apparel,Bottoms,ST13,Melbourne Retail - Preston,Preston,VIC,3072,Pick up,80,60,0.13,0,4176,1296,FALSE
ORD00001,2,45974,45979,CUST000192,Silver,POD19,Chino Pants,Apparel,Bottoms,ST13,Melbourne Retail - Preston,Preston,VIC,3072,Online,65,75,0.12,50,4340,1405,FALSE
ORD00001,3,45701,45701,CUST000113,Silver,POD30,Non-Stick Frypan 28cm,Home & Living,Kitchen & Dining,ST17,Melbourne Retail - Footscray,Footscray,VIC,3011,Online,55,80,0.11,50,3966,1316,FALSE
ORD00001,4,45300,45301,CUST000158,Bronze,POD1,Wireless Headphones,Electronics,Audio Devices,ST13,Melbourne Retail - Preston,Preston,VIC,3072,Online,120,50,0.08,50,5570,1960,FALSE
ORD00002,1,45648,45648,CUST00026,Gold,POD18,Slim Fit Jeans,Apparel,Bottoms,ST11,Melbourne Retail - Box Hill,Box Hill,VIC,3128,Online,70,80,0.09,50,5146,1776,FALSE
ORD00002,2,45753,45753,CUST00013,Platinum,POD4,4K Monitor,Electronics,Computer Accessories,ST9,Melbourne Retail - Camberwell,Camberwell,VIC,3124,Pick up,450,30,0.15,0,11475,3375,FALSE
ORD00002,3,45838,45841,CUST00097,Silver,POD22,Mid-Length Jacket,Apparel,Outerwear,ST15,Melbourne Retail - St Kilda,St Kilda,VIC,3182,Pick up,120,45,0.11,0,4806,1566,FALSE
ORD00002,4,45558,45559,CUST000104,Bronze,POD66,Razor – 5 Blade,Beauty,Personal Care,ST9,Melbourne Retail - Camberwell,Camberwell,VIC,3124,Online,35,90,0.12,50,2822,922,FALSE
ORD00003,1,45587,45587,CUST000112,Platinum,POD32,Bamboo Cutting Board,Home & Living,Kitchen & Dining,ST15,Melbourne Retail - St Kilda,St Kilda,VIC,3182,In Store,30,100,0.08,0,2760,960,FALSE
ORD00003,2,45335,45335,CUST00046,Bronze,POD26,Brown Belt,Apparel,Accessories,ST18,Melbourne Retail - Sunshine,Sunshine,VIC,3020,Pick up,35,100,0.06,0,3290,1190,FALSE
ORD00003,3,45949,45949,CUST000179,Silver,POD49,Face Moisturiser,Beauty,Skincare,ST12,Melbourne Retail - Doncaster,Doncaster,VIC,3108,Online,45,100,0.13,50,3965,1255,FALSE
ORD00003,4,45501,45505,CUST000142,Silver,POD58,Rose Cream,Beauty,Skincare,ST6,Melbourne Retail - Collingwood,Collingwood,VIC,3066,Pick up,42,90,0.07,0,3515.4,1247.4,FALSE
ORD00004,1,45479,45480,CUST00030,Silver,POD5,Wireless Mouse,Electronics,Computer Accessories,ST15,Melbourne Retail - St Kilda,St Kilda,VIC,3182,Pick up,45,100,0.07,0,4185,1485,FALSE
ORD00004,2,45475,45476,CUST000238,Bronze,POD12,Wi-Fi Range Extender,Electronics,Networking,ST8,Melbourne Retail - Hawthorn,Hawthorn,VIC,3122,Online,95,40,0.06,50,3622,1332,FALSE
ORD00004,3,45972,45976,CUST000156,Gold,POD54,Repair Serum,Beauty,Serums & Treatments,ST16,Melbourne Retail - South Yarra,South Yarra,VIC,3141,Online,65,80,0.07,50,4886,1756,FALSE
ORD00004,4,45660,45661,CUST000228,Gold,POD34,Cotton Throw Blanket,Home & Living,Bedding,ST6,Melbourne Retail - Collingwood,Collingwood,VIC,3066,Online,60,70,0.1,50,3830,1300,FALSE
ORD00005,1,45457,45458,CUST000108,Silver,POD38,Oak Side Table,Home & Living,Furniture,ST1,Melbourne Retail - Melbourne CBD,Melbourne CBD,VIC,3000,In Store,150,30,0.1,0,4050,1350,FALSE
ORD00005,2,45725,45727,CUST000111,Gold,POD21,Midi Dress,Apparel,Dresses,ST19,Melbourne Retail - Dandenong,Dandenong,VIC,3175,Pick up,95,50,0.1,0,4275,1425,FALSE
ORD00005,3,45631,45633,CUST00068,Platinum,POD2,Bluetooth Earbuds,Electronics,Audio Devices,ST15,Melbourne Retail - St Kilda,St Kilda,VIC,3182,In Store,90,60,0.15,0,4590,1350,FALSE
ORD00005,4,45310,45312,CUST000219,Silver,POD57,Shea Lotion,Beauty,Skincare,ST6,Melbourne Retail - Collingwood,Collingwood,VIC,3066,Pick up,40,100,0.15,0,3400,1000,FALSE
ORD00006,1,46003,46003,CUST000213,Silver,POD11,Wi-Fi Router,Electronics,Networking,ST8,Melbourne Retail - Hawthorn,Hawthorn,VIC,3122,Pick up,160,25,0.05,0,3800,1400,FALSE
ORD00006,2,45850,45851,CUST000190,Bronze,POD28,Socks (5-Pack),Apparel,Accessories,ST17,Melbourne Retail - Footscray,Footscray,VIC,3011,Pick up,20,150,0.13,0,2610,810,FALSE
ORD00006,3,45584,45589,CUST00030,Bronze,POD26,Brown Belt,Apparel,Accessories,ST16,Melbourne Retail - South Yarra,South Yarra,VIC,3141,Pick up,35,100,0.06,0,3290,1190,FALSE
ORD00006,4,45565,45565,CUST000202,Platinum,POD33,Cotton Bedsheet Set,Home & Living,Bedding,ST7,Melbourne Retail - Richmond,Richmond,VIC,3121,Pick up,95,60,0.14,0,4902,1482,TRUE
ORD00007,1,45600,45601,CUST000106,Gold,POD45,Scented Candle – Vanilla,Home & Living,Fragrance,ST18,Melbourne Retail - Sunshine,Sunshine,VIC,3020,Pick up,25,150,0.06,0,3525,1275,FALSE
ORD00007,2,45697,45698,CUST00031,Silver,POD20,High-Waist Jeans,Apparel,Bottoms,ST7,Melbourne Retail - Richmond,Richmond,VIC,3121,In Store,80,60,0.06,0,4512,1632,FALSE
ORD00007,3,45652,45652,CUST000179,Platinum,POD11,Wi-Fi Router,Electronics,Networking,ST5,Melbourne Retail - Fitzroy,Fitzroy,VIC,3065,Online,160,25,0.15,50,3450,1040,FALSE
ORD00007,4,45769,45774,CUST000211,Bronze,POD57,Shea Lotion,Beauty,Skincare,ST19,Melbourne Retail - Dandenong,Dandenong,VIC,3175,In Store,40,100,0.07,0,3720,1320,FALSE
ORD00008,1,45557,45557,CUST000180,Gold,POD31,Knife Set (5-Piece),Home & Living,Kitchen & Dining,ST9,Melbourne Retail - Camberwell,Camberwell,VIC,3124,In Store,85,70,0.15,0,5057.5,1487.5,FALSE
ORD00008,2,45683,45685,CUST00050,Bronze,POD59,Hydrating Conditioner,Beauty,Hair Care,ST12,Melbourne Retail - Doncaster,Doncaster,VIC,3108,Online,35,100,0.11,50,3165,1055,TRUE
ORD00008,3,45774,45778,CUST00029,Gold,POD33,Cotton Bedsheet Set,Home & Living,Bedding,ST8,Melbourne Retail - Hawthorn,Hawthorn,VIC,3122,In Store,95,60,0.08,0,5244,1824,FALSE
ORD00008,4,45563,45567,CUST00038,Platinum,POD47,Reed Diffuser – Citrus,Home & Living,Fragrance,ST7,Melbourne Retail - Richmond,Richmond,VIC,3121,In Store,30,100,0.15,0,2550,750,FALSE
ORD00009,1,45790,45791,CUST000170,Gold,POD64,Roll-On Deodorant,Beauty,Personal Care,ST1,Melbourne Retail - Melbourne CBD,Melbourne CBD,VIC,3000,Pick up,25,100,0.05,0,2375,875,FALSE
ORD00009,2,45894,45897,CUST000191,Bronze,POD15,Cotton T-Shirt,Apparel,Tops,ST2,Melbourne Retail - Southbank,Southbank,VIC,3006,In Store,25,150,0.06,0,3525,1275,FALSE
ORD00009,3,45639,45641,CUST00051,Gold,POD29,Ceramic Mug,Home & Living,Kitchen & Dining,ST16,Melbourne Retail - South Yarra,South Yarra,VIC,3141,Online,15,200,0.1,50,2750,940,FALSE
ORD00009,4,45944,45948,CUST000121,Bronze,POD4,4K Monitor,Electronics,Computer Accessories,ST8,Melbourne Retail - Hawthorn,Hawthorn,VIC,3122,Pick up,450,30,0.08,0,12420,4320,FALSE
ORD00010,1,45851,45854,CUST000122,Bronze,POD8,Lightning Cable,Electronics,Mobile Accessories,ST8,Melbourne Retail - Hawthorn,Hawthorn,VIC,3122,Online,25,150,0.08,50,3500,1240,FALSE
ORD00010,2,45833,45836,CUST000152,Platinum,POD53,Eucalyptus Face Wash,Beauty,Skincare,ST5,Melbourne Retail - Fitzroy,Fitzroy,VIC,3065,Pick up,38,110,0.07,0,3887.4,1379.4,FALSE
ORD00010,3,45605,45607,CUST000184,Silver,POD11,Wi-Fi Router,Electronics,Networking,ST8,Melbourne Retail - Hawthorn,Hawthorn,VIC,3122,In Store,160,25,0.12,0,3520,1120,FALSE
ORD00010,4,45335,45338,CUST00026,Silver,POD16,Cotton Crew T-Shirt,Apparel,Tops,ST14,Melbourne Retail - Brunswick,Brunswick,VIC,3056,Online,28,140,0.15,50,3382,1020,FALSE
ORD00011,1,45336,45336,CUST00065,Bronze,POD12,Wi-Fi Range Extender,Electronics,Networking,ST16,Melbourne Retail - South Yarra,South Yarra,VIC,3141,Online,95,40,0.1,50,3470,1180,FALSE
ORD00011,2,45932,45935,CUST00019,Platinum,POD9,Screen Protector,Electronics,Mobile Accessories,ST15,Melbourne Retail - St Kilda,St Kilda,VIC,3182,Pick up,15,200,0.06,0,2820,1020,FALSE
ORD00011,3,45372,45375,CUST00076,Silver,POD7,"Power Bank 10,000mAh",Electronics,Mobile Accessories,ST9,Melbourne Retail - Camberwell,Camberwell,VIC,3124,Online,60,80,0.15,50,4130,1240,FALSE
ORD00011,4,45951,45953,CUST000116,Platinum,POD66,Razor – 5 Blade,Beauty,Personal Care,ST19,Melbourne Retail - Dandenong,Dandenong,VIC,3175,Pick up,35,90,0.14,0,2709,819,FALSE
ORD00012,1,45540,45540,CUST000100,Bronze,POD58,Rose Cream,Beauty,Skincare,ST18,Melbourne Retail - Sunshine,Sunshine,VIC,3020,Online,42,90,0.05,50,3641,1363,FALSE
ORD00012,2,45966,45966,CUST00017,Silver,POD37,5-Tier Bookshelf,Home & Living,Furniture,ST6,Melbourne Retail - Collingwood,Collingwood,VIC,3066,Pick up,180,25,0.06,0,4230,1530,FALSE
ORD00012,3,45673,45677,CUST000158,Silver,POD5,Wireless Mouse,Electronics,Computer Accessories,ST3,Melbourne Retail - Docklands,Docklands,VIC,3008,Online,45,100,0.07,50,4235,1525,FALSE
ORD00012,4,45862,45862,CUST00032,Bronze,POD1,Wireless Headphones,Electronics,Audio Devices,ST12,Melbourne Retail - Doncaster,Doncaster,VIC,3108,Pick up,120,50,0.14,0,5160,1560,FALSE
ORD00013,1,45647,45649,CUST000230,Silver,POD59,Hydrating Conditioner,Beauty,Hair Care,ST7,Melbourne Retail - Richmond,Richmond,VIC,3121,Online,35,100,0.06,50,3340,1230,FALSE
ORD00013,2,45624,45626,CUST000142,Bronze,POD45,Scented Candle – Vanilla,Home & Living,Fragrance,ST9,Melbourne Retail - Camberwell,Camberwell,VIC,3124,In Store,25,150,0.07,0,3487.5,1237.5,FALSE
ORD00013,3,45634,45638,CUST00067,Silver,POD65,Electric Toothbrush,Beauty,Personal Care,ST9,Melbourne Retail - Camberwell,Camberwell,VIC,3124,Pick up,80,70,0.09,0,5096,1736,FALSE
ORD00013,4,45569,45570,CUST000207,Bronze,POD19,Chino Pants,Apparel,Bottoms,ST14,Melbourne Retail - Brunswick,Brunswick,VIC,3056,In Store,65,75,0.12,0,4290,1365,FALSE
ORD00014,1,45785,45786,CUST00038,Silver,POD41,Arc Floor Lamp,Home & Living,Lighting,ST19,Melbourne Retail - Dandenong,Dandenong,VIC,3175,In Store,130,40,0.14,0,4472,1352,FALSE
ORD00014,2,45410,45411,CUST000226,Platinum,POD53,Eucalyptus Face Wash,Beauty,Skincare,ST14,Melbourne Retail - Brunswick,Brunswick,VIC,3056,Pick up,38,110,0.1,0,3762,1254,FALSE
ORD00014,3,46009,46013,CUST000110,Bronze,POD13,LED Light Bulb,Electronics,Smart Home,ST1,Melbourne Retail - Melbourne CBD,Melbourne CBD,VIC,3000,Online,18,300,0.08,50,5018,1768,FALSE
ORD00014,4,45373,45378,CUST000230,Silver,POD17,Fleece Hoodie,Apparel,Tops,ST10,Melbourne Retail - Glen Waverley,Glen Waverley,VIC,3150,Online,60,90,0.11,50,4856,1606,FALSE
ORD00015,1,45759,45764,CUST000227,Gold,POD66,Razor – 5 Blade,Beauty,Personal Care,ST1,Melbourne Retail - Melbourne CBD,Melbourne CBD,VIC,3000,Pick up,35,90,0.07,0,2929.5,1039.5,FALSE
ORD00015,2,45296,45296,CUST000203,Platinum,POD11,Wi-Fi Router,Electronics,Networking,ST16,Melbourne Retail - South Yarra,South Yarra,VIC,3141,Online,160,25,0.14,50,3490,1080,FALSE
ORD00015,3,45874,45877,CUST000134,Platinum,POD4,4K Monitor,Electronics,Computer Accessories,ST7,Melbourne Retail - Richmond,Richmond,VIC,3121,In Store,450,30,0.11,0,12015,3915,FALSE
ORD00015,4,45594,45597,CUST000148,Bronze,POD62,Argan Oil,Beauty,Hair Care,ST11,Melbourne Retail - Box Hill,Box Hill,VIC,3128,In Store,55,60,0.14,0,2838,858,TRUE
ORD00016,1,45837,45837,CUST000193,Bronze,POD49,Face Moisturiser,Beauty,Skincare,ST5,Melbourne Retail - Fitzroy,Fitzroy,VIC,3065,Online,45,100,0.07,50,4235,1525,FALSE
ORD00016,2,45846,45851,CUST00030,Bronze,POD16,Cotton Crew T-Shirt,Apparel,Tops,ST14,Melbourne Retail - Brunswick,Brunswick,VIC,3056,In Store,28,140,0.08,0,3606.4,1254.4,FALSE
ORD00016,3,45337,45338,CUST00040,Gold,POD40,LED Desk Lamp,Home & Living,Lighting,ST15,Melbourne Retail - St Kilda,St Kilda,VIC,3182,Online,60,80,0.09,50,4418,1528,FALSE
ORD00016,4,45742,45742,CUST000230,Bronze,POD60,Volumising Shampoo,Beauty,Hair Care,ST5,Melbourne Retail - Fitzroy,Fitzroy,VIC,3065,Online,38,90,0.12,50,3059.6,997.6,FALSE
ORD00017,1,45303,45303,CUST000119,Gold,POD34,Cotton Throw Blanket,Home & Living,Bedding,ST7,Melbourne Retail - Richmond,Richmond,VIC,3121,In Store,60,70,0.08,0,3864,1344,FALSE
ORD00017,2,45933,45933,CUST000216,Gold,POD32,Bamboo Cutting Board,Home & Living,Kitchen & Dining,ST19,Melbourne Retail - Dandenong,Dandenong,VIC,3175,In Store,30,100,0.08,0,2760,960,FALSE
ORD00017,3,45363,45367,CUST000238,Platinum,POD13,LED Light Bulb,Electronics,Smart Home,ST4,Melbourne Retail - Carlton,Carlton,VIC,3053,In Store,18,300,0.13,0,4698,1458,FALSE
ORD00017,4,45888,45892,CUST00041,Silver,POD9,Screen Protector,Electronics,Mobile Accessories,ST14,Melbourne Retail - Brunswick,Brunswick,VIC,3056,In Store,15,200,0.13,0,2610,810,FALSE
ORD00018,1,45612,45617,CUST000186,Silver,POD54,Repair Serum,Beauty,Serums & Treatments,ST6,Melbourne Retail - Collingwood,Collingwood,VIC,3066,Online,65,80,0.15,50,4470,1340,FALSE
ORD00018,2,45869,45872,CUST00018,Gold,POD57,Shea Lotion,Beauty,Skincare,ST17,Melbourne Retail - Footscray,Footscray,VIC,3011,Pick up,40,100,0.14,0,3440,1040,FALSE
ORD00018,3,45934,45939,CUST00053,Platinum,POD28,Socks (5-Pack),Apparel,Accessories,ST19,Melbourne Retail - Dandenong,Dandenong,VIC,3175,Online,20,150,0.12,50,2690,880,FALSE
ORD00018,4,46013,46016,CUST0005,Bronze,POD13,LED Light Bulb,Electronics,Smart Home,ST1,Melbourne Retail - Melbourne CBD,Melbourne CBD,VIC,3000,Pick up,18,300,0.05,0,5130,1890,FALSE
ORD00019,1,45588,45593,CUST00020,Silver,POD40,LED Desk Lamp,Home & Living,Lighting,ST9,Melbourne Retail - Camberwell,Camberwell,VIC,3124,Pick up,60,80,0.08,0,4416,1536,FALSE
ORD00019,2,45477,45480,CUST000166,Gold,POD53,Eucalyptus Face Wash,Beauty,Skincare,ST8,Melbourne Retail - Hawthorn,Hawthorn,VIC,3122,Online,38,110,0.11,50,3770.2,1252.2,FALSE
ORD00019,3,45745,45747,CUST00036,Silver,POD7,"Power Bank 10,000mAh",Electronics,Mobile Accessories,ST20,Melbourne Retail - Frankston,Frankston,VIC,3199,Pick up,60,80,0.1,0,4320,1440,TRUE
ORD00020,1,45484,45486,CUST000163,Silver,POD39,Mesh Office Chair,Home & Living,Furniture,ST8,Melbourne Retail - Hawthorn,Hawthorn,VIC,3122,In Store,200,25,0.12,0,4400,1400,FALSE
ORD00020,3,45899,45899,CUST000176,Gold,POD59,Hydrating Conditioner,Beauty,Hair Care,ST1,Melbourne Retail - Melbourne CBD,Melbourne CBD,VIC,3000,Online,35,100,0.11,50,3165,1055,FALSE
ORD00020,4,45991,45994,CUST000180,Gold,POD14,Wall Plug (2-Pack),Electronics,Smart Home,ST18,Melbourne Retail - Sunshine,Sunshine,VIC,3020,Pick up,22,200,0.05,0,4180,1540,FALSE
ORD00021,1,45782,45785,CUST000109,Bronze,POD33,Cotton Bedsheet Set,Home & Living,Bedding,ST17,Melbourne Retail - Footscray,Footscray,VIC,3011,Online,95,60,0.08,50,5294,1864,FALSE
ORD00021,2,45611,45611,CUST0006,Gold,POD63,Eau de Parfum,Beauty,Fragrance,ST13,Melbourne Retail - Preston,Preston,VIC,3072,Online,95,50,0.13,50,4182.5,1322.5,FALSE
ORD00021,3,45616,45621,CUST00066,Silver,POD34,Cotton Throw Blanket,Home & Living,Bedding,ST14,Melbourne Retail - Brunswick,Brunswick,VIC,3056,Online,60,70,0.08,50,3914,1384,FALSE
ORD00021,4,45363,45366,CUST00076,Platinum,POD57,Shea Lotion,Beauty,Skincare,ST20,Melbourne Retail - Frankston,Frankston,VIC,3199,Online,40,100,0.15,50,3450,1040,FALSE
ORD00022,1,45588,45593,CUST000157,Platinum,POD38,Oak Side Table,Home & Living,Furniture,ST16,Melbourne Retail - South Yarra,South Yarra,VIC,3141,Pick up,150,30,0.09,0,4095,1395,FALSE
ORD00022,2,45836,45839,CUST000252,Bronze,POD14,Wall Plug (2-Pack),Electronics,Smart Home,ST11,Melbourne Retail - Box Hill,Box Hill,VIC,3128,In Store,22,200,0.1,0,3960,1320,FALSE
ORD00022,3,45651,45651,CUST000259,Bronze,POD42,Minimal Wall Clock,Home & Living,Home Decor,ST10,Melbourne Retail - Glen Waverley,Glen Waverley,VIC,3150,Online,45,90,0.09,50,3735.5,1295.5,FALSE
ORD00023,1,46022,46023,CUST000119,Silver,POD6,USB-C Charger,Electronics,Mobile Accessories,ST7,Melbourne Retail - Richmond,Richmond,VIC,3121,Online,35,120,0.07,50,3956,1426,FALSE
ORD00023,2,45401,45403,CUST000235,Gold,POD54,Repair Serum,Beauty,Serums & Treatments,ST5,Melbourne Retail - Fitzroy,Fitzroy,VIC,3065,In Store,65,80,0.07,0,4836,1716,FALSE
ORD00023,3,45879,45881,CUST00092,Silver,POD34,Cotton Throw Blanket,Home & Living,Bedding,ST4,Melbourne Retail - Carlton,Carlton,VIC,3053,Online,60,70,0.1,50,3830,1300,FALSE
ORD00023,4,45525,45528,CUST0007,Gold,POD37,5-Tier Bookshelf,Home & Living,Furniture,ST3,Melbourne Retail - Docklands,Docklands,VIC,3008,Online,180,25,0.09,50,4145,1435,FALSE
ORD00024,1,45898,45901,CUST00091,Bronze,POD43,Woven Storage Basket,Home & Living,Home Decor,ST3,Melbourne Retail - Docklands,Docklands,VIC,3008,Pick up,35,100,0.13,0,3045,945,FALSE
ORD00024,2,45306,45310,CUST000115,Platinum,POD53,Eucalyptus Face Wash,Beauty,Skincare,ST8,Melbourne Retail - Hawthorn,Hawthorn,VIC,3122,Online,38,110,0.07,50,3937.4,1419.4,FALSE
ORD00024,3,45979,45980,CUST000131,Gold,POD8,Lightning Cable,Electronics,Mobile Accessories,ST1,Melbourne Retail - Melbourne CBD,Melbourne CBD,VIC,3000,In Store,25,150,0.14,0,3225,975,FALSE
ORD00024,4,45476,45477,CUST000209,Silver,POD62,Argan Oil,Beauty,Hair Care,ST10,Melbourne Retail - Glen Waverley,Glen Waverley,VIC,3150,Pick up,55,60,0.11,0,2937,957,FALSE
ORD00025,1,45741,45743,CUST00057,Silver,POD52,Face Cleanser,Beauty,Skincare,ST2,Melbourne Retail - Southbank,Southbank,VIC,3006,Pick up,35,120,0.09,0,3822,1302,FALSE
ORD00025,3,45429,45430,CUST000142,Gold,POD10,Clear Phone Case,Electronics,Mobile Accessories,ST4,Melbourne Retail - Carlton,Carlton,VIC,3053,Online,20,180,0.09,50,3326,1156,FALSE
ORD00025,4,45669,45673,CUST00050,Silver,POD54,Repair Serum,Beauty,Serums & Treatments,ST7,Melbourne Retail - Richmond,Richmond,VIC,3121,Pick up,65,80,0.11,0,4628,1508,FALSE
ORD00026,1,45937,45937,CUST000246,Platinum,POD26,Brown Belt,Apparel,Accessories,ST8,Melbourne Retail - Hawthorn,Hawthorn,VIC,3122,Online,35,100,0.1,50,3200,1090,FALSE
ORD00026,2,45834,45834,CUST00073,Platinum,POD65,Electric Toothbrush,Beauty,Personal Care,ST4,Melbourne Retail - Carlton,Carlton,VIC,3053,Online,80,70,0.05,50,5370,2000,FALSE
ORD00026,3,45622,45627,CUST000128,Silver,POD28,Socks (5-Pack),Apparel,Accessories,ST19,Melbourne Retail - Dandenong,Dandenong,VIC,3175,In Store,20,150,0.14,0,2580,780,FALSE
ORD00026,4,45900,45901,CUST00038,Gold,POD64,Roll-On Deodorant,Beauty,Personal Care,ST13,Melbourne Retail - Preston,Preston,VIC,3072,Online,25,100,0.1,50,2300,790,FALSE
ORD00027,1,45412,45412,CUST000149,Bronze,POD52,Face Cleanser,Beauty,Skincare,ST9,Melbourne Retail - Camberwell,Camberwell,VIC,3124,In Store,35,120,0.11,0,3738,1218,FALSE
ORD00027,2,45310,45313,CUST000236,Gold,POD27,Classic Cap,Apparel,Accessories,ST16,Melbourne Retail - South Yarra,South Yarra,VIC,3141,In Store,25,120,0.12,0,2640,840,FALSE
ORD00027,3,45577,45579,CUST000136,Gold,POD9,Screen Protector,Electronics,Mobile Accessories,ST15,Melbourne Retail - St Kilda,St Kilda,VIC,3182,In Store,15,200,0.15,0,2550,750,FALSE
ORD00027,4,45796,45796,CUST00090,Bronze,POD56,Face Mask,Beauty,Skincare,ST1,Melbourne Retail - Melbourne CBD,Melbourne CBD,VIC,3000,In Store,25,130,0.11,0,2892.5,942.5,TRUE
ORD00028,1,45430,45434,CUST000245,Silver,POD17,Fleece Hoodie,Apparel,Tops,ST11,Melbourne Retail - Box Hill,Box Hill,VIC,3128,Pick up,60,90,0.12,0,4752,1512,FALSE
ORD00028,2,45830,45835,CUST00087,Silver,POD19,Chino Pants,Apparel,Bottoms,ST18,Melbourne Retail - Sunshine,Sunshine,VIC,3020,Online,65,75,0.12,50,4340,1405,FALSE
ORD00028,3,45594,45594,CUST000108,Silver,POD65,Electric Toothbrush,Beauty,Personal Care,ST19,Melbourne Retail - Dandenong,Dandenong,VIC,3175,In Store,80,70,0.13,0,4872,1512,FALSE
ORD00028,4,45777,45780,CUST000135,Bronze,POD9,Screen Protector,Electronics,Mobile Accessories,ST11,Melbourne Retail - Box Hill,Box Hill,VIC,3128,Pick up,15,200,0.05,0,2850,1050,FALSE
ORD00029,1,45583,45584,CUST00056,Platinum,POD2,Bluetooth Earbuds,Electronics,Audio Devices,ST8,Melbourne Retail - Hawthorn,Hawthorn,VIC,3122,In Store,90,60,0.13,0,4698,1458,FALSE
ORD00029,2,45353,45355,CUST000246,Silver,POD39,Mesh Office Chair,Home & Living,Furniture,ST8,Melbourne Retail - Hawthorn,Hawthorn,VIC,3122,In Store,200,25,0.09,0,4550,1550,FALSE
ORD00029,3,46017,46021,CUST000111,Platinum,POD13,LED Light Bulb,Electronics,Smart Home,ST2,Melbourne Retail - Southbank,Southbank,VIC,3006,Pick up,18,300,0.14,0,4644,1404,FALSE
ORD00029,4,45519,45524,CUST000119,Silver,POD50,Moisturiser – SPF30,Beauty,Skincare,ST11,Melbourne Retail - Box Hill,Box Hill,VIC,3128,Online,48,100,0.08,50,4466,1576,FALSE
ORD00030,1,45342,45347,CUST000110,Platinum,POD16,Cotton Crew T-Shirt,Apparel,Tops,ST10,Melbourne Retail - Glen Waverley,Glen Waverley,VIC,3150,Pick up,28,140,0.12,0,3449.6,1097.6,FALSE
ORD00030,2,45726,45730,CUST00057,Platinum,POD27,Classic Cap,Apparel,Accessories,ST5,Melbourne Retail - Fitzroy,Fitzroy,VIC,3065,Online,25,120,0.05,50,2900,1090,FALSE
ORD00030,3,45454,45455,CUST000177,Bronze,POD59,Hydrating Conditioner,Beauty,Hair Care,ST15,Melbourne Retail - St Kilda,St Kilda,VIC,3182,Online,35,100,0.08,50,3270,1160,FALSE
ORD00030,4,45479,45483,CUST000258,Silver,POD40,LED Desk Lamp,Home & Living,Lighting,ST17,Melbourne Retail - Footscray,Footscray,VIC,3011,In Store,60,80,0.14,0,4128,1248,FALSE
ORD00031,1,45432,45434,CUST000205,Gold,POD51,Moisturiser – SPF31,Beauty,Skincare,ST9,Melbourne Retail - Camberwell,Camberwell,VIC,3124,In Store,48,100,0.07,0,4464,1584,FALSE
ORD00031,2,45832,45836,CUST000169,Platinum,POD11,Wi-Fi Router,Electronics,Networking,ST16,Melbourne Retail - South Yarra,South Yarra,VIC,3141,Pick up,160,25,0.08,0,3680,1280,FALSE
ORD00031,3,45749,45752,CUST000251,Bronze,POD65,Electric Toothbrush,Beauty,Personal Care,ST13,Melbourne Retail - Preston,Preston,VIC,3072,Pick up,80,70,0.12,0,4928,1568,FALSE
ORD00031,4,45864,45864,CUST000123,Silver,POD64,Roll-On Deodorant,Beauty,Personal Care,ST7,Melbourne Retail - Richmond,Richmond,VIC,3121,Online,25,100,0.15,50,2175,665,TRUE
ORD00032,1,45642,45643,CUST00031,Platinum,POD30,Non-Stick Frypan 28cm,Home & Living,Kitchen & Dining,ST11,Melbourne Retail - Box Hill,Box Hill,VIC,3128,Online,55,80,0.12,50,3922,1272,FALSE
ORD00032,2,46013,46013,CUST000260,Silver,POD57,Shea Lotion,Beauty,Skincare,ST19,Melbourne Retail - Dandenong,Dandenong,VIC,3175,In Store,40,100,0.08,0,3680,1280,FALSE
ORD00032,3,45836,45839,CUST00010,Gold,POD27,Classic Cap,Apparel,Accessories,ST4,Melbourne Retail - Carlton,Carlton,VIC,3053,In Store,25,120,0.11,0,2670,870,FALSE
ORD00032,4,45513,45513,CUST00056,Gold,POD12,Wi-Fi Range Extender,Electronics,Networking,ST16,Melbourne Retail - South Yarra,South Yarra,VIC,3141,Online,95,40,0.15,50,3280,990,FALSE
ORD00033,1,45490,45494,CUST000261,Platinum,POD30,Non-Stick Frypan 28cm,Home & Living,Kitchen & Dining,ST1,Melbourne Retail - Melbourne CBD,Melbourne CBD,VIC,3000,In Store,55,80,0.11,0,3916,1276,FALSE
ORD00033,2,45657,45658,CUST000220,Bronze,POD12,Wi-Fi Range Extender,Electronics,Networking,ST6,Melbourne Retail - Collingwood,Collingwood,VIC,3066,In Store,95,40,0.08,0,3496,1216,FALSE
ORD00033,3,45461,45466,CUST000108,Gold,POD41,Arc Floor Lamp,Home & Living,Lighting,ST18,Melbourne Retail - Sunshine,Sunshine,VIC,3020,Pick up,130,40,0.12,0,4576,1456,FALSE
ORD00033,4,45493,45493,CUST000135,Bronze,POD47,Reed Diffuser – Citrus,Home & Living,Fragrance,ST2,Melbourne Retail - Southbank,Southbank,VIC,3006,Pick up,30,100,0.06,0,2820,1020,FALSE
ORD00034,1,45571,45575,CUST000146,Gold,POD6,USB-C Charger,Electronics,Mobile Accessories,ST20,Melbourne Retail - Frankston,Frankston,VIC,3199,Online,35,120,0.11,50,3788,1258,FALSE
ORD00034,2,45699,45704,CUST000200,Gold,POD45,Scented Candle – Vanilla,Home & Living,Fragrance,ST16,Melbourne Retail - South Yarra,South Yarra,VIC,3141,Pick up,25,150,0.09,0,3412.5,1162.5,FALSE
ORD00034,3,45865,45867,CUST000216,Bronze,POD44,Scented Candle,Home & Living,Fragrance,ST4,Melbourne Retail - Carlton,Carlton,VIC,3053,Online,25,150,0.09,50,3462.5,1202.5,FALSE
ORD00034,4,45644,45649,CUST000209,Platinum,POD43,Woven Storage Basket,Home & Living,Home Decor,ST4,Melbourne Retail - Carlton,Carlton,VIC,3053,Pick up,35,100,0.12,0,3080,980,FALSE
ORD00035,1,45929,45929,CUST00085,Bronze,POD61,Hydrating Shampoo,Beauty,Hair Care,ST17,Melbourne Retail - Footscray,Footscray,VIC,3011,Online,38,90,0.07,50,3230.6,1168.6,FALSE
ORD00035,2,45466,45468,CUST000109,Platinum,POD45,Scented Candle – Vanilla,Home & Living,Fragrance,ST16,Melbourne Retail - South Yarra,South Yarra,VIC,3141,Online,25,150,0.14,50,3275,1015,FALSE
ORD00035,3,45658,45659,CUST000211,Silver,POD63,Eau de Parfum,Beauty,Fragrance,ST7,Melbourne Retail - Richmond,Richmond,VIC,3121,Online,95,50,0.05,50,4562.5,1702.5,TRUE
ORD00035,4,45984,45988,CUST000214,Silver,POD26,Brown Belt,Apparel,Accessories,ST7,Melbourne Retail - Richmond,Richmond,VIC,3121,Pick up,35,100,0.12,0,3080,980,FALSE
ORD00036,1,45375,45378,CUST000200,Gold,POD62,Argan Oil,Beauty,Hair Care,ST16,Melbourne Retail - South Yarra,South Yarra,VIC,3141,In Store,55,60,0.13,0,2871,891,FALSE
ORD00036,2,45473,45474,CUST000110,Bronze,POD66,Razor – 5 Blade,Beauty,Personal Care,ST12,Melbourne Retail - Doncaster,Doncaster,VIC,3108,Pick up,35,90,0.14,0,2709,819,FALSE
ORD00036,3,45778,45778,CUST000176,Gold,POD6,USB-C Charger,Electronics,Mobile Accessories,ST6,Melbourne Retail - Collingwood,Collingwood,VIC,3066,Pick up,35,120,0.09,0,3822,1302,FALSE
ORD00036,4,45357,45358,CUST000118,Silver,POD63,Eau de Parfum,Beauty,Fragrance,ST11,Melbourne Retail - Box Hill,Box Hill,VIC,3128,Online,95,50,0.06,50,4515,1655,FALSE
ORD00037,1,45915,45916,CUST000227,Bronze,POD23,Wool Blend Coat,Apparel,Outerwear,ST9,Melbourne Retail - Camberwell,Camberwell,VIC,3124,In Store,180,30,0.05,0,5130,1890,FALSE
ORD00037,2,45868,45869,CUST000240,Bronze,POD9,Screen Protector,Electronics,Mobile Accessories,ST7,Melbourne Retail - Richmond,Richmond,VIC,3121,Pick up,15,200,0.06,0,2820,1020,FALSE
ORD00037,3,45498,45498,CUST000205,Bronze,POD41,Arc Floor Lamp,Home & Living,Lighting,ST11,Melbourne Retail - Box Hill,Box Hill,VIC,3128,Online,130,40,0.13,50,4574,1444,FALSE
ORD00037,4,45540,45545,CUST000237,Bronze,POD30,Non-Stick Frypan 28cm,Home & Living,Kitchen & Dining,ST9,Melbourne Retail - Camberwell,Camberwell,VIC,3124,Pick up,55,80,0.07,0,4092,1452,FALSE
ORD00038,1,45946,45947,CUST000263,Gold,POD42,Minimal Wall Clock,Home & Living,Home Decor,ST6,Melbourne Retail - Collingwood,Collingwood,VIC,3066,Online,45,90,0.05,50,3897.5,1457.5,FALSE
ORD00038,2,45904,45905,CUST0001,Silver,POD1,Wireless Headphones,Electronics,Audio Devices,ST16,Melbourne Retail - South Yarra,South Yarra,VIC,3141,Pick up,120,50,0.14,0,5160,1560,FALSE
ORD00038,3,45570,45575,CUST00081,Silver,POD54,Repair Serum,Beauty,Serums & Treatments,ST17,Melbourne Retail - Footscray,Footscray,VIC,3011,In Store,65,80,0.08,0,4784,1664,FALSE
ORD00038,4,45297,45299,CUST00037,Silver,POD21,Midi Dress,Apparel,Dresses,ST18,Melbourne Retail - Sunshine,Sunshine,VIC,3020,In Store,95,50,0.08,0,4370,1520,FALSE
ORD00039,1,45882,45882,CUST00013,Silver,POD57,Shea Lotion,Beauty,Skincare,ST20,Melbourne Retail - Frankston,Frankston,VIC,3199,Pick up,40,100,0.09,0,3640,1240,FALSE
ORD00039,2,45689,45690,CUST00041,Silver,POD9,Screen Protector,Electronics,Mobile Accessories,ST18,Melbourne Retail - Sunshine,Sunshine,VIC,3020,In Store,15,200,0.08,0,2760,960,FALSE
ORD00039,3,45920,45921,CUST000226,Platinum,POD54,Repair Serum,Beauty,Serums & Treatments,ST6,Melbourne Retail - Collingwood,Collingwood,VIC,3066,Pick up,65,80,0.09,0,4732,1612,FALSE
ORD00039,4,45946,45949,CUST000219,Platinum,POD64,Roll-On Deodorant,Beauty,Personal Care,ST10,Melbourne Retail - Glen Waverley,Glen Waverley,VIC,3150,Online,25,100,0.12,50,2250,740,FALSE
ORD00040,1,45867,45869,CUST000210,Platinum,POD23,Wool Blend Coat,Apparel,Outerwear,ST8,Melbourne Retail - Hawthorn,Hawthorn,VIC,3122,Online,180,30,0.14,50,4694,1444,FALSE
ORD00040,2,46017,46021,CUST00040,Gold,POD24,White Sneakers,Apparel,Footwear,ST5,Melbourne Retail - Fitzroy,Fitzroy,VIC,3065,Online,100,55,0.13,50,4835,1525,FALSE
ORD00040,3,45467,45468,CUST00046,Gold,POD16,Cotton Crew T-Shirt,Apparel,Tops,ST1,Melbourne Retail - Melbourne CBD,Melbourne CBD,VIC,3000,Online,28,140,0.05,50,3774,1412,FALSE
ORD00040,4,45393,45396,CUST000114,Silver,POD27,Classic Cap,Apparel,Accessories,ST19,Melbourne Retail - Dandenong,Dandenong,VIC,3175,In Store,25,120,0.15,0,2550,750,FALSE
ORD00041,1,45628,45629,CUST0002,Platinum,POD66,Razor – 5 Blade,Beauty,Personal Care,ST9,Melbourne Retail - Camberwell,Camberwell,VIC,3124,In Store,35,90,0.09,0,2866.5,976.5,FALSE
ORD00041,2,45642,45643,CUST000170,Bronze,POD65,Electric Toothbrush,Beauty,Personal Care,ST9,Melbourne Retail - Camberwell,Camberwell,VIC,3124,In Store,80,70,0.1,0,5040,1680,FALSE
ORD00041,3,45875,45875,CUST0001,Bronze,POD40,LED Desk Lamp,Home & Living,Lighting,ST7,Melbourne Retail - Richmond,Richmond,VIC,3121,In Store,60,80,0.07,0,4464,1584,FALSE
ORD00041,4,45607,45610,CUST000184,Silver,POD17,Fleece Hoodie,Apparel,Tops,ST17,Melbourne Retail - Footscray,Footscray,VIC,3011,Pick up,60,90,0.14,0,4644,1404,FALSE
ORD00042,1,45701,45701,CUST00027,Bronze,POD63,Eau de Parfum,Beauty,Fragrance,ST12,Melbourne Retail - Doncaster,Doncaster,VIC,3108,Online,95,50,0.12,50,4230,1370,FALSE
ORD00042,2,45820,45820,CUST000142,Gold,POD39,Mesh Office Chair,Home & Living,Furniture,ST17,Melbourne Retail - Footscray,Footscray,VIC,3011,In Store,200,25,0.05,0,4750,1750,FALSE
ORD00042,3,45925,45928,CUST00072,Platinum,POD41,Arc Floor Lamp,Home & Living,Lighting,ST8,Melbourne Retail - Hawthorn,Hawthorn,VIC,3122,Pick up,130,40,0.09,0,4732,1612,FALSE
ORD00042,4,45759,45764,CUST000207,Silver,POD31,Knife Set (5-Piece),Home & Living,Kitchen & Dining,ST10,Melbourne Retail - Glen Waverley,Glen Waverley,VIC,3150,Pick up,85,70,0.14,0,5117,1547,FALSE
ORD00043,1,45305,45308,CUST000142,Platinum,POD36,All-Seasons Duvet Quilt,Home & Living,Bedding,ST12,Melbourne Retail - Doncaster,Doncaster,VIC,3108,Pick up,120,50,0.09,0,5460,1860,TRUE
ORD00043,2,45576,45576,CUST00085,Gold,POD40,LED Desk Lamp,Home & Living,Lighting,ST19,Melbourne Retail - Dandenong,Dandenong,VIC,3175,In Store,60,80,0.11,0,4272,1392,FALSE
ORD00043,3,45392,45396,CUST00053,Bronze,POD44,Scented Candle,Home & Living,Fragrance,ST3,Melbourne Retail - Docklands,Docklands,VIC,3008,Online,25,150,0.09,50,3462.5,1202.5,FALSE
ORD00043,4,45563,45563,CUST00068,Bronze,POD39,Mesh Office Chair,Home & Living,Furniture,ST13,Melbourne Retail - Preston,Preston,VIC,3072,In Store,200,25,0.12,0,4400,1400,FALSE
ORD00044,1,46006,46011,CUST000109,Bronze,POD32,Bamboo Cutting Board,Home & Living,Kitchen & Dining,ST8,Melbourne Retail - Hawthorn,Hawthorn,VIC,3122,Pick up,30,100,0.09,0,2730,930,FALSE
ORD00044,2,45801,45805,CUST00083,Bronze,POD58,Rose Cream,Beauty,Skincare,ST2,Melbourne Retail - Southbank,Southbank,VIC,3006,Pick up,42,90,0.08,0,3477.6,1209.6,TRUE
ORD00044,3,45791,45792,CUST00093,Gold,POD22,Mid-Length Jacket,Apparel,Outerwear,ST19,Melbourne Retail - Dandenong,Dandenong,VIC,3175,Online,120,45,0.09,50,4964,1714,FALSE
ORD00044,4,45375,45378,CUST000238,Silver,POD43,Woven Storage Basket,Home & Living,Home Decor,ST10,Melbourne Retail - Glen Waverley,Glen Waverley,VIC,3150,Pick up,35,100,0.15,0,2975,875,FALSE
ORD00045,1,45421,45422,CUST00010,Silver,POD10,Clear Phone Case,Electronics,Mobile Accessories,ST20,Melbourne Retail - Frankston,Frankston,VIC,3199,Online,20,180,0.1,50,3290,1120,FALSE
ORD00045,2,45426,45427,CUST000123,Gold,POD19,Chino Pants,Apparel,Bottoms,ST20,Melbourne Retail - Frankston,Frankston,VIC,3199,Pick up,65,75,0.13,0,4241.25,1316.25,FALSE
ORD00045,3,45707,45707,CUST00064,Silver,POD49,Face Moisturiser,Beauty,Skincare,ST20,Melbourne Retail - Frankston,Frankston,VIC,3199,In Store,45,100,0.14,0,3870,1170,FALSE
ORD00045,4,45813,45814,CUST000200,Bronze,POD36,All-Seasons Duvet Quilt,Home & Living,Bedding,ST5,Melbourne Retail - Fitzroy,Fitzroy,VIC,3065,Pick up,120,50,0.12,0,5280,1680,FALSE
ORD00046,1,45422,45425,CUST000244,Silver,POD16,Cotton Crew T-Shirt,Apparel,Tops,ST18,Melbourne Retail - Sunshine,Sunshine,VIC,3020,Pick up,28,140,0.08,0,3606.4,1254.4,FALSE
ORD00046,2,45453,45455,CUST00015,Bronze,POD2,Bluetooth Earbuds,Electronics,Audio Devices,ST15,Melbourne Retail - St Kilda,St Kilda,VIC,3182,In Store,90,60,0.13,0,4698,1458,FALSE
ORD00046,3,45990,45993,CUST000106,Bronze,POD66,Razor – 5 Blade,Beauty,Personal Care,ST1,Melbourne Retail - Melbourne CBD,Melbourne CBD,VIC,3000,Pick up,35,90,0.15,0,2677.5,787.5,FALSE
ORD00046,4,45998,46000,CUST000135,Silver,POD57,Shea Lotion,Beauty,Skincare,ST1,Melbourne Retail - Melbourne CBD,Melbourne CBD,VIC,3000,In Store,40,100,0.07,0,3720,1320,FALSE
ORD00047,1,45723,45727,CUST000102,Gold,POD42,Minimal Wall Clock,Home & Living,Home Decor,ST14,Melbourne Retail - Brunswick,Brunswick,VIC,3056,Pick up,45,90,0.14,0,3483,1053,FALSE
ORD00047,2,45305,45308,CUST000191,Silver,POD58,Rose Cream,Beauty,Skincare,ST8,Melbourne Retail - Hawthorn,Hawthorn,VIC,3122,Pick up,42,90,0.12,0,3326.4,1058.4,FALSE
ORD00047,3,45699,45703,CUST00054,Bronze,POD14,Wall Plug (2-Pack),Electronics,Smart Home,ST3,Melbourne Retail - Docklands,Docklands,VIC,3008,In Store,22,200,0.13,0,3828,1188,FALSE
ORD00047,4,45572,45577,CUST00093,Bronze,POD46,Scented Candle – Lavender,Home & Living,Fragrance,ST3,Melbourne Retail - Docklands,Docklands,VIC,3008,Online,25,150,0.15,50,3237.5,977.5,FALSE
ORD00048,1,45359,45360,CUST00047,Bronze,POD63,Eau de Parfum,Beauty,Fragrance,ST5,Melbourne Retail - Fitzroy,Fitzroy,VIC,3065,Pick up,95,50,0.14,0,4085,1235,FALSE
ORD00048,2,45671,45676,CUST000188,Gold,POD42,Minimal Wall Clock,Home & Living,Home Decor,ST19,Melbourne Retail - Dandenong,Dandenong,VIC,3175,Pick up,45,90,0.06,0,3807,1377,FALSE
ORD00048,3,45450,45453,CUST00056,Platinum,POD50,Moisturiser – SPF30,Beauty,Skincare,ST15,Melbourne Retail - St Kilda,St Kilda,VIC,3182,Online,48,100,0.15,50,4130,1240,FALSE
ORD00048,4,45832,45834,CUST000252,Gold,POD38,Oak Side Table,Home & Living,Furniture,ST16,Melbourne Retail - South Yarra,South Yarra,VIC,3141,In Store,150,30,0.09,0,4095,1395,FALSE
ORD00049,1,45835,45839,CUST000104,Gold,POD40,LED Desk Lamp,Home & Living,Lighting,ST15,Melbourne Retail - St Kilda,St Kilda,VIC,3182,Pick up,60,80,0.06,0,4512,1632,FALSE
ORD00049,2,45623,45627,CUST000104,Platinum,POD3,Bluetooth Speaker,Electronics,Audio Devices,ST3,Melbourne Retail - Docklands,Docklands,VIC,3008,In Store,110,40,0.11,0,3916,1276,FALSE
ORD00049,3,45613,45617,CUST000223,Bronze,POD34,Cotton Throw Blanket,Home & Living,Bedding,ST19,Melbourne Retail - Dandenong,Dandenong,VIC,3175,Online,60,70,0.12,50,3746,1216,FALSE
ORD00049,4,45339,45344,CUST00078,Silver,POD17,Fleece Hoodie,Apparel,Tops,ST1,Melbourne Retail - Melbourne CBD,Melbourne CBD,VIC,3000,Pick up,60,90,0.15,0,4590,1350,FALSE
ORD00050,1,45721,45725,CUST000215,Silver,POD2,Bluetooth Earbuds,Electronics,Audio Devices,ST7,Melbourne Retail - Richmond,Richmond,VIC,3121,Pick up,90,60,0.09,0,4914,1674,FALSE
ORD00050,2,45905,45910,CUST000237,Bronze,POD63,Eau de Parfum,Beauty,Fragrance,ST17,Melbourne Retail - Footscray,Footscray,VIC,3011,Online,95,50,0.07,50,4467.5,1607.5,FALSE
ORD00050,3,45704,45705,CUST000211,Platinum,POD19,Chino Pants,Apparel,Bottoms,ST11,Melbourne Retail - Box Hill,Box Hill,VIC,3128,Online,65,75,0.09,50,4486.25,1551.25,FALSE
ORD00050,4,45628,45631,CUST00083,Bronze,POD39,Mesh Office Chair,Home & Living,Furniture,ST4,Melbourne Retail - Carlton,Carlton,VIC,3053,In Store,200,25,0.06,0,4700,1700,FALSE
ORD00051,1,45541,45543,CUST000176,Silver,POD33,Cotton Bedsheet Set,Home & Living,Bedding,ST16,Melbourne Retail - South Yarra,South Yarra,VIC,3141,In Store,95,60,0.06,0,5358,1938,FALSE
ORD00051,2,45743,45744,CUST00096,Platinum,POD45,Scented Candle – Vanilla,Home & Living,Fragrance,ST7,Melbourne Retail - Richmond,Richmond,VIC,3121,Pick up,25,150,0.11,0,3337.5,1087.5,FALSE
ORD00051,4,45729,45734,CUST00027,Platinum,POD46,Scented Candle – Lavender,Home & Living,Fragrance,ST13,Melbourne Retail - Preston,Preston,VIC,3072,Online,25,150,0.05,50,3612.5,1352.5,FALSE
ORD00052,1,45833,45837,CUST000126,Bronze,POD16,Cotton Crew T-Shirt,Apparel,Tops,ST17,Melbourne Retail - Footscray,Footscray,VIC,3011,Pick up,28,140,0.12,0,3449.6,1097.6,FALSE
ORD00052,2,45540,45543,CUST00063,Gold,POD41,Arc Floor Lamp,Home & Living,Lighting,ST6,Melbourne Retail - Collingwood,Collingwood,VIC,3066,Pick up,130,40,0.13,0,4524,1404,FALSE
ORD00052,3,46009,46010,CUST000219,Gold,POD64,Roll-On Deodorant,Beauty,Personal Care,ST7,Melbourne Retail - Richmond,Richmond,VIC,3121,In Store,25,100,0.07,0,2325,825,FALSE
ORD00052,4,45708,45713,CUST00069,Bronze,POD61,Hydrating Shampoo,Beauty,Hair Care,ST1,Melbourne Retail - Melbourne CBD,Melbourne CBD,VIC,3000,In Store,38,90,0.13,0,2975.4,923.4,FALSE
ORD00053,1,45570,45571,CUST000252,Bronze,POD32,Bamboo Cutting Board,Home & Living,Kitchen & Dining,ST7,Melbourne Retail - Richmond,Richmond,VIC,3121,Pick up,30,100,0.07,0,2790,990,FALSE
ORD00053,2,45538,45539,CUST000224,Gold,POD59,Hydrating Conditioner,Beauty,Hair Care,ST16,Melbourne Retail - South Yarra,South Yarra,VIC,3141,Online,35,100,0.11,50,3165,1055,FALSE
ORD00053,3,45777,45778,CUST000144,Platinum,POD8,Lightning Cable,Electronics,Mobile Accessories,ST17,Melbourne Retail - Footscray,Footscray,VIC,3011,Pick up,25,150,0.06,0,3525,1275,FALSE
ORD00053,4,45948,45951,CUST00017,Silver,POD42,Minimal Wall Clock,Home & Living,Home Decor,ST1,Melbourne Retail - Melbourne CBD,Melbourne CBD,VIC,3000,Online,45,90,0.13,50,3573.5,1133.5,FALSE
ORD00054,1,45488,45490,CUST00057,Platinum,POD14,Wall Plug (2-Pack),Electronics,Smart Home,ST1,Melbourne Retail - Melbourne CBD,Melbourne CBD,VIC,3000,Online,22,200,0.06,50,4186,1536,FALSE
ORD00054,2,45680,45682,CUST00062,Platinum,POD43,Woven Storage Basket,Home & Living,Home Decor,ST18,Melbourne Retail - Sunshine,Sunshine,VIC,3020,Online,35,100,0.08,50,3270,1160,FALSE
ORD00054,3,45562,45564,CUST000142,Bronze,POD2,Bluetooth Earbuds,Electronics,Audio Devices,ST6,Melbourne Retail - Collingwood,Collingwood,VIC,3066,Pick up,90,60,0.09,0,4914,1674,FALSE
ORD00054,4,45608,45609,CUST000163,Gold,POD4,4K Monitor,Electronics,Computer Accessories,ST11,Melbourne Retail - Box Hill,Box Hill,VIC,3128,In Store,450,30,0.05,0,12825,4725,FALSE
ORD00055,1,45879,45884,CUST00020,Platinum,POD62,Argan Oil,Beauty,Hair Care,ST14,Melbourne Retail - Brunswick,Brunswick,VIC,3056,Pick up,55,60,0.13,0,2871,891,FALSE
ORD00055,2,45676,45677,CUST00078,Gold,POD24,White Sneakers,Apparel,Footwear,ST4,Melbourne Retail - Carlton,Carlton,VIC,3053,Online,100,55,0.08,50,5110,1800,FALSE
ORD00055,3,45587,45587,CUST000120,Gold,POD12,Wi-Fi Range Extender,Electronics,Networking,ST18,Melbourne Retail - Sunshine,Sunshine,VIC,3020,In Store,95,40,0.14,0,3268,988,FALSE
ORD00055,4,45887,45891,CUST00038,Gold,POD63,Eau de Parfum,Beauty,Fragrance,ST7,Melbourne Retail - Richmond,Richmond,VIC,3121,In Store,95,50,0.12,0,4180,1330,FALSE
ORD00056,1,45512,45517,CUST000223,Silver,POD28,Socks (5-Pack),Apparel,Accessories,ST4,Melbourne Retail - Carlton,Carlton,VIC,3053,Online,20,150,0.1,50,2750,940,FALSE
ORD00056,2,45509,45511,CUST000149,Gold,POD8,Lightning Cable,Electronics,Mobile Accessories,ST7,Melbourne Retail - Richmond,Richmond,VIC,3121,Pick up,25,150,0.15,0,3187.5,937.5,FALSE
ORD00056,3,45767,45771,CUST000221,Silver,POD62,Argan Oil,Beauty,Hair Care,ST6,Melbourne Retail - Collingwood,Collingwood,VIC,3066,In Store,55,60,0.09,0,3003,1023,FALSE
ORD00056,4,46020,46025,CUST000181,Silver,POD46,Scented Candle – Lavender,Home & Living,Fragrance,ST13,Melbourne Retail - Preston,Preston,VIC,3072,In Store,25,150,0.06,0,3525,1275,FALSE
ORD00057,1,45831,45833,CUST000170,Bronze,POD1,Wireless Headphones,Electronics,Audio Devices,ST16,Melbourne Retail - South Yarra,South Yarra,VIC,3141,Pick up,120,50,0.11,0,5340,1740,FALSE
ORD00057,2,45580,45585,CUST000156,Silver,POD54,Repair Serum,Beauty,Serums & Treatments,ST3,Melbourne Retail - Docklands,Docklands,VIC,3008,Online,65,80,0.1,50,4730,1600,FALSE
ORD00057,3,45547,45550,CUST000169,Silver,POD1,Wireless Headphones,Electronics,Audio Devices,ST2,Melbourne Retail - Southbank,Southbank,VIC,3006,Pick up,120,50,0.08,0,5520,1920,FALSE
ORD00057,4,45872,45872,CUST00046,Gold,POD40,LED Desk Lamp,Home & Living,Lighting,ST14,Melbourne Retail - Brunswick,Brunswick,VIC,3056,Online,60,80,0.08,50,4466,1576,FALSE
ORD00058,1,45690,45690,CUST00098,Silver,POD1,Wireless Headphones,Electronics,Audio Devices,ST15,Melbourne Retail - St Kilda,St Kilda,VIC,3182,Pick up,120,50,0.14,0,5160,1560,FALSE
ORD00058,2,45801,45803,CUST000228,Platinum,POD64,Roll-On Deodorant,Beauty,Personal Care,ST15,Melbourne Retail - St Kilda,St Kilda,VIC,3182,Online,25,100,0.11,50,2275,765,FALSE
ORD00058,4,45912,45913,CUST000234,Platinum,POD8,Lightning Cable,Electronics,Mobile Accessories,ST4,Melbourne Retail - Carlton,Carlton,VIC,3053,In Store,25,150,0.09,0,3412.5,1162.5,FALSE
ORD00059,1,45666,45667,CUST000118,Gold,POD22,Mid-Length Jacket,Apparel,Outerwear,ST11,Melbourne Retail - Box Hill,Box Hill,VIC,3128,In Store,120,45,0.13,0,4698,1458,FALSE
ORD00059,2,45982,45986,CUST000174,Platinum,POD1,Wireless Headphones,Electronics,Audio Devices,ST5,Melbourne Retail - Fitzroy,Fitzroy,VIC,3065,Online,120,50,0.14,50,5210,1600,FALSE
ORD00059,3,45842,45845,CUST000134,Gold,POD49,Face Moisturiser,Beauty,Skincare,ST20,Melbourne Retail - Frankston,Frankston,VIC,3199,Online,45,100,0.08,50,4190,1480,TRUE
ORD00059,4,45947,45951,CUST000233,Bronze,POD18,Slim Fit Jeans,Apparel,Bottoms,ST11,Melbourne Retail - Box Hill,Box Hill,VIC,3128,In Store,70,80,0.06,0,5264,1904,FALSE
ORD00060,1,45976,45978,CUST000119,Silver,POD22,Mid-Length Jacket,Apparel,Outerwear,ST14,Melbourne Retail - Brunswick,Brunswick,VIC,3056,Pick up,120,45,0.12,0,4752,1512,FALSE
ORD00060,2,45570,45570,CUST000260,Gold,POD19,Chino Pants,Apparel,Bottoms,ST11,Melbourne Retail - Box Hill,Box Hill,VIC,3128,In Store,65,75,0.12,0,4290,1365,FALSE
ORD00060,3,45835,45838,CUST000217,Platinum,POD41,Arc Floor Lamp,Home & Living,Lighting,ST3,Melbourne Retail - Docklands,Docklands,VIC,3008,In Store,130,40,0.12,0,4576,1456,FALSE
ORD00060,4,46009,46009,CUST000175,Silver,POD53,Eucalyptus Face Wash,Beauty,Skincare,ST3,Melbourne Retail - Docklands,Docklands,VIC,3008,Online,38,110,0.1,50,3812,1294,FALSE
ORD00061,1,45503,45504,CUST000247,Bronze,POD21,Midi Dress,Apparel,Dresses,ST6,Melbourne Retail - Collingwood,Collingwood,VIC,3066,In Store,95,50,0.11,0,4227.5,1377.5,FALSE
ORD00061,2,45488,45490,CUST00013,Silver,POD20,High-Waist Jeans,Apparel,Bottoms,ST18,Melbourne Retail - Sunshine,Sunshine,VIC,3020,In Store,80,60,0.1,0,4320,1440,FALSE
ORD00061,3,45865,45865,CUST00087,Bronze,POD44,Scented Candle,Home & Living,Fragrance,ST6,Melbourne Retail - Collingwood,Collingwood,VIC,3066,Pick up,25,150,0.09,0,3412.5,1162.5,FALSE
ORD00061,4,45802,45802,CUST000137,Bronze,POD43,Woven Storage Basket,Home & Living,Home Decor,ST18,Melbourne Retail - Sunshine,Sunshine,VIC,3020,In Store,35,100,0.1,0,3150,1050,FALSE
ORD00062,2,45807,45808,CUST000198,Silver,POD14,Wall Plug (2-Pack),Electronics,Smart Home,ST10,Melbourne Retail - Glen Waverley,Glen Waverley,VIC,3150,In Store,22,200,0.12,0,3872,1232,FALSE
ORD00062,3,45536,45540,CUST00027,Gold,POD28,Socks (5-Pack),Apparel,Accessories,ST13,Melbourne Retail - Preston,Preston,VIC,3072,In Store,20,150,0.06,0,2820,1020,FALSE
ORD00062,4,45968,45969,CUST00039,Platinum,POD28,Socks (5-Pack),Apparel,Accessories,ST4,Melbourne Retail - Carlton,Carlton,VIC,3053,Online,20,150,0.09,50,2780,970,FALSE
ORD00063,1,45822,45822,CUST000148,Bronze,POD34,Cotton Throw Blanket,Home & Living,Bedding,ST19,Melbourne Retail - Dandenong,Dandenong,VIC,3175,Online,60,70,0.11,50,3788,1258,FALSE
ORD00063,2,45338,45342,CUST00071,Bronze,POD28,Socks (5-Pack),Apparel,Accessories,ST7,Melbourne Retail - Richmond,Richmond,VIC,3121,Pick up,20,150,0.09,0,2730,930,TRUE
ORD00063,3,45788,45788,CUST00077,Gold,POD25,Women’s Shoes,Apparel,Footwear,ST13,Melbourne Retail - Preston,Preston,VIC,3072,Pick up,110,50,0.09,0,5005,1705,FALSE
ORD00063,4,45508,45511,CUST000166,Silver,POD59,Hydrating Conditioner,Beauty,Hair Care,ST13,Melbourne Retail - Preston,Preston,VIC,3072,Online,35,100,0.15,50,3025,915,FALSE
ORD00064,1,45894,45895,CUST000158,Bronze,POD55,Vitamin C Serum,Beauty,Serums & Treatments,ST15,Melbourne Retail - St Kilda,St Kilda,VIC,3182,Pick up,70,75,0.07,0,4882.5,1732.5,FALSE
ORD00064,2,45494,45496,CUST000196,Gold,POD11,Wi-Fi Router,Electronics,Networking,ST4,Melbourne Retail - Carlton,Carlton,VIC,3053,Pick up,160,25,0.07,0,3720,1320,FALSE
ORD00064,3,45859,45862,CUST00052,Silver,POD29,Ceramic Mug,Home & Living,Kitchen & Dining,ST6,Melbourne Retail - Collingwood,Collingwood,VIC,3066,Pick up,15,200,0.11,0,2670,870,FALSE
ORD00064,4,45763,45765,CUST000167,Bronze,POD59,Hydrating Conditioner,Beauty,Hair Care,ST7,Melbourne Retail - Richmond,Richmond,VIC,3121,Online,35,100,0.15,50,3025,915,FALSE
ORD00065,1,45514,45517,CUST000183,Bronze,POD40,LED Desk Lamp,Home & Living,Lighting,ST19,Melbourne Retail - Dandenong,Dandenong,VIC,3175,In Store,60,80,0.08,0,4416,1536,FALSE
ORD00065,2,45930,45935,CUST000251,Silver,POD31,Knife Set (5-Piece),Home & Living,Kitchen & Dining,ST6,Melbourne Retail - Collingwood,Collingwood,VIC,3066,Pick up,85,70,0.05,0,5652.5,2082.5,FALSE
ORD00065,3,45377,45380,CUST000222,Gold,POD63,Eau de Parfum,Beauty,Fragrance,ST18,Melbourne Retail - Sunshine,Sunshine,VIC,3020,Online,95,50,0.08,50,4420,1560,FALSE
ORD00065,4,45907,45909,CUST000136,Gold,POD6,USB-C Charger,Electronics,Mobile Accessories,ST10,Melbourne Retail - Glen Waverley,Glen Waverley,VIC,3150,Online,35,120,0.15,50,3620,1090,FALSE
ORD00066,1,45982,45987,CUST00076,Silver,POD18,Slim Fit Jeans,Apparel,Bottoms,ST19,Melbourne Retail - Dandenong,Dandenong,VIC,3175,Pick up,70,80,0.13,0,4872,1512,FALSE
ORD00066,2,45928,45929,CUST00055,Silver,POD49,Face Moisturiser,Beauty,Skincare,ST8,Melbourne Retail - Hawthorn,Hawthorn,VIC,3122,Pick up,45,100,0.09,0,4095,1395,FALSE
ORD00066,3,45807,45811,CUST000205,Gold,POD66,Razor – 5 Blade,Beauty,Personal Care,ST2,Melbourne Retail - Southbank,Southbank,VIC,3006,Online,35,90,0.1,50,2885,985,FALSE
ORD00066,4,45306,45306,CUST000184,Gold,POD21,Midi Dress,Apparel,Dresses,ST9,Melbourne Retail - Camberwell,Camberwell,VIC,3124,Pick up,95,50,0.09,0,4322.5,1472.5,FALSE
ORD00067,1,45580,45585,CUST00014,Gold,POD18,Slim Fit Jeans,Apparel,Bottoms,ST20,Melbourne Retail - Frankston,Frankston,VIC,3199,Pick up,70,80,0.05,0,5320,1960,FALSE
ORD00067,2,45333,45337,CUST000219,Platinum,POD7,"Power Bank 10,000mAh",Electronics,Mobile Accessories,ST14,Melbourne Retail - Brunswick,Brunswick,VIC,3056,In Store,60,80,0.08,0,4416,1536,FALSE
ORD00067,3,45723,45724,CUST000151,Gold,POD13,LED Light Bulb,Electronics,Smart Home,ST9,Melbourne Retail - Camberwell,Camberwell,VIC,3124,In Store,18,300,0.11,0,4806,1566,FALSE
ORD00067,4,45330,45332,CUST00035,Silver,POD20,High-Waist Jeans,Apparel,Bottoms,ST4,Melbourne Retail - Carlton,Carlton,VIC,3053,Online,80,60,0.11,50,4322,1432,FALSE
ORD00068,1,45621,45621,CUST000130,Platinum,POD4,4K Monitor,Electronics,Computer Accessories,ST4,Melbourne Retail - Carlton,Carlton,VIC,3053,Online,450,30,0.12,50,11930,3820,FALSE
ORD00068,2,45637,45637,CUST00087,Gold,POD53,Eucalyptus Face Wash,Beauty,Skincare,ST8,Melbourne Retail - Hawthorn,Hawthorn,VIC,3122,Pick up,38,110,0.13,0,3636.6,1128.6,FALSE
ORD00068,4,45931,45934,CUST000142,Gold,POD64,Roll-On Deodorant,Beauty,Personal Care,ST12,Melbourne Retail - Doncaster,Doncaster,VIC,3108,Pick up,25,100,0.07,0,2325,825,FALSE
ORD00069,1,45673,45673,CUST000207,Silver,POD55,Vitamin C Serum,Beauty,Serums & Treatments,ST9,Melbourne Retail - Camberwell,Camberwell,VIC,3124,Pick up,70,75,0.09,0,4777.5,1627.5,FALSE
ORD00069,2,45674,45679,CUST000187,Bronze,POD62,Argan Oil,Beauty,Hair Care,ST11,Melbourne Retail - Box Hill,Box Hill,VIC,3128,Pick up,55,60,0.11,0,2937,957,FALSE
ORD00069,3,45665,45667,CUST00022,Platinum,POD43,Woven Storage Basket,Home & Living,Home Decor,ST3,Melbourne Retail - Docklands,Docklands,VIC,3008,Online,35,100,0.14,50,3060,950,FALSE
ORD00069,4,45395,45400,CUST00095,Bronze,POD15,Cotton T-Shirt,Apparel,Tops,ST1,Melbourne Retail - Melbourne CBD,Melbourne CBD,VIC,3000,In Store,25,150,0.12,0,3300,1050,FALSE
ORD00070,1,45387,45390,CUST000158,Bronze,POD7,"Power Bank 10,000mAh",Electronics,Mobile Accessories,ST6,Melbourne Retail - Collingwood,Collingwood,VIC,3066,In Store,60,80,0.15,0,4080,1200,FALSE
ORD00070,2,45349,45350,CUST000211,Bronze,POD34,Cotton Throw Blanket,Home & Living,Bedding,ST8,Melbourne Retail - Hawthorn,Hawthorn,VIC,3122,Pick up,60,70,0.12,0,3696,1176,FALSE
ORD00070,3,45483,45485,CUST000227,Gold,POD48,Essential Oil – Eucalyptus,Home & Living,Fragrance,ST8,Melbourne Retail - Hawthorn,Hawthorn,VIC,3122,In Store,35,80,0.13,0,2436,756,FALSE
ORD00070,4,45820,45825,CUST000126,Platinum,POD27,Classic Cap,Apparel,Accessories,ST9,Melbourne Retail - Camberwell,Camberwell,VIC,3124,In Store,25,120,0.12,0,2640,840,TRUE
ORD00071,1,45525,45526,CUST00052,Bronze,POD58,Rose Cream,Beauty,Skincare,ST11,Melbourne Retail - Box Hill,Box Hill,VIC,3128,In Store,42,90,0.1,0,3402,1134,FALSE
ORD00071,2,45478,45480,CUST000221,Bronze,POD36,All-Seasons Duvet Quilt,Home & Living,Bedding,ST11,Melbourne Retail - Box Hill,Box Hill,VIC,3128,Online,120,50,0.07,50,5630,2020,FALSE
ORD00071,3,45813,45813,CUST00042,Silver,POD15,Cotton T-Shirt,Apparel,Tops,ST14,Melbourne Retail - Brunswick,Brunswick,VIC,3056,Pick up,25,150,0.07,0,3487.5,1237.5,FALSE
ORD00071,4,45928,45932,CUST000130,Platinum,POD57,Shea Lotion,Beauty,Skincare,ST9,Melbourne Retail - Camberwell,Camberwell,VIC,3124,Pick up,40,100,0.13,0,3480,1080,FALSE
ORD00072,1,45593,45593,CUST000198,Bronze,POD2,Bluetooth Earbuds,Electronics,Audio Devices,ST10,Melbourne Retail - Glen Waverley,Glen Waverley,VIC,3150,Pick up,90,60,0.08,0,4968,1728,TRUE
ORD00072,2,45553,45556,CUST000224,Bronze,POD29,Ceramic Mug,Home & Living,Kitchen & Dining,ST6,Melbourne Retail - Collingwood,Collingwood,VIC,3066,In Store,15,200,0.11,0,2670,870,FALSE
ORD00072,3,45500,45502,CUST000175,Bronze,POD26,Brown Belt,Apparel,Accessories,ST18,Melbourne Retail - Sunshine,Sunshine,VIC,3020,Online,35,100,0.07,50,3305,1195,FALSE
ORD00072,4,45811,45815,CUST000101,Bronze,POD5,Wireless Mouse,Electronics,Computer Accessories,ST11,Melbourne Retail - Box Hill,Box Hill,VIC,3128,Online,45,100,0.08,50,4190,1480,FALSE
ORD00073,1,45692,45694,CUST000187,Bronze,POD9,Screen Protector,Electronics,Mobile Accessories,ST10,Melbourne Retail - Glen Waverley,Glen Waverley,VIC,3150,Online,15,200,0.08,50,2810,1000,FALSE
ORD00073,2,45352,45356,CUST000229,Platinum,POD5,Wireless Mouse,Electronics,Computer Accessories,ST3,Melbourne Retail - Docklands,Docklands,VIC,3008,Online,45,100,0.13,50,3965,1255,FALSE
ORD00073,3,45751,45755,CUST00033,Gold,POD53,Eucalyptus Face Wash,Beauty,Skincare,ST5,Melbourne Retail - Fitzroy,Fitzroy,VIC,3065,Online,38,110,0.06,50,3979.2,1461.2,FALSE
ORD00073,4,45584,45587,CUST000223,Gold,POD8,Lightning Cable,Electronics,Mobile Accessories,ST4,Melbourne Retail - Carlton,Carlton,VIC,3053,Online,25,150,0.15,50,3237.5,977.5,FALSE
ORD00074,1,45964,45967,CUST000227,Bronze,POD47,Reed Diffuser – Citrus,Home & Living,Fragrance,ST8,Melbourne Retail - Hawthorn,Hawthorn,VIC,3122,In Store,30,100,0.14,0,2580,780,FALSE
ORD00074,2,45795,45799,CUST000216,Silver,POD10,Clear Phone Case,Electronics,Mobile Accessories,ST4,Melbourne Retail - Carlton,Carlton,VIC,3053,Online,20,180,0.13,50,3182,1012,FALSE
ORD00074,3,45395,45398,CUST000140,Gold,POD2,Bluetooth Earbuds,Electronics,Audio Devices,ST17,Melbourne Retail - Footscray,Footscray,VIC,3011,In Store,90,60,0.05,0,5130,1890,FALSE
ORD00074,4,45584,45586,CUST000137,Platinum,POD21,Midi Dress,Apparel,Dresses,ST20,Melbourne Retail - Frankston,Frankston,VIC,3199,In Store,95,50,0.06,0,4465,1615,FALSE
ORD00075,1,45469,45472,CUST00075,Gold,POD43,Woven Storage Basket,Home & Living,Home Decor,ST2,Melbourne Retail - Southbank,Southbank,VIC,3006,In Store,35,100,0.15,0,2975,875,FALSE
ORD00075,2,45714,45717,CUST000249,Platinum,POD6,USB-C Charger,Electronics,Mobile Accessories,ST19,Melbourne Retail - Dandenong,Dandenong,VIC,3175,Pick up,35,120,0.06,0,3948,1428,FALSE
ORD00075,3,45891,45896,CUST000130,Silver,POD31,Knife Set (5-Piece),Home & Living,Kitchen & Dining,ST12,Melbourne Retail - Doncaster,Doncaster,VIC,3108,Online,85,70,0.11,50,5345.5,1765.5,TRUE
ORD00076,1,45412,45416,CUST000205,Bronze,POD22,Mid-Length Jacket,Apparel,Outerwear,ST5,Melbourne Retail - Fitzroy,Fitzroy,VIC,3065,Online,120,45,0.09,50,4964,1714,FALSE
ORD00076,2,45398,45399,CUST000186,Platinum,POD3,Bluetooth Speaker,Electronics,Audio Devices,ST11,Melbourne Retail - Box Hill,Box Hill,VIC,3128,In Store,110,40,0.14,0,3784,1144,FALSE
ORD00076,3,45577,45582,CUST000262,Platinum,POD58,Rose Cream,Beauty,Skincare,ST17,Melbourne Retail - Footscray,Footscray,VIC,3011,Pick up,42,90,0.08,0,3477.6,1209.6,FALSE
ORD00076,4,45707,45708,CUST00063,Gold,POD34,Cotton Throw Blanket,Home & Living,Bedding,ST15,Melbourne Retail - St Kilda,St Kilda,VIC,3182,In Store,60,70,0.07,0,3906,1386,FALSE
ORD00077,1,45388,45393,CUST000149,Gold,POD15,Cotton T-Shirt,Apparel,Tops,ST9,Melbourne Retail - Camberwell,Camberwell,VIC,3124,Pick up,25,150,0.15,0,3187.5,937.5,FALSE
ORD00077,2,45955,45958,CUST000223,Bronze,POD36,All-Seasons Duvet Quilt,Home & Living,Bedding,ST9,Melbourne Retail - Camberwell,Camberwell,VIC,3124,In Store,120,50,0.13,0,5220,1620,FALSE
ORD00077,3,45654,45655,CUST000151,Silver,POD65,Electric Toothbrush,Beauty,Personal Care,ST1,Melbourne Retail - Melbourne CBD,Melbourne CBD,VIC,3000,Online,80,70,0.06,50,5314,1944,FALSE
ORD00077,4,45353,45356,CUST000197,Silver,POD12,Wi-Fi Range Extender,Electronics,Networking,ST20,Melbourne Retail - Frankston,Frankston,VIC,3199,In Store,95,40,0.14,0,3268,988,FALSE
ORD00078,1,45980,45983,CUST000245,Bronze,POD22,Mid-Length Jacket,Apparel,Outerwear,ST17,Melbourne Retail - Footscray,Footscray,VIC,3011,Pick up,120,45,0.09,0,4914,1674,FALSE
ORD00078,2,45915,45916,CUST00010,Bronze,POD51,Moisturiser – SPF31,Beauty,Skincare,ST13,Melbourne Retail - Preston,Preston,VIC,3072,Online,48,100,0.15,50,4130,1240,FALSE
ORD00078,3,45545,45549,CUST000159,Platinum,POD13,LED Light Bulb,Electronics,Smart Home,ST17,Melbourne Retail - Footscray,Footscray,VIC,3011,In Store,18,300,0.12,0,4752,1512,FALSE
ORD00078,4,45788,45788,CUST00050,Gold,POD3,Bluetooth Speaker,Electronics,Audio Devices,ST16,Melbourne Retail - South Yarra,South Yarra,VIC,3141,Pick up,110,40,0.11,0,3916,1276,FALSE
ORD00079,1,45506,45506,CUST000206,Gold,POD20,High-Waist Jeans,Apparel,Bottoms,ST11,Melbourne Retail - Box Hill,Box Hill,VIC,3128,Pick up,80,60,0.09,0,4368,1488,FALSE
ORD00079,2,45376,45376,CUST000207,Gold,POD40,LED Desk Lamp,Home & Living,Lighting,ST16,Melbourne Retail - South Yarra,South Yarra,VIC,3141,In Store,60,80,0.14,0,4128,1248,FALSE
ORD00079,3,45906,45910,CUST00078,Bronze,POD17,Fleece Hoodie,Apparel,Tops,ST18,Melbourne Retail - Sunshine,Sunshine,VIC,3020,Online,60,90,0.14,50,4694,1444,FALSE
ORD00079,4,45801,45802,CUST000226,Silver,POD6,USB-C Charger,Electronics,Mobile Accessories,ST18,Melbourne Retail - Sunshine,Sunshine,VIC,3020,Pick up,35,120,0.08,0,3864,1344,FALSE
ORD00080,1,45835,45837,CUST000133,Platinum,POD9,Screen Protector,Electronics,Mobile Accessories,ST12,Melbourne Retail - Doncaster,Doncaster,VIC,3108,Online,15,200,0.13,50,2660,850,FALSE
ORD00080,2,45411,45415,CUST000200,Gold,POD38,Oak Side Table,Home & Living,Furniture,ST2,Melbourne Retail - Southbank,Southbank,VIC,3006,Pick up,150,30,0.1,0,4050,1350,FALSE
ORD00080,3,45470,45472,CUST000196,Bronze,POD14,Wall Plug (2-Pack),Electronics,Smart Home,ST18,Melbourne Retail - Sunshine,Sunshine,VIC,3020,In Store,22,200,0.07,0,4092,1452,FALSE
ORD00080,4,45420,45421,CUST000220,Silver,POD35,Memory Foam Pillow,Home & Living,Bedding,ST18,Melbourne Retail - Sunshine,Sunshine,VIC,3020,Pick up,75,80,0.06,0,5640,2040,FALSE
ORD00081,1,45592,45597,CUST000219,Silver,POD8,Lightning Cable,Electronics,Mobile Accessories,ST11,Melbourne Retail - Box Hill,Box Hill,VIC,3128,In Store,25,150,0.11,0,3337.5,1087.5,FALSE
ORD00081,2,45745,45745,CUST00052,Platinum,POD3,Bluetooth Speaker,Electronics,Audio Devices,ST14,Melbourne Retail - Brunswick,Brunswick,VIC,3056,In Store,110,40,0.13,0,3828,1188,FALSE
ORD00081,3,45768,45769,CUST000154,Gold,POD28,Socks (5-Pack),Apparel,Accessories,ST6,Melbourne Retail - Collingwood,Collingwood,VIC,3066,Online,20,150,0.12,50,2690,880,FALSE
ORD00081,4,45816,45821,CUST00071,Platinum,POD64,Roll-On Deodorant,Beauty,Personal Care,ST5,Melbourne Retail - Fitzroy,Fitzroy,VIC,3065,Pick up,25,100,0.06,0,2350,850,FALSE
ORD00082,1,45811,45814,CUST00065,Gold,POD19,Chino Pants,Apparel,Bottoms,ST15,Melbourne Retail - St Kilda,St Kilda,VIC,3182,Pick up,65,75,0.14,0,4192.5,1267.5,TRUE
ORD00082,2,45852,45852,CUST000106,Silver,POD45,Scented Candle – Vanilla,Home & Living,Fragrance,ST16,Melbourne Retail - South Yarra,South Yarra,VIC,3141,Pick up,25,150,0.06,0,3525,1275,FALSE
ORD00082,3,45367,45372,CUST000164,Platinum,POD51,Moisturiser – SPF31,Beauty,Skincare,ST15,Melbourne Retail - St Kilda,St Kilda,VIC,3182,Pick up,48,100,0.06,0,4512,1632,FALSE
ORD00082,4,45466,45468,CUST00066,Gold,POD66,Razor – 5 Blade,Beauty,Personal Care,ST18,Melbourne Retail - Sunshine,Sunshine,VIC,3020,Online,35,90,0.11,50,2853.5,953.5,FALSE
ORD00083,1,45957,45958,CUST000129,Platinum,POD63,Eau de Parfum,Beauty,Fragrance,ST2,Melbourne Retail - Southbank,Southbank,VIC,3006,In Store,95,50,0.07,0,4417.5,1567.5,FALSE
ORD00083,2,45936,45941,CUST000119,Gold,POD49,Face Moisturiser,Beauty,Skincare,ST13,Melbourne Retail - Preston,Preston,VIC,3072,Pick up,45,100,0.11,0,4005,1305,FALSE
ORD00083,3,45633,45638,CUST000219,Bronze,POD64,Roll-On Deodorant,Beauty,Personal Care,ST11,Melbourne Retail - Box Hill,Box Hill,VIC,3128,Pick up,25,100,0.14,0,2150,650,FALSE
ORD00083,4,45637,45641,CUST000256,Bronze,POD63,Eau de Parfum,Beauty,Fragrance,ST15,Melbourne Retail - St Kilda,St Kilda,VIC,3182,In Store,95,50,0.06,0,4465,1615,FALSE
ORD00084,1,45753,45754,CUST000118,Gold,POD21,Midi Dress,Apparel,Dresses,ST2,Melbourne Retail - Southbank,Southbank,VIC,3006,Pick up,95,50,0.11,0,4227.5,1377.5,FALSE
ORD00084,2,46016,46020,CUST00056,Platinum,POD45,Scented Candle – Vanilla,Home & Living,Fragrance,ST7,Melbourne Retail - Richmond,Richmond,VIC,3121,Pick up,25,150,0.06,0,3525,1275,FALSE
ORD00084,3,45542,45545,CUST00026,Gold,POD48,Essential Oil – Eucalyptus,Home & Living,Fragrance,ST8,Melbourne Retail - Hawthorn,Hawthorn,VIC,3122,Pick up,35,80,0.08,0,2576,896,FALSE
ORD00084,4,45698,45701,CUST000218,Silver,POD9,Screen Protector,Electronics,Mobile Accessories,ST1,Melbourne Retail - Melbourne CBD,Melbourne CBD,VIC,3000,Pick up,15,200,0.05,0,2850,1050,FALSE
ORD00085,1,45503,45503,CUST000184,Gold,POD45,Scented Candle – Vanilla,Home & Living,Fragrance,ST13,Melbourne Retail - Preston,Preston,VIC,3072,Pick up,25,150,0.11,0,3337.5,1087.5,FALSE
ORD00085,2,45426,45428,CUST000112,Gold,POD13,LED Light Bulb,Electronics,Smart Home,ST8,Melbourne Retail - Hawthorn,Hawthorn,VIC,3122,Pick up,18,300,0.1,0,4860,1620,FALSE
ORD00085,3,45821,45822,CUST00097,Bronze,POD4,4K Monitor,Electronics,Computer Accessories,ST13,Melbourne Retail - Preston,Preston,VIC,3072,Pick up,450,30,0.13,0,11745,3645,FALSE
ORD00085,4,45972,45974,CUST000143,Platinum,POD51,Moisturiser – SPF31,Beauty,Skincare,ST13,Melbourne Retail - Preston,Preston,VIC,3072,Online,48,100,0.06,50,4562,1672,FALSE
ORD00086,1,45775,45776,CUST000263,Platinum,POD64,Roll-On Deodorant,Beauty,Personal Care,ST2,Melbourne Retail - Southbank,Southbank,VIC,3006,Pick up,25,100,0.05,0,2375,875,FALSE
ORD00086,2,45627,45631,CUST000231,Bronze,POD54,Repair Serum,Beauty,Serums & Treatments,ST6,Melbourne Retail - Collingwood,Collingwood,VIC,3066,In Store,65,80,0.14,0,4472,1352,FALSE
ORD00086,3,45335,45335,CUST000102,Silver,POD40,LED Desk Lamp,Home & Living,Lighting,ST13,Melbourne Retail - Preston,Preston,VIC,3072,Pick up,60,80,0.09,0,4368,1488,FALSE
ORD00086,4,45748,45748,CUST000178,Bronze,POD11,Wi-Fi Router,Electronics,Networking,ST10,Melbourne Retail - Glen Waverley,Glen Waverley,VIC,3150,In Store,160,25,0.09,0,3640,1240,FALSE
ORD00087,1,45842,45846,CUST000224,Bronze,POD47,Reed Diffuser – Citrus,Home & Living,Fragrance,ST20,Melbourne Retail - Frankston,Frankston,VIC,3199,In Store,30,100,0.1,0,2700,900,FALSE
ORD00087,2,45313,45315,CUST00098,Gold,POD59,Hydrating Conditioner,Beauty,Hair Care,ST18,Melbourne Retail - Sunshine,Sunshine,VIC,3020,Pick up,35,100,0.09,0,3185,1085,FALSE
ORD00087,3,45637,45638,CUST00045,Bronze,POD3,Bluetooth Speaker,Electronics,Audio Devices,ST13,Melbourne Retail - Preston,Preston,VIC,3072,Online,110,40,0.13,50,3878,1228,FALSE
ORD00087,4,45729,45734,CUST000118,Platinum,POD33,Cotton Bedsheet Set,Home & Living,Bedding,ST5,Melbourne Retail - Fitzroy,Fitzroy,VIC,3065,Pick up,95,60,0.15,0,4845,1425,FALSE
ORD00088,1,45451,45451,CUST000217,Bronze,POD44,Scented Candle,Home & Living,Fragrance,ST6,Melbourne Retail - Collingwood,Collingwood,VIC,3066,Pick up,25,150,0.09,0,3412.5,1162.5,FALSE
ORD00088,2,45845,45850,CUST000113,Silver,POD9,Screen Protector,Electronics,Mobile Accessories,ST18,Melbourne Retail - Sunshine,Sunshine,VIC,3020,Online,15,200,0.14,50,2630,820,FALSE
ORD00088,3,45681,45682,CUST00095,Silver,POD15,Cotton T-Shirt,Apparel,Tops,ST4,Melbourne Retail - Carlton,Carlton,VIC,3053,In Store,25,150,0.14,0,3225,975,FALSE
ORD00088,4,45316,45319,CUST000196,Bronze,POD10,Clear Phone Case,Electronics,Mobile Accessories,ST6,Melbourne Retail - Collingwood,Collingwood,VIC,3066,In Store,20,180,0.1,0,3240,1080,FALSE
ORD00089,1,46000,46004,CUST00093,Silver,POD13,LED Light Bulb,Electronics,Smart Home,ST6,Melbourne Retail - Collingwood,Collingwood,VIC,3066,Pick up,18,300,0.12,0,4752,1512,FALSE
ORD00089,2,45562,45563,CUST000188,Platinum,POD33,Cotton Bedsheet Set,Home & Living,Bedding,ST3,Melbourne Retail - Docklands,Docklands,VIC,3008,In Store,95,60,0.12,0,5016,1596,FALSE
ORD00089,3,45698,45700,CUST000238,Platinum,POD57,Shea Lotion,Beauty,Skincare,ST13,Melbourne Retail - Preston,Preston,VIC,3072,Online,40,100,0.15,50,3450,1040,FALSE
ORD00089,4,45999,45999,CUST00096,Platinum,POD16,Cotton Crew T-Shirt,Apparel,Tops,ST1,Melbourne Retail - Melbourne CBD,Melbourne CBD,VIC,3000,Online,28,140,0.05,50,3774,1412,FALSE
ORD00090,1,45650,45652,CUST00080,Bronze,POD4,4K Monitor,Electronics,Computer Accessories,ST8,Melbourne Retail - Hawthorn,Hawthorn,VIC,3122,In Store,450,30,0.15,0,11475,3375,FALSE
ORD00090,2,45659,45660,CUST000218,Platinum,POD12,Wi-Fi Range Extender,Electronics,Networking,ST1,Melbourne Retail - Melbourne CBD,Melbourne CBD,VIC,3000,Pick up,95,40,0.07,0,3534,1254,FALSE
ORD00090,3,45450,45451,CUST000261,Silver,POD56,Face Mask,Beauty,Skincare,ST6,Melbourne Retail - Collingwood,Collingwood,VIC,3066,In Store,25,130,0.09,0,2957.5,1007.5,FALSE
ORD00090,4,45815,45820,CUST000114,Silver,POD59,Hydrating Conditioner,Beauty,Hair Care,ST20,Melbourne Retail - Frankston,Frankston,VIC,3199,In Store,35,100,0.06,0,3290,1190,FALSE
ORD00091,1,45917,45918,CUST000193,Silver,POD13,LED Light Bulb,Electronics,Smart Home,ST17,Melbourne Retail - Footscray,Footscray,VIC,3011,Online,18,300,0.07,50,5072,1822,FALSE
ORD00091,2,45314,45314,CUST000166,Silver,POD12,Wi-Fi Range Extender,Electronics,Networking,ST8,Melbourne Retail - Hawthorn,Hawthorn,VIC,3122,Pick up,95,40,0.1,0,3420,1140,TRUE
ORD00091,3,45726,45728,CUST000136,Silver,POD18,Slim Fit Jeans,Apparel,Bottoms,ST14,Melbourne Retail - Brunswick,Brunswick,VIC,3056,In Store,70,80,0.09,0,5096,1736,FALSE
ORD00091,4,45666,45667,CUST000127,Bronze,POD57,Shea Lotion,Beauty,Skincare,ST10,Melbourne Retail - Glen Waverley,Glen Waverley,VIC,3150,Pick up,40,100,0.07,0,3720,1320,FALSE
ORD00092,1,45761,45762,CUST00058,Platinum,POD53,Eucalyptus Face Wash,Beauty,Skincare,ST5,Melbourne Retail - Fitzroy,Fitzroy,VIC,3065,Online,38,110,0.12,50,3728.4,1210.4,FALSE
ORD00092,2,45489,45492,CUST000133,Silver,POD36,All-Seasons Duvet Quilt,Home & Living,Bedding,ST18,Melbourne Retail - Sunshine,Sunshine,VIC,3020,Pick up,120,50,0.07,0,5580,1980,FALSE
ORD00092,3,45677,45678,CUST00075,Silver,POD10,Clear Phone Case,Electronics,Mobile Accessories,ST15,Melbourne Retail - St Kilda,St Kilda,VIC,3182,Online,20,180,0.13,50,3182,1012,FALSE
ORD00092,4,45842,45844,CUST000223,Platinum,POD6,USB-C Charger,Electronics,Mobile Accessories,ST6,Melbourne Retail - Collingwood,Collingwood,VIC,3066,In Store,35,120,0.13,0,3654,1134,FALSE
ORD00093,1,45686,45690,CUST000115,Gold,POD16,Cotton Crew T-Shirt,Apparel,Tops,ST18,Melbourne Retail - Sunshine,Sunshine,VIC,3020,In Store,28,140,0.13,0,3410.4,1058.4,FALSE
ORD00093,2,45292,45297,CUST000196,Gold,POD26,Brown Belt,Apparel,Accessories,ST17,Melbourne Retail - Footscray,Footscray,VIC,3011,Pick up,35,100,0.13,0,3045,945,FALSE
ORD00093,3,45369,45371,CUST000251,Bronze,POD61,Hydrating Shampoo,Beauty,Hair Care,ST5,Melbourne Retail - Fitzroy,Fitzroy,VIC,3065,In Store,38,90,0.1,0,3078,1026,FALSE
ORD00093,4,45917,45917,CUST000205,Silver,POD28,Socks (5-Pack),Apparel,Accessories,ST11,Melbourne Retail - Box Hill,Box Hill,VIC,3128,Online,20,150,0.08,50,2810,1000,FALSE
ORD00094,1,45375,45376,CUST000142,Bronze,POD49,Face Moisturiser,Beauty,Skincare,ST2,Melbourne Retail - Southbank,Southbank,VIC,3006,Pick up,45,100,0.09,0,4095,1395,FALSE
ORD00094,2,46020,46024,CUST00092,Bronze,POD54,Repair Serum,Beauty,Serums & Treatments,ST6,Melbourne Retail - Collingwood,Collingwood,VIC,3066,Online,65,80,0.15,50,4470,1340,FALSE
ORD00094,3,45815,45819,CUST00050,Silver,POD2,Bluetooth Earbuds,Electronics,Audio Devices,ST10,Melbourne Retail - Glen Waverley,Glen Waverley,VIC,3150,Online,90,60,0.14,50,4694,1444,FALSE
ORD00094,4,45331,45334,CUST000132,Bronze,POD49,Face Moisturiser,Beauty,Skincare,ST15,Melbourne Retail - St Kilda,St Kilda,VIC,3182,In Store,45,100,0.07,0,4185,1485,FALSE
ORD00095,1,45994,45998,CUST00050,Gold,POD34,Cotton Throw Blanket,Home & Living,Bedding,ST6,Melbourne Retail - Collingwood,Collingwood,VIC,3066,Online,60,70,0.1,50,3830,1300,FALSE
ORD00095,2,45809,45812,CUST00044,Bronze,POD30,Non-Stick Frypan 28cm,Home & Living,Kitchen & Dining,ST18,Melbourne Retail - Sunshine,Sunshine,VIC,3020,Online,55,80,0.15,50,3790,1140,FALSE
ORD00095,3,45868,45870,CUST000261,Platinum,POD10,Clear Phone Case,Electronics,Mobile Accessories,ST6,Melbourne Retail - Collingwood,Collingwood,VIC,3066,Online,20,180,0.13,50,3182,1012,FALSE
ORD00095,4,45694,45697,CUST000217,Silver,POD41,Arc Floor Lamp,Home & Living,Lighting,ST9,Melbourne Retail - Camberwell,Camberwell,VIC,3124,Pick up,130,40,0.07,0,4836,1716,FALSE
ORD00096,1,45667,45670,CUST0003,Platinum,POD17,Fleece Hoodie,Apparel,Tops,ST16,Melbourne Retail - South Yarra,South Yarra,VIC,3141,In Store,60,90,0.14,0,4644,1404,FALSE
ORD00096,2,45336,45336,CUST000243,Silver,POD3,Bluetooth Speaker,Electronics,Audio Devices,ST2,Melbourne Retail - Southbank,Southbank,VIC,3006,Online,110,40,0.12,50,3922,1272,FALSE
ORD00096,3,45516,45517,CUST000193,Platinum,POD45,Scented Candle – Vanilla,Home & Living,Fragrance,ST17,Melbourne Retail - Footscray,Footscray,VIC,3011,In Store,25,150,0.05,0,3562.5,1312.5,FALSE
ORD00097,1,45692,45697,CUST00018,Bronze,POD27,Classic Cap,Apparel,Accessories,ST2,Melbourne Retail - Southbank,Southbank,VIC,3006,Pick up,25,120,0.14,0,2580,780,FALSE
ORD00097,2,45724,45728,CUST000147,Bronze,POD56,Face Mask,Beauty,Skincare,ST4,Melbourne Retail - Carlton,Carlton,VIC,3053,Online,25,130,0.07,50,3072.5,1112.5,FALSE
ORD00097,3,45533,45534,CUST00083,Bronze,POD58,Rose Cream,Beauty,Skincare,ST13,Melbourne Retail - Preston,Preston,VIC,3072,Pick up,42,90,0.09,0,3439.8,1171.8,FALSE
ORD00097,4,45793,45797,CUST0003,Silver,POD29,Ceramic Mug,Home & Living,Kitchen & Dining,ST18,Melbourne Retail - Sunshine,Sunshine,VIC,3020,Pick up,15,200,0.14,0,2580,780,FALSE
ORD00098,1,45603,45604,CUST000156,Gold,POD61,Hydrating Shampoo,Beauty,Hair Care,ST4,Melbourne Retail - Carlton,Carlton,VIC,3053,Online,38,90,0.14,50,2991.2,929.2,FALSE
ORD00098,2,45660,45665,CUST00012,Platinum,POD53,Eucalyptus Face Wash,Beauty,Skincare,ST2,Melbourne Retail - Southbank,Southbank,VIC,3006,Online,38,110,0.05,50,4021,1503,FALSE
ORD00098,3,45550,45550,CUST0008,Platinum,POD56,Face Mask,Beauty,Skincare,ST18,Melbourne Retail - Sunshine,Sunshine,VIC,3020,In Store,25,130,0.13,0,2827.5,877.5,FALSE
ORD00098,4,45610,45614,CUST000201,Silver,POD3,Bluetooth Speaker,Electronics,Audio Devices,ST16,Melbourne Retail - South Yarra,South Yarra,VIC,3141,In Store,110,40,0.05,0,4180,1540,FALSE
ORD00099,1,45372,45375,CUST000163,Bronze,POD8,Lightning Cable,Electronics,Mobile Accessories,ST17,Melbourne Retail - Footscray,Footscray,VIC,3011,Online,25,150,0.13,50,3312.5,1052.5,FALSE
ORD00099,2,46006,46008,CUST0003,Silver,POD20,High-Waist Jeans,Apparel,Bottoms,ST1,Melbourne Retail - Melbourne CBD,Melbourne CBD,VIC,3000,Pick up,80,60,0.06,0,4512,1632,FALSE
ORD00099,3,45979,45979,CUST000201,Bronze,POD37,5-Tier Bookshelf,Home & Living,Furniture,ST5,Melbourne Retail - Fitzroy,Fitzroy,VIC,3065,Online,180,25,0.12,50,4010,1300,FALSE
ORD00099,4,45702,45702,CUST000248,Gold,POD61,Hydrating Shampoo,Beauty,Hair Care,ST11,Melbourne Retail - Box Hill,Box Hill,VIC,3128,In Store,38,90,0.14,0,2941.2,889.2,FALSE
ORD00100,1,45734,45738,CUST000242,Gold,POD42,Minimal Wall Clock,Home & Living,Home Decor,ST1,Melbourne Retail - Melbourne CBD,Melbourne CBD,VIC,3000,Pick up,45,90,0.05,0,3847.5,1417.5,FALSE
ORD00100,2,45637,45641,CUST000254,Bronze,POD23,Wool Blend Coat,Apparel,Outerwear,ST2,Melbourne Retail - Southbank,Southbank,VIC,3006,Pick up,180,30,0.05,0,5130,1890,FALSE
ORD00100,3,45826,45830,CUST00055,Gold,POD14,Wall Plug (2-Pack),Electronics,Smart Home,ST4,Melbourne Retail - Carlton,Carlton,VIC,3053,Online,22,200,0.14,50,3834,1184,FALSE
ORD00100,4,45667,45670,CUST00065,Silver,POD27,Classic Cap,Apparel,Accessories,ST2,Melbourne Retail - Southbank,Southbank,VIC,3006,Online,25,120,0.13,50,2660,850,FALSE
ORD00101,1,45781,45782,CUST000190,Silver,POD1,Wireless Headphones,Electronics,Audio Devices,ST18,Melbourne Retail - Sunshine,Sunshine,VIC,3020,In Store,120,50,0.06,0,5640,2040,FALSE
ORD00101,2,45433,45433,CUST000252,Gold,POD47,Reed Diffuser – Citrus,Home & Living,Fragrance,ST16,Melbourne Retail - South Yarra,South Yarra,VIC,3141,In Store,30,100,0.1,0,2700,900,FALSE
ORD00101,3,45956,45958,CUST000118,Platinum,POD43,Woven Storage Basket,Home & Living,Home Decor,ST17,Melbourne Retail - Footscray,Footscray,VIC,3011,Pick up,35,100,0.07,0,3255,1155,FALSE
ORD00101,4,45797,45802,CUST00099,Gold,POD1,Wireless Headphones,Electronics,Audio Devices,ST19,Melbourne Retail - Dandenong,Dandenong,VIC,3175,Online,120,50,0.08,50,5570,1960,FALSE
ORD00102,1,45322,45324,CUST000144,Silver,POD32,Bamboo Cutting Board,Home & Living,Kitchen & Dining,ST2,Melbourne Retail - Southbank,Southbank,VIC,3006,Online,30,100,0.09,50,2780,970,FALSE
ORD00102,2,45813,45814,CUST000259,Bronze,POD29,Ceramic Mug,Home & Living,Kitchen & Dining,ST4,Melbourne Retail - Carlton,Carlton,VIC,3053,In Store,15,200,0.05,0,2850,1050,FALSE
ORD00102,3,45893,45893,CUST000198,Gold,POD19,Chino Pants,Apparel,Bottoms,ST8,Melbourne Retail - Hawthorn,Hawthorn,VIC,3122,Pick up,65,75,0.11,0,4338.75,1413.75,FALSE
ORD00102,4,45957,45961,CUST000178,Platinum,POD22,Mid-Length Jacket,Apparel,Outerwear,ST14,Melbourne Retail - Brunswick,Brunswick,VIC,3056,Pick up,120,45,0.1,0,4860,1620,FALSE
ORD00103,1,46018,46019,CUST000211,Platinum,POD59,Hydrating Conditioner,Beauty,Hair Care,ST20,Melbourne Retail - Frankston,Frankston,VIC,3199,Online,35,100,0.12,50,3130,1020,FALSE
ORD00103,2,45566,45569,CUST000117,Bronze,POD11,Wi-Fi Router,Electronics,Networking,ST11,Melbourne Retail - Box Hill,Box Hill,VIC,3128,Online,160,25,0.14,50,3490,1080,FALSE
ORD00103,4,45837,45842,CUST000160,Bronze,POD66,Razor – 5 Blade,Beauty,Personal Care,ST16,Melbourne Retail - South Yarra,South Yarra,VIC,3141,Pick up,35,90,0.15,0,2677.5,787.5,TRUE
ORD00104,1,45943,45947,CUST000169,Platinum,POD17,Fleece Hoodie,Apparel,Tops,ST5,Melbourne Retail - Fitzroy,Fitzroy,VIC,3065,Online,60,90,0.07,50,5072,1822,FALSE
ORD00104,2,45805,45808,CUST00093,Platinum,POD63,Eau de Parfum,Beauty,Fragrance,ST19,Melbourne Retail - Dandenong,Dandenong,VIC,3175,Online,95,50,0.14,50,4135,1275,FALSE
ORD00104,3,45666,45668,CUST000128,Platinum,POD42,Minimal Wall Clock,Home & Living,Home Decor,ST1,Melbourne Retail - Melbourne CBD,Melbourne CBD,VIC,3000,In Store,45,90,0.07,0,3766.5,1336.5,FALSE
ORD00104,4,45620,45623,CUST00073,Platinum,POD22,Mid-Length Jacket,Apparel,Outerwear,ST17,Melbourne Retail - Footscray,Footscray,VIC,3011,Online,120,45,0.15,50,4640,1390,FALSE
ORD00105,2,45447,45450,CUST00011,Platinum,POD8,Lightning Cable,Electronics,Mobile Accessories,ST15,Melbourne Retail - St Kilda,St Kilda,VIC,3182,Pick up,25,150,0.06,0,3525,1275,FALSE
ORD00105,3,45453,45457,CUST000146,Silver,POD38,Oak Side Table,Home & Living,Furniture,ST20,Melbourne Retail - Frankston,Frankston,VIC,3199,Pick up,150,30,0.09,0,4095,1395,FALSE
ORD00105,4,45701,45704,CUST000260,Platinum,POD28,Socks (5-Pack),Apparel,Accessories,ST12,Melbourne Retail - Doncaster,Doncaster,VIC,3108,Online,20,150,0.11,50,2720,910,FALSE
ORD00106,1,45393,45396,CUST00061,Silver,POD37,5-Tier Bookshelf,Home & Living,Furniture,ST2,Melbourne Retail - Southbank,Southbank,VIC,3006,Online,180,25,0.05,50,4325,1615,FALSE
ORD00106,2,45922,45925,CUST00023,Bronze,POD39,Mesh Office Chair,Home & Living,Furniture,ST6,Melbourne Retail - Collingwood,Collingwood,VIC,3066,Online,200,25,0.11,50,4500,1490,FALSE
ORD00106,3,45435,45440,CUST000250,Gold,POD19,Chino Pants,Apparel,Bottoms,ST16,Melbourne Retail - South Yarra,South Yarra,VIC,3141,Online,65,75,0.08,50,4535,1600,FALSE
ORD00106,4,45631,45631,CUST000109,Gold,POD2,Bluetooth Earbuds,Electronics,Audio Devices,ST16,Melbourne Retail - South Yarra,South Yarra,VIC,3141,Pick up,90,60,0.14,0,4644,1404,FALSE
ORD00107,1,45974,45977,CUST000229,Bronze,POD17,Fleece Hoodie,Apparel,Tops,ST6,Melbourne Retail - Collingwood,Collingwood,VIC,3066,Pick up,60,90,0.14,0,4644,1404,FALSE
ORD00107,2,45762,45762,CUST000226,Bronze,POD39,Mesh Office Chair,Home & Living,Furniture,ST12,Melbourne Retail - Doncaster,Doncaster,VIC,3108,Online,200,25,0.14,50,4350,1340,FALSE
ORD00107,3,45945,45950,CUST00027,Silver,POD66,Razor – 5 Blade,Beauty,Personal Care,ST13,Melbourne Retail - Preston,Preston,VIC,3072,Pick up,35,90,0.12,0,2772,882,FALSE
ORD00107,4,45704,45709,CUST000120,Gold,POD41,Arc Floor Lamp,Home & Living,Lighting,ST8,Melbourne Retail - Hawthorn,Hawthorn,VIC,3122,Pick up,130,40,0.15,0,4420,1300,FALSE
ORD00108,1,45492,45495,CUST00028,Bronze,POD33,Cotton Bedsheet Set,Home & Living,Bedding,ST11,Melbourne Retail - Box Hill,Box Hill,VIC,3128,In Store,95,60,0.05,0,5415,1995,FALSE
ORD00108,2,45478,45479,CUST000145,Gold,POD47,Reed Diffuser – Citrus,Home & Living,Fragrance,ST17,Melbourne Retail - Footscray,Footscray,VIC,3011,Online,30,100,0.11,50,2720,910,FALSE
ORD00108,3,45721,45725,CUST0005,Gold,POD60,Volumising Shampoo,Beauty,Hair Care,ST8,Melbourne Retail - Hawthorn,Hawthorn,VIC,3122,In Store,38,90,0.11,0,3043.8,991.8,FALSE
ORD00108,4,45678,45683,CUST000107,Gold,POD16,Cotton Crew T-Shirt,Apparel,Tops,ST5,Melbourne Retail - Fitzroy,Fitzroy,VIC,3065,Pick up,28,140,0.15,0,3332,980,FALSE
ORD00109,1,45490,45493,CUST000245,Bronze,POD37,5-Tier Bookshelf,Home & Living,Furniture,ST8,Melbourne Retail - Hawthorn,Hawthorn,VIC,3122,Online,180,25,0.05,50,4325,1615,FALSE
ORD00109,2,45700,45704,CUST000206,Silver,POD30,Non-Stick Frypan 28cm,Home & Living,Kitchen & Dining,ST3,Melbourne Retail - Docklands,Docklands,VIC,3008,Pick up,55,80,0.06,0,4136,1496,FALSE
ORD00109,3,45712,45717,CUST00047,Gold,POD64,Roll-On Deodorant,Beauty,Personal Care,ST17,Melbourne Retail - Footscray,Footscray,VIC,3011,Pick up,25,100,0.1,0,2250,750,FALSE
ORD00109,4,45859,45859,CUST000111,Bronze,POD27,Classic Cap,Apparel,Accessories,ST5,Melbourne Retail - Fitzroy,Fitzroy,VIC,3065,Pick up,25,120,0.15,0,2550,750,FALSE
ORD00110,2,45951,45955,CUST00099,Gold,POD55,Vitamin C Serum,Beauty,Serums & Treatments,ST18,Melbourne Retail - Sunshine,Sunshine,VIC,3020,Online,70,75,0.06,50,4985,1825,FALSE
ORD00110,3,45968,45971,CUST0009,Bronze,POD45,Scented Candle – Vanilla,Home & Living,Fragrance,ST4,Melbourne Retail - Carlton,Carlton,VIC,3053,In Store,25,150,0.07,0,3487.5,1237.5,FALSE
ORD00110,4,45820,45824,CUST000155,Platinum,POD52,Face Cleanser,Beauty,Skincare,ST5,Melbourne Retail - Fitzroy,Fitzroy,VIC,3065,Pick up,35,120,0.06,0,3948,1428,FALSE
ORD00111,1,45368,45370,CUST000229,Bronze,POD7,"Power Bank 10,000mAh",Electronics,Mobile Accessories,ST13,Melbourne Retail - Preston,Preston,VIC,3072,In Store,60,80,0.15,0,4080,1200,FALSE
ORD00111,2,45923,45926,CUST000245,Bronze,POD26,Brown Belt,Apparel,Accessories,ST17,Melbourne Retail - Footscray,Footscray,VIC,3011,Online,35,100,0.15,50,3025,915,TRUE
ORD00111,3,45317,45317,CUST000259,Bronze,POD35,Memory Foam Pillow,Home & Living,Bedding,ST2,Melbourne Retail - Southbank,Southbank,VIC,3006,Pick up,75,80,0.15,0,5100,1500,FALSE
ORD00111,4,45848,45851,CUST00075,Silver,POD8,Lightning Cable,Electronics,Mobile Accessories,ST12,Melbourne Retail - Doncaster,Doncaster,VIC,3108,Online,25,150,0.14,50,3275,1015,FALSE
ORD00112,1,46005,46006,CUST000131,Platinum,POD28,Socks (5-Pack),Apparel,Accessories,ST4,Melbourne Retail - Carlton,Carlton,VIC,3053,Pick up,20,150,0.11,0,2670,870,FALSE
ORD00112,2,46015,46017,CUST000186,Bronze,POD25,Women’s Shoes,Apparel,Footwear,ST18,Melbourne Retail - Sunshine,Sunshine,VIC,3020,Pick up,110,50,0.14,0,4730,1430,FALSE
ORD00112,3,45566,45570,CUST00084,Platinum,POD4,4K Monitor,Electronics,Computer Accessories,ST8,Melbourne Retail - Hawthorn,Hawthorn,VIC,3122,Online,450,30,0.05,50,12875,4765,FALSE
ORD00112,4,45787,45787,CUST000137,Silver,POD19,Chino Pants,Apparel,Bottoms,ST6,Melbourne Retail - Collingwood,Collingwood,VIC,3066,In Store,65,75,0.13,0,4241.25,1316.25,FALSE
ORD00113,1,45783,45788,CUST000100,Bronze,POD16,Cotton Crew T-Shirt,Apparel,Tops,ST11,Melbourne Retail - Box Hill,Box Hill,VIC,3128,Pick up,28,140,0.07,0,3645.6,1293.6,TRUE
ORD00113,2,45451,45455,CUST00017,Platinum,POD53,Eucalyptus Face Wash,Beauty,Skincare,ST20,Melbourne Retail - Frankston,Frankston,VIC,3199,Pick up,38,110,0.08,0,3845.6,1337.6,FALSE
ORD00113,3,45392,45393,CUST000195,Silver,POD65,Electric Toothbrush,Beauty,Personal Care,ST19,Melbourne Retail - Dandenong,Dandenong,VIC,3175,Online,80,70,0.12,50,4978,1608,FALSE
ORD00113,4,45741,45743,CUST000164,Bronze,POD19,Chino Pants,Apparel,Bottoms,ST13,Melbourne Retail - Preston,Preston,VIC,3072,Pick up,65,75,0.1,0,4387.5,1462.5,FALSE
ORD00114,1,45893,45893,CUST00060,Silver,POD61,Hydrating Shampoo,Beauty,Hair Care,ST16,Melbourne Retail - South Yarra,South Yarra,VIC,3141,Online,38,90,0.08,50,3196.4,1134.4,FALSE
ORD00114,2,45740,45743,CUST00018,Silver,POD40,LED Desk Lamp,Home & Living,Lighting,ST8,Melbourne Retail - Hawthorn,Hawthorn,VIC,3122,Pick up,60,80,0.1,0,4320,1440,FALSE
ORD00114,3,45521,45523,CUST00087,Gold,POD56,Face Mask,Beauty,Skincare,ST4,Melbourne Retail - Carlton,Carlton,VIC,3053,Online,25,130,0.09,50,3007.5,1047.5,FALSE
ORD00114,4,45470,45471,CUST000234,Bronze,POD20,High-Waist Jeans,Apparel,Bottoms,ST6,Melbourne Retail - Collingwood,Collingwood,VIC,3066,Online,80,60,0.1,50,4370,1480,FALSE
ORD00115,1,45394,45397,CUST000180,Platinum,POD21,Midi Dress,Apparel,Dresses,ST20,Melbourne Retail - Frankston,Frankston,VIC,3199,Pick up,95,50,0.11,0,4227.5,1377.5,FALSE
ORD00115,2,45656,45658,CUST000204,Gold,POD37,5-Tier Bookshelf,Home & Living,Furniture,ST20,Melbourne Retail - Frankston,Frankston,VIC,3199,Pick up,180,25,0.11,0,4005,1305,FALSE
ORD00115,3,45705,45709,CUST00089,Platinum,POD40,LED Desk Lamp,Home & Living,Lighting,ST9,Melbourne Retail - Camberwell,Camberwell,VIC,3124,In Store,60,80,0.15,0,4080,1200,FALSE
ORD00115,4,45304,45307,CUST000122,Bronze,POD11,Wi-Fi Router,Electronics,Networking,ST14,Melbourne Retail - Brunswick,Brunswick,VIC,3056,Pick up,160,25,0.11,0,3560,1160,FALSE
ORD00116,1,45664,45664,CUST00095,Platinum,POD65,Electric Toothbrush,Beauty,Personal Care,ST2,Melbourne Retail - Southbank,Southbank,VIC,3006,Online,80,70,0.14,50,4866,1496,FALSE
ORD00116,2,45442,45446,CUST00086,Bronze,POD64,Roll-On Deodorant,Beauty,Personal Care,ST17,Melbourne Retail - Footscray,Footscray,VIC,3011,Online,25,100,0.15,50,2175,665,FALSE
ORD00116,3,45763,45765,CUST000248,Silver,POD49,Face Moisturiser,Beauty,Skincare,ST13,Melbourne Retail - Preston,Preston,VIC,3072,Online,45,100,0.07,50,4235,1525,FALSE
ORD00116,4,45626,45629,CUST000224,Silver,POD30,Non-Stick Frypan 28cm,Home & Living,Kitchen & Dining,ST14,Melbourne Retail - Brunswick,Brunswick,VIC,3056,Pick up,55,80,0.05,0,4180,1540,FALSE
ORD00117,1,45358,45361,CUST00047,Platinum,POD8,Lightning Cable,Electronics,Mobile Accessories,ST8,Melbourne Retail - Hawthorn,Hawthorn,VIC,3122,In Store,25,150,0.11,0,3337.5,1087.5,FALSE
ORD00117,2,45466,45468,CUST00053,Gold,POD8,Lightning Cable,Electronics,Mobile Accessories,ST19,Melbourne Retail - Dandenong,Dandenong,VIC,3175,Online,25,150,0.06,50,3575,1315,FALSE
ORD00117,3,45396,45400,CUST000177,Gold,POD16,Cotton Crew T-Shirt,Apparel,Tops,ST17,Melbourne Retail - Footscray,Footscray,VIC,3011,In Store,28,140,0.07,0,3645.6,1293.6,FALSE
ORD00117,4,45987,45990,CUST00080,Bronze,POD26,Brown Belt,Apparel,Accessories,ST9,Melbourne Retail - Camberwell,Camberwell,VIC,3124,In Store,35,100,0.08,0,3220,1120,FALSE
ORD00118,1,45983,45983,CUST00054,Gold,POD16,Cotton Crew T-Shirt,Apparel,Tops,ST3,Melbourne Retail - Docklands,Docklands,VIC,3008,Pick up,28,140,0.15,0,3332,980,FALSE
ORD00118,2,45639,45643,CUST000199,Platinum,POD40,LED Desk Lamp,Home & Living,Lighting,ST15,Melbourne Retail - St Kilda,St Kilda,VIC,3182,In Store,60,80,0.14,0,4128,1248,FALSE
ORD00118,3,46012,46014,CUST000250,Bronze,POD14,Wall Plug (2-Pack),Electronics,Smart Home,ST9,Melbourne Retail - Camberwell,Camberwell,VIC,3124,In Store,22,200,0.05,0,4180,1540,FALSE
ORD00118,4,45844,45846,CUST00035,Bronze,POD38,Oak Side Table,Home & Living,Furniture,ST8,Melbourne Retail - Hawthorn,Hawthorn,VIC,3122,In Store,150,30,0.05,0,4275,1575,FALSE
ORD00119,1,45811,45816,CUST000158,Bronze,POD49,Face Moisturiser,Beauty,Skincare,ST5,Melbourne Retail - Fitzroy,Fitzroy,VIC,3065,Online,45,100,0.06,50,4280,1570,FALSE
ORD00119,2,45527,45530,CUST000219,Platinum,POD1,Wireless Headphones,Electronics,Audio Devices,ST14,Melbourne Retail - Brunswick,Brunswick,VIC,3056,Pick up,120,50,0.11,0,5340,1740,TRUE
ORD00119,3,45602,45604,CUST000190,Silver,POD19,Chino Pants,Apparel,Bottoms,ST5,Melbourne Retail - Fitzroy,Fitzroy,VIC,3065,In Store,65,75,0.11,0,4338.75,1413.75,FALSE
ORD00120,1,45533,45534,CUST00027,Gold,POD66,Razor – 5 Blade,Beauty,Personal Care,ST19,Melbourne Retail - Dandenong,Dandenong,VIC,3175,In Store,35,90,0.05,0,2992.5,1102.5,FALSE
ORD00120,2,45382,45384,CUST000134,Platinum,POD15,Cotton T-Shirt,Apparel,Tops,ST14,Melbourne Retail - Brunswick,Brunswick,VIC,3056,In Store,25,150,0.12,0,3300,1050,FALSE
ORD00120,3,45925,45930,CUST00086,Gold,POD61,Hydrating Shampoo,Beauty,Hair Care,ST11,Melbourne Retail - Box Hill,Box Hill,VIC,3128,Pick up,38,90,0.07,0,3180.6,1128.6,FALSE
ORD00120,4,45633,45635,CUST000177,Platinum,POD11,Wi-Fi Router,Electronics,Networking,ST20,Melbourne Retail - Frankston,Frankston,VIC,3199,In Store,160,25,0.09,0,3640,1240,FALSE
ORD00121,1,45380,45380,CUST000244,Bronze,POD45,Scented Candle – Vanilla,Home & Living,Fragrance,ST9,Melbourne Retail - Camberwell,Camberwell,VIC,3124,In Store,25,150,0.06,0,3525,1275,FALSE
ORD00121,2,45410,45413,CUST000117,Silver,POD65,Electric Toothbrush,Beauty,Personal Care,ST16,Melbourne Retail - South Yarra,South Yarra,VIC,3141,Pick up,80,70,0.13,0,4872,1512,TRUE
ORD00121,3,45566,45570,CUST00037,Bronze,POD49,Face Moisturiser,Beauty,Skincare,ST8,Melbourne Retail - Hawthorn,Hawthorn,VIC,3122,In Store,45,100,0.12,0,3960,1260,FALSE
ORD00121,4,45868,45870,CUST000111,Bronze,POD30,Non-Stick Frypan 28cm,Home & Living,Kitchen & Dining,ST13,Melbourne Retail - Preston,Preston,VIC,3072,In Store,55,80,0.12,0,3872,1232,FALSE
ORD00122,1,45822,45827,CUST000193,Gold,POD25,Women’s Shoes,Apparel,Footwear,ST1,Melbourne Retail - Melbourne CBD,Melbourne CBD,VIC,3000,Online,110,50,0.11,50,4945,1635,FALSE
ORD00122,2,45995,45999,CUST00097,Gold,POD33,Cotton Bedsheet Set,Home & Living,Bedding,ST13,Melbourne Retail - Preston,Preston,VIC,3072,Pick up,95,60,0.08,0,5244,1824,FALSE
ORD00122,3,45924,45928,CUST000124,Gold,POD52,Face Cleanser,Beauty,Skincare,ST18,Melbourne Retail - Sunshine,Sunshine,VIC,3020,In Store,35,120,0.12,0,3696,1176,FALSE
ORD00122,4,45839,45843,CUST000197,Silver,POD19,Chino Pants,Apparel,Bottoms,ST9,Melbourne Retail - Camberwell,Camberwell,VIC,3124,Online,65,75,0.09,50,4486.25,1551.25,FALSE
ORD00123,1,45302,45305,CUST00017,Gold,POD25,Women’s Shoes,Apparel,Footwear,ST15,Melbourne Retail - St Kilda,St Kilda,VIC,3182,In Store,110,50,0.05,0,5225,1925,FALSE
ORD00123,2,45429,45429,CUST00026,Bronze,POD62,Argan Oil,Beauty,Hair Care,ST18,Melbourne Retail - Sunshine,Sunshine,VIC,3020,In Store,55,60,0.05,0,3135,1155,FALSE
ORD00123,3,45648,45650,CUST00077,Gold,POD7,"Power Bank 10,000mAh",Electronics,Mobile Accessories,ST6,Melbourne Retail - Collingwood,Collingwood,VIC,3066,Online,60,80,0.09,50,4418,1528,FALSE
ORD00123,4,45332,45334,CUST000195,Silver,POD52,Face Cleanser,Beauty,Skincare,ST13,Melbourne Retail - Preston,Preston,VIC,3072,Pick up,35,120,0.14,0,3612,1092,FALSE
ORD00124,1,45514,45514,CUST000257,Platinum,POD50,Moisturiser – SPF30,Beauty,Skincare,ST1,Melbourne Retail - Melbourne CBD,Melbourne CBD,VIC,3000,Pick up,48,100,0.12,0,4224,1344,FALSE
ORD00124,2,45666,45671,CUST00095,Silver,POD52,Face Cleanser,Beauty,Skincare,ST6,Melbourne Retail - Collingwood,Collingwood,VIC,3066,In Store,35,120,0.13,0,3654,1134,FALSE
ORD00124,3,45847,45851,CUST00014,Gold,POD44,Scented Candle,Home & Living,Fragrance,ST2,Melbourne Retail - Southbank,Southbank,VIC,3006,Pick up,25,150,0.11,0,3337.5,1087.5,FALSE
ORD00124,4,45615,45617,CUST000263,Platinum,POD30,Non-Stick Frypan 28cm,Home & Living,Kitchen & Dining,ST10,Melbourne Retail - Glen Waverley,Glen Waverley,VIC,3150,Pick up,55,80,0.14,0,3784,1144,FALSE
ORD00125,1,45952,45956,CUST000173,Silver,POD41,Arc Floor Lamp,Home & Living,Lighting,ST20,Melbourne Retail - Frankston,Frankston,VIC,3199,In Store,130,40,0.12,0,4576,1456,FALSE
ORD00125,2,45998,46001,CUST000146,Silver,POD14,Wall Plug (2-Pack),Electronics,Smart Home,ST17,Melbourne Retail - Footscray,Footscray,VIC,3011,In Store,22,200,0.1,0,3960,1320,FALSE
ORD00125,3,45614,45616,CUST000151,Silver,POD53,Eucalyptus Face Wash,Beauty,Skincare,ST13,Melbourne Retail - Preston,Preston,VIC,3072,Online,38,110,0.07,50,3937.4,1419.4,FALSE
ORD00125,4,45346,45350,CUST000159,Silver,POD48,Essential Oil – Eucalyptus,Home & Living,Fragrance,ST7,Melbourne Retail - Richmond,Richmond,VIC,3121,Pick up,35,80,0.14,0,2408,728,FALSE
ORD00126,1,45723,45726,CUST00052,Silver,POD51,Moisturiser – SPF31,Beauty,Skincare,ST14,Melbourne Retail - Brunswick,Brunswick,VIC,3056,Pick up,48,100,0.08,0,4416,1536,FALSE
ORD00126,2,45391,45396,CUST00044,Platinum,POD1,Wireless Headphones,Electronics,Audio Devices,ST16,Melbourne Retail - South Yarra,South Yarra,VIC,3141,In Store,120,50,0.15,0,5100,1500,FALSE
ORD00126,3,45588,45592,CUST000171,Silver,POD58,Rose Cream,Beauty,Skincare,ST19,Melbourne Retail - Dandenong,Dandenong,VIC,3175,Online,42,90,0.11,50,3414.2,1136.2,FALSE
ORD00126,4,45648,45650,CUST000242,Gold,POD42,Minimal Wall Clock,Home & Living,Home Decor,ST10,Melbourne Retail - Glen Waverley,Glen Waverley,VIC,3150,Online,45,90,0.15,50,3492.5,1052.5,FALSE
ORD00127,1,45802,45806,CUST000208,Silver,POD25,Women’s Shoes,Apparel,Footwear,ST10,Melbourne Retail - Glen Waverley,Glen Waverley,VIC,3150,In Store,110,50,0.12,0,4840,1540,TRUE
ORD00127,2,45382,45386,CUST000226,Bronze,POD16,Cotton Crew T-Shirt,Apparel,Tops,ST6,Melbourne Retail - Collingwood,Collingwood,VIC,3066,Online,28,140,0.05,50,3774,1412,FALSE
ORD00127,3,45344,45345,CUST000248,Gold,POD14,Wall Plug (2-Pack),Electronics,Smart Home,ST17,Melbourne Retail - Footscray,Footscray,VIC,3011,Online,22,200,0.1,50,4010,1360,FALSE
ORD00127,4,45514,45515,CUST000193,Gold,POD35,Memory Foam Pillow,Home & Living,Bedding,ST13,Melbourne Retail - Preston,Preston,VIC,3072,Online,75,80,0.06,50,5690,2080,FALSE
ORD00128,1,45473,45476,CUST00054,Silver,POD31,Knife Set (5-Piece),Home & Living,Kitchen & Dining,ST2,Melbourne Retail - Southbank,Southbank,VIC,3006,Pick up,85,70,0.14,0,5117,1547,FALSE
ORD00128,2,45609,45610,CUST000102,Gold,POD33,Cotton Bedsheet Set,Home & Living,Bedding,ST19,Melbourne Retail - Dandenong,Dandenong,VIC,3175,Online,95,60,0.06,50,5408,1978,FALSE
ORD00128,3,45642,45646,CUST000212,Platinum,POD26,Brown Belt,Apparel,Accessories,ST15,Melbourne Retail - St Kilda,St Kilda,VIC,3182,In Store,35,100,0.08,0,3220,1120,FALSE
ORD00128,4,45748,45753,CUST000211,Bronze,POD18,Slim Fit Jeans,Apparel,Bottoms,ST14,Melbourne Retail - Brunswick,Brunswick,VIC,3056,In Store,70,80,0.12,0,4928,1568,FALSE
ORD00129,1,45674,45679,CUST00023,Bronze,POD16,Cotton Crew T-Shirt,Apparel,Tops,ST1,Melbourne Retail - Melbourne CBD,Melbourne CBD,VIC,3000,In Store,28,140,0.12,0,3449.6,1097.6,FALSE
ORD00129,2,45451,45451,CUST00059,Bronze,POD65,Electric Toothbrush,Beauty,Personal Care,ST16,Melbourne Retail - South Yarra,South Yarra,VIC,3141,In Store,80,70,0.08,0,5152,1792,FALSE
ORD00129,3,45739,45743,CUST000223,Silver,POD13,LED Light Bulb,Electronics,Smart Home,ST14,Melbourne Retail - Brunswick,Brunswick,VIC,3056,In Store,18,300,0.13,0,4698,1458,FALSE
ORD00129,4,45515,45517,CUST00048,Bronze,POD56,Face Mask,Beauty,Skincare,ST11,Melbourne Retail - Box Hill,Box Hill,VIC,3128,Pick up,25,130,0.15,0,2762.5,812.5,FALSE
ORD00130,1,45303,45308,CUST000221,Gold,POD22,Mid-Length Jacket,Apparel,Outerwear,ST9,Melbourne Retail - Camberwell,Camberwell,VIC,3124,Online,120,45,0.06,50,5126,1876,FALSE
ORD00130,2,45486,45487,CUST0002,Gold,POD10,Clear Phone Case,Electronics,Mobile Accessories,ST3,Melbourne Retail - Docklands,Docklands,VIC,3008,Pick up,20,180,0.07,0,3348,1188,FALSE
ORD00130,3,45565,45568,CUST000222,Gold,POD59,Hydrating Conditioner,Beauty,Hair Care,ST18,Melbourne Retail - Sunshine,Sunshine,VIC,3020,In Store,35,100,0.13,0,3045,945,FALSE
ORD00130,4,45312,45317,CUST000254,Platinum,POD20,High-Waist Jeans,Apparel,Bottoms,ST13,Melbourne Retail - Preston,Preston,VIC,3072,Pick up,80,60,0.06,0,4512,1632,FALSE
ORD00131,1,45308,45312,CUST000225,Silver,POD12,Wi-Fi Range Extender,Electronics,Networking,ST8,Melbourne Retail - Hawthorn,Hawthorn,VIC,3122,In Store,95,40,0.08,0,3496,1216,FALSE
ORD00131,2,45574,45579,CUST000254,Silver,POD38,Oak Side Table,Home & Living,Furniture,ST12,Melbourne Retail - Doncaster,Doncaster,VIC,3108,Online,150,30,0.11,50,4055,1345,FALSE
ORD00131,3,45485,45489,CUST000219,Bronze,POD47,Reed Diffuser – Citrus,Home & Living,Fragrance,ST15,Melbourne Retail - St Kilda,St Kilda,VIC,3182,Pick up,30,100,0.07,0,2790,990,FALSE
ORD00131,4,45617,45618,CUST000105,Platinum,POD43,Woven Storage Basket,Home & Living,Home Decor,ST20,Melbourne Retail - Frankston,Frankston,VIC,3199,Pick up,35,100,0.05,0,3325,1225,FALSE
ORD00132,1,45838,45843,CUST000257,Bronze,POD5,Wireless Mouse,Electronics,Computer Accessories,ST20,Melbourne Retail - Frankston,Frankston,VIC,3199,Pick up,45,100,0.05,0,4275,1575,FALSE
ORD00132,2,45665,45667,CUST000247,Gold,POD25,Women’s Shoes,Apparel,Footwear,ST13,Melbourne Retail - Preston,Preston,VIC,3072,In Store,110,50,0.07,0,5115,1815,FALSE
ORD00132,3,45479,45480,CUST000134,Silver,POD23,Wool Blend Coat,Apparel,Outerwear,ST11,Melbourne Retail - Box Hill,Box Hill,VIC,3128,Online,180,30,0.05,50,5180,1930,FALSE
ORD00132,4,45875,45877,CUST000220,Gold,POD11,Wi-Fi Router,Electronics,Networking,ST3,Melbourne Retail - Docklands,Docklands,VIC,3008,In Store,160,25,0.09,0,3640,1240,FALSE
ORD00133,2,45751,45754,CUST000157,Bronze,POD27,Classic Cap,Apparel,Accessories,ST15,Melbourne Retail - St Kilda,St Kilda,VIC,3182,Pick up,25,120,0.09,0,2730,930,FALSE
ORD00133,3,45368,45372,CUST000240,Platinum,POD49,Face Moisturiser,Beauty,Skincare,ST9,Melbourne Retail - Camberwell,Camberwell,VIC,3124,Online,45,100,0.1,50,4100,1390,FALSE
ORD00133,4,45771,45775,CUST000162,Platinum,POD17,Fleece Hoodie,Apparel,Tops,ST3,Melbourne Retail - Docklands,Docklands,VIC,3008,In Store,60,90,0.07,0,5022,1782,FALSE
ORD00134,1,45908,45908,CUST00064,Gold,POD23,Wool Blend Coat,Apparel,Outerwear,ST19,Melbourne Retail - Dandenong,Dandenong,VIC,3175,Online,180,30,0.05,50,5180,1930,FALSE
ORD00134,2,45751,45755,CUST00076,Bronze,POD10,Clear Phone Case,Electronics,Mobile Accessories,ST5,Melbourne Retail - Fitzroy,Fitzroy,VIC,3065,Online,20,180,0.11,50,3254,1084,FALSE
ORD00134,3,45555,45555,CUST0006,Silver,POD29,Ceramic Mug,Home & Living,Kitchen & Dining,ST20,Melbourne Retail - Frankston,Frankston,VIC,3199,In Store,15,200,0.15,0,2550,750,FALSE
ORD00134,4,45966,45969,CUST000195,Platinum,POD58,Rose Cream,Beauty,Skincare,ST14,Melbourne Retail - Brunswick,Brunswick,VIC,3056,Online,42,90,0.14,50,3300.8,1022.8,FALSE
ORD00135,1,45389,45392,CUST000213,Platinum,POD35,Memory Foam Pillow,Home & Living,Bedding,ST12,Melbourne Retail - Doncaster,Doncaster,VIC,3108,Pick up,75,80,0.15,0,5100,1500,FALSE
ORD00135,2,45411,45413,CUST00052,Gold,POD42,Minimal Wall Clock,Home & Living,Home Decor,ST1,Melbourne Retail - Melbourne CBD,Melbourne CBD,VIC,3000,Online,45,90,0.12,50,3614,1174,FALSE
ORD00135,3,45485,45488,CUST000230,Bronze,POD40,LED Desk Lamp,Home & Living,Lighting,ST8,Melbourne Retail - Hawthorn,Hawthorn,VIC,3122,Pick up,60,80,0.11,0,4272,1392,FALSE
ORD00135,4,45504,45506,CUST000248,Silver,POD66,Razor – 5 Blade,Beauty,Personal Care,ST3,Melbourne Retail - Docklands,Docklands,VIC,3008,Pick up,35,90,0.06,0,2961,1071,FALSE
ORD00136,1,45483,45484,CUST00057,Platinum,POD55,Vitamin C Serum,Beauty,Serums & Treatments,ST7,Melbourne Retail - Richmond,Richmond,VIC,3121,Online,70,75,0.09,50,4827.5,1667.5,FALSE
ORD00136,2,45397,45397,CUST0006,Platinum,POD15,Cotton T-Shirt,Apparel,Tops,ST10,Melbourne Retail - Glen Waverley,Glen Waverley,VIC,3150,In Store,25,150,0.11,0,3337.5,1087.5,FALSE
ORD00136,3,45961,45965,CUST000229,Silver,POD58,Rose Cream,Beauty,Skincare,ST16,Melbourne Retail - South Yarra,South Yarra,VIC,3141,Pick up,42,90,0.11,0,3364.2,1096.2,FALSE
ORD00136,4,45354,45358,CUST000176,Bronze,POD32,Bamboo Cutting Board,Home & Living,Kitchen & Dining,ST18,Melbourne Retail - Sunshine,Sunshine,VIC,3020,Pick up,30,100,0.1,0,2700,900,FALSE
ORD00137,1,45939,45939,CUST000154,Platinum,POD46,Scented Candle – Lavender,Home & Living,Fragrance,ST7,Melbourne Retail - Richmond,Richmond,VIC,3121,Online,25,150,0.07,50,3537.5,1277.5,FALSE
ORD00137,2,45664,45668,CUST00065,Gold,POD21,Midi Dress,Apparel,Dresses,ST17,Melbourne Retail - Footscray,Footscray,VIC,3011,Pick up,95,50,0.12,0,4180,1330,FALSE
ORD00137,3,45932,45937,CUST000179,Platinum,POD28,Socks (5-Pack),Apparel,Accessories,ST18,Melbourne Retail - Sunshine,Sunshine,VIC,3020,In Store,20,150,0.06,0,2820,1020,FALSE
ORD00137,4,45315,45315,CUST00016,Silver,POD58,Rose Cream,Beauty,Skincare,ST9,Melbourne Retail - Camberwell,Camberwell,VIC,3124,In Store,42,90,0.06,0,3553.2,1285.2,FALSE
ORD00138,1,45697,45701,CUST000235,Silver,POD39,Mesh Office Chair,Home & Living,Furniture,ST6,Melbourne Retail - Collingwood,Collingwood,VIC,3066,Online,200,25,0.07,50,4700,1690,FALSE
ORD00138,2,45821,45821,CUST00019,Platinum,POD8,Lightning Cable,Electronics,Mobile Accessories,ST14,Melbourne Retail - Brunswick,Brunswick,VIC,3056,In Store,25,150,0.09,0,3412.5,1162.5,FALSE
ORD00138,3,45510,45511,CUST000105,Platinum,POD36,All-Seasons Duvet Quilt,Home & Living,Bedding,ST16,Melbourne Retail - South Yarra,South Yarra,VIC,3141,Online,120,50,0.05,50,5750,2140,FALSE
ORD00138,4,45680,45680,CUST00059,Platinum,POD64,Roll-On Deodorant,Beauty,Personal Care,ST7,Melbourne Retail - Richmond,Richmond,VIC,3121,Pick up,25,100,0.1,0,2250,750,FALSE
ORD00139,1,45893,45895,CUST000126,Platinum,POD8,Lightning Cable,Electronics,Mobile Accessories,ST6,Melbourne Retail - Collingwood,Collingwood,VIC,3066,Pick up,25,150,0.15,0,3187.5,937.5,FALSE
ORD00139,2,45541,45542,CUST000259,Platinum,POD63,Eau de Parfum,Beauty,Fragrance,ST5,Melbourne Retail - Fitzroy,Fitzroy,VIC,3065,In Store,95,50,0.12,0,4180,1330,FALSE
ORD00139,3,45520,45524,CUST00097,Silver,POD19,Chino Pants,Apparel,Bottoms,ST10,Melbourne Retail - Glen Waverley,Glen Waverley,VIC,3150,In Store,65,75,0.15,0,4143.75,1218.75,FALSE
ORD00139,4,45390,45391,CUST000106,Platinum,POD34,Cotton Throw Blanket,Home & Living,Bedding,ST13,Melbourne Retail - Preston,Preston,VIC,3072,In Store,60,70,0.12,0,3696,1176,FALSE
ORD00140,1,45594,45595,CUST00069,Silver,POD34,Cotton Throw Blanket,Home & Living,Bedding,ST3,Melbourne Retail - Docklands,Docklands,VIC,3008,Pick up,60,70,0.15,0,3570,1050,FALSE
ORD00140,2,45957,45960,CUST00084,Gold,POD51,Moisturiser – SPF31,Beauty,Skincare,ST4,Melbourne Retail - Carlton,Carlton,VIC,3053,In Store,48,100,0.08,0,4416,1536,FALSE
ORD00140,4,45842,45845,CUST000136,Silver,POD58,Rose Cream,Beauty,Skincare,ST6,Melbourne Retail - Collingwood,Collingwood,VIC,3066,Online,42,90,0.14,50,3300.8,1022.8,FALSE
ORD00141,1,45593,45594,CUST000151,Bronze,POD61,Hydrating Shampoo,Beauty,Hair Care,ST15,Melbourne Retail - St Kilda,St Kilda,VIC,3182,Online,38,90,0.06,50,3264.8,1202.8,FALSE
ORD00141,2,45984,45986,CUST000103,Platinum,POD26,Brown Belt,Apparel,Accessories,ST5,Melbourne Retail - Fitzroy,Fitzroy,VIC,3065,In Store,35,100,0.08,0,3220,1120,FALSE
ORD00141,3,45393,45398,CUST000151,Platinum,POD36,All-Seasons Duvet Quilt,Home & Living,Bedding,ST20,Melbourne Retail - Frankston,Frankston,VIC,3199,In Store,120,50,0.09,0,5460,1860,FALSE
ORD00141,4,45693,45697,CUST000234,Silver,POD59,Hydrating Conditioner,Beauty,Hair Care,ST4,Melbourne Retail - Carlton,Carlton,VIC,3053,In Store,35,100,0.14,0,3010,910,FALSE
ORD00142,1,45432,45434,CUST00065,Bronze,POD52,Face Cleanser,Beauty,Skincare,ST6,Melbourne Retail - Collingwood,Collingwood,VIC,3066,Online,35,120,0.12,50,3746,1216,FALSE
ORD00142,2,45934,45935,CUST000204,Gold,POD9,Screen Protector,Electronics,Mobile Accessories,ST18,Melbourne Retail - Sunshine,Sunshine,VIC,3020,In Store,15,200,0.08,0,2760,960,FALSE
ORD00142,3,45380,45382,CUST000118,Bronze,POD28,Socks (5-Pack),Apparel,Accessories,ST1,Melbourne Retail - Melbourne CBD,Melbourne CBD,VIC,3000,In Store,20,150,0.11,0,2670,870,FALSE
ORD00142,4,45754,45757,CUST00073,Silver,POD8,Lightning Cable,Electronics,Mobile Accessories,ST12,Melbourne Retail - Doncaster,Doncaster,VIC,3108,Pick up,25,150,0.07,0,3487.5,1237.5,FALSE
ORD00143,1,45458,45459,CUST00067,Bronze,POD33,Cotton Bedsheet Set,Home & Living,Bedding,ST4,Melbourne Retail - Carlton,Carlton,VIC,3053,Pick up,95,60,0.15,0,4845,1425,TRUE
ORD00143,2,46006,46008,CUST000259,Bronze,POD41,Arc Floor Lamp,Home & Living,Lighting,ST16,Melbourne Retail - South Yarra,South Yarra,VIC,3141,Online,130,40,0.13,50,4574,1444,FALSE
ORD00143,3,45952,45954,CUST000256,Silver,POD52,Face Cleanser,Beauty,Skincare,ST4,Melbourne Retail - Carlton,Carlton,VIC,3053,Pick up,35,120,0.08,0,3864,1344,FALSE
ORD00143,4,45681,45686,CUST000258,Bronze,POD58,Rose Cream,Beauty,Skincare,ST14,Melbourne Retail - Brunswick,Brunswick,VIC,3056,Pick up,42,90,0.1,0,3402,1134,FALSE
ORD00144,1,45396,45400,CUST000258,Platinum,POD15,Cotton T-Shirt,Apparel,Tops,ST19,Melbourne Retail - Dandenong,Dandenong,VIC,3175,Online,25,150,0.13,50,3312.5,1052.5,FALSE
ORD00144,2,45850,45852,CUST00018,Gold,POD35,Memory Foam Pillow,Home & Living,Bedding,ST7,Melbourne Retail - Richmond,Richmond,VIC,3121,In Store,75,80,0.1,0,5400,1800,FALSE
ORD00144,3,45740,45745,CUST0006,Bronze,POD17,Fleece Hoodie,Apparel,Tops,ST7,Melbourne Retail - Richmond,Richmond,VIC,3121,Online,60,90,0.08,50,5018,1768,FALSE
ORD00145,1,46021,46021,CUST000160,Bronze,POD62,Argan Oil,Beauty,Hair Care,ST14,Melbourne Retail - Brunswick,Brunswick,VIC,3056,Pick up,55,60,0.14,0,2838,858,FALSE
ORD00145,2,45958,45962,CUST000262,Platinum,POD26,Brown Belt,Apparel,Accessories,ST13,Melbourne Retail - Preston,Preston,VIC,3072,Pick up,35,100,0.11,0,3115,1015,FALSE
ORD00145,3,45697,45698,CUST00019,Bronze,POD61,Hydrating Shampoo,Beauty,Hair Care,ST9,Melbourne Retail - Camberwell,Camberwell,VIC,3124,Pick up,38,90,0.09,0,3112.2,1060.2,FALSE
ORD00145,4,45771,45775,CUST000261,Silver,POD8,Lightning Cable,Electronics,Mobile Accessories,ST16,Melbourne Retail - South Yarra,South Yarra,VIC,3141,Online,25,150,0.06,50,3575,1315,FALSE
ORD00146,1,45869,45872,CUST000104,Bronze,POD37,5-Tier Bookshelf,Home & Living,Furniture,ST20,Melbourne Retail - Frankston,Frankston,VIC,3199,Online,180,25,0.07,50,4235,1525,FALSE
ORD00146,2,45819,45822,CUST000102,Gold,POD62,Argan Oil,Beauty,Hair Care,ST8,Melbourne Retail - Hawthorn,Hawthorn,VIC,3122,Pick up,55,60,0.12,0,2904,924,FALSE
ORD00146,3,45825,45827,CUST0003,Platinum,POD32,Bamboo Cutting Board,Home & Living,Kitchen & Dining,ST9,Melbourne Retail - Camberwell,Camberwell,VIC,3124,Online,30,100,0.08,50,2810,1000,FALSE
ORD00146,4,45906,45906,CUST000218,Silver,POD15,Cotton T-Shirt,Apparel,Tops,ST2,Melbourne Retail - Southbank,Southbank,VIC,3006,In Store,25,150,0.13,0,3262.5,1012.5,FALSE
ORD00147,1,45891,45891,CUST000214,Bronze,POD19,Chino Pants,Apparel,Bottoms,ST8,Melbourne Retail - Hawthorn,Hawthorn,VIC,3122,Pick up,65,75,0.1,0,4387.5,1462.5,TRUE
ORD00147,2,45923,45924,CUST000119,Platinum,POD18,Slim Fit Jeans,Apparel,Bottoms,ST17,Melbourne Retail - Footscray,Footscray,VIC,3011,Pick up,70,80,0.06,0,5264,1904,FALSE
ORD00147,3,45339,45339,CUST000235,Silver,POD14,Wall Plug (2-Pack),Electronics,Smart Home,ST2,Melbourne Retail - Southbank,Southbank,VIC,3006,Online,22,200,0.08,50,4098,1448,FALSE
ORD00147,4,45964,45967,CUST000254,Silver,POD62,Argan Oil,Beauty,Hair Care,ST14,Melbourne Retail - Brunswick,Brunswick,VIC,3056,Online,55,60,0.08,50,3086,1096,FALSE
ORD00148,1,45355,45356,CUST0009,Gold,POD7,"Power Bank 10,000mAh",Electronics,Mobile Accessories,ST16,Melbourne Retail - South Yarra,South Yarra,VIC,3141,In Store,60,80,0.12,0,4224,1344,FALSE
ORD00148,2,45656,45659,CUST00015,Silver,POD50,Moisturiser – SPF30,Beauty,Skincare,ST8,Melbourne Retail - Hawthorn,Hawthorn,VIC,3122,In Store,48,100,0.08,0,4416,1536,FALSE
ORD00148,3,45506,45506,CUST000262,Silver,POD65,Electric Toothbrush,Beauty,Personal Care,ST2,Melbourne Retail - Southbank,Southbank,VIC,3006,In Store,80,70,0.05,0,5320,1960,FALSE
ORD00148,4,45934,45939,CUST00075,Gold,POD66,Razor – 5 Blade,Beauty,Personal Care,ST4,Melbourne Retail - Carlton,Carlton,VIC,3053,Online,35,90,0.09,50,2916.5,1016.5,FALSE
ORD00149,1,45415,45417,CUST000152,Gold,POD43,Woven Storage Basket,Home & Living,Home Decor,ST15,Melbourne Retail - St Kilda,St Kilda,VIC,3182,In Store,35,100,0.12,0,3080,980,FALSE
ORD00149,2,45697,45701,CUST000186,Gold,POD25,Women’s Shoes,Apparel,Footwear,ST11,Melbourne Retail - Box Hill,Box Hill,VIC,3128,Pick up,110,50,0.15,0,4675,1375,FALSE
ORD00149,3,45763,45764,CUST00035,Silver,POD12,Wi-Fi Range Extender,Electronics,Networking,ST18,Melbourne Retail - Sunshine,Sunshine,VIC,3020,Pick up,95,40,0.14,0,3268,988,FALSE
ORD00149,4,45351,45352,CUST000198,Silver,POD18,Slim Fit Jeans,Apparel,Bottoms,ST15,Melbourne Retail - St Kilda,St Kilda,VIC,3182,In Store,70,80,0.13,0,4872,1512,FALSE
ORD00150,1,45549,45549,CUST000254,Bronze,POD7,"Power Bank 10,000mAh",Electronics,Mobile Accessories,ST13,Melbourne Retail - Preston,Preston,VIC,3072,Online,60,80,0.15,50,4130,1240,FALSE
ORD00150,2,45325,45328,CUST000212,Platinum,POD57,Shea Lotion,Beauty,Skincare,ST10,Melbourne Retail - Glen Waverley,Glen Waverley,VIC,3150,Online,40,100,0.06,50,3810,1400,FALSE
ORD00150,3,45936,45940,CUST00012,Silver,POD65,Electric Toothbrush,Beauty,Personal Care,ST8,Melbourne Retail - Hawthorn,Hawthorn,VIC,3122,Online,80,70,0.11,50,5034,1664,FALSE
ORD00150,4,45450,45450,CUST000166,Platinum,POD59,Hydrating Conditioner,Beauty,Hair Care,ST10,Melbourne Retail - Glen Waverley,Glen Waverley,VIC,3150,Pick up,35,100,0.14,0,3010,910,FALSE
ORD00151,1,45672,45677,CUST00010,Bronze,POD41,Arc Floor Lamp,Home & Living,Lighting,ST10,Melbourne Retail - Glen Waverley,Glen Waverley,VIC,3150,Online,130,40,0.12,50,4626,1496,FALSE
ORD00151,2,45548,45553,CUST000202,Silver,POD60,Volumising Shampoo,Beauty,Hair Care,ST19,Melbourne Retail - Dandenong,Dandenong,VIC,3175,In Store,38,90,0.05,0,3249,1197,FALSE
ORD00151,3,45719,45724,CUST000160,Bronze,POD40,LED Desk Lamp,Home & Living,Lighting,ST19,Melbourne Retail - Dandenong,Dandenong,VIC,3175,In Store,60,80,0.12,0,4224,1344,FALSE
ORD00151,4,45352,45352,CUST000198,Gold,POD65,Electric Toothbrush,Beauty,Personal Care,ST19,Melbourne Retail - Dandenong,Dandenong,VIC,3175,In Store,80,70,0.13,0,4872,1512,FALSE
ORD00152,1,45781,45783,CUST000112,Silver,POD58,Rose Cream,Beauty,Skincare,ST4,Melbourne Retail - Carlton,Carlton,VIC,3053,Pick up,42,90,0.08,0,3477.6,1209.6,FALSE
ORD00152,2,45807,45812,CUST000216,Platinum,POD15,Cotton T-Shirt,Apparel,Tops,ST16,Melbourne Retail - South Yarra,South Yarra,VIC,3141,Pick up,25,150,0.07,0,3487.5,1237.5,TRUE
ORD00152,3,45316,45319,CUST000260,Silver,POD17,Fleece Hoodie,Apparel,Tops,ST9,Melbourne Retail - Camberwell,Camberwell,VIC,3124,Online,60,90,0.11,50,4856,1606,FALSE
ORD00152,4,45701,45703,CUST000128,Platinum,POD33,Cotton Bedsheet Set,Home & Living,Bedding,ST3,Melbourne Retail - Docklands,Docklands,VIC,3008,Pick up,95,60,0.06,0,5358,1938,FALSE
ORD00153,1,45340,45340,CUST000179,Gold,POD42,Minimal Wall Clock,Home & Living,Home Decor,ST15,Melbourne Retail - St Kilda,St Kilda,VIC,3182,Online,45,90,0.1,50,3695,1255,FALSE
ORD00153,2,45373,45376,CUST000171,Bronze,POD18,Slim Fit Jeans,Apparel,Bottoms,ST10,Melbourne Retail - Glen Waverley,Glen Waverley,VIC,3150,Online,70,80,0.05,50,5370,2000,TRUE
ORD00153,3,45612,45613,CUST00057,Silver,POD37,5-Tier Bookshelf,Home & Living,Furniture,ST3,Melbourne Retail - Docklands,Docklands,VIC,3008,In Store,180,25,0.13,0,3915,1215,FALSE
ORD00153,4,45882,45883,CUST00068,Gold,POD6,USB-C Charger,Electronics,Mobile Accessories,ST3,Melbourne Retail - Docklands,Docklands,VIC,3008,Online,35,120,0.15,50,3620,1090,FALSE
ORD00154,1,45552,45554,CUST000263,Silver,POD63,Eau de Parfum,Beauty,Fragrance,ST18,Melbourne Retail - Sunshine,Sunshine,VIC,3020,Online,95,50,0.15,50,4087.5,1227.5,FALSE
ORD00154,2,45486,45488,CUST00029,Gold,POD22,Mid-Length Jacket,Apparel,Outerwear,ST12,Melbourne Retail - Doncaster,Doncaster,VIC,3108,Pick up,120,45,0.05,0,5130,1890,FALSE
ORD00154,3,45958,45962,CUST00036,Gold,POD57,Shea Lotion,Beauty,Skincare,ST7,Melbourne Retail - Richmond,Richmond,VIC,3121,Online,40,100,0.06,50,3810,1400,FALSE
ORD00154,4,45634,45634,CUST000168,Silver,POD55,Vitamin C Serum,Beauty,Serums & Treatments,ST16,Melbourne Retail - South Yarra,South Yarra,VIC,3141,Pick up,70,75,0.13,0,4567.5,1417.5,FALSE
ORD00155,1,45765,45770,CUST000251,Silver,POD37,5-Tier Bookshelf,Home & Living,Furniture,ST12,Melbourne Retail - Doncaster,Doncaster,VIC,3108,Pick up,180,25,0.13,0,3915,1215,FALSE
ORD00155,2,45979,45980,CUST00068,Platinum,POD65,Electric Toothbrush,Beauty,Personal Care,ST5,Melbourne Retail - Fitzroy,Fitzroy,VIC,3065,In Store,80,70,0.14,0,4816,1456,FALSE
ORD00155,3,45963,45963,CUST000177,Silver,POD27,Classic Cap,Apparel,Accessories,ST14,Melbourne Retail - Brunswick,Brunswick,VIC,3056,Online,25,120,0.05,50,2900,1090,FALSE
ORD00155,4,45351,45352,CUST000181,Platinum,POD7,"Power Bank 10,000mAh",Electronics,Mobile Accessories,ST11,Melbourne Retail - Box Hill,Box Hill,VIC,3128,In Store,60,80,0.15,0,4080,1200,FALSE
ORD00156,1,45897,45902,CUST00020,Gold,POD11,Wi-Fi Router,Electronics,Networking,ST14,Melbourne Retail - Brunswick,Brunswick,VIC,3056,Online,160,25,0.14,50,3490,1080,FALSE
ORD00156,2,45641,45643,CUST000258,Silver,POD5,Wireless Mouse,Electronics,Computer Accessories,ST13,Melbourne Retail - Preston,Preston,VIC,3072,Pick up,45,100,0.14,0,3870,1170,FALSE
ORD00156,3,45612,45616,CUST000177,Silver,POD40,LED Desk Lamp,Home & Living,Lighting,ST15,Melbourne Retail - St Kilda,St Kilda,VIC,3182,Online,60,80,0.13,50,4226,1336,FALSE
ORD00156,4,45303,45307,CUST0004,Gold,POD25,Women’s Shoes,Apparel,Footwear,ST16,Melbourne Retail - South Yarra,South Yarra,VIC,3141,Online,110,50,0.15,50,4725,1415,FALSE
ORD00157,1,45697,45702,CUST000216,Bronze,POD65,Electric Toothbrush,Beauty,Personal Care,ST20,Melbourne Retail - Frankston,Frankston,VIC,3199,Online,80,70,0.13,50,4922,1552,FALSE
ORD00157,2,45881,45885,CUST000176,Bronze,POD8,Lightning Cable,Electronics,Mobile Accessories,ST2,Melbourne Retail - Southbank,Southbank,VIC,3006,Pick up,25,150,0.12,0,3300,1050,FALSE
ORD00157,3,45787,45791,CUST000261,Gold,POD29,Ceramic Mug,Home & Living,Kitchen & Dining,ST8,Melbourne Retail - Hawthorn,Hawthorn,VIC,3122,In Store,15,200,0.15,0,2550,750,FALSE
ORD00157,4,45670,45672,CUST000237,Bronze,POD63,Eau de Parfum,Beauty,Fragrance,ST11,Melbourne Retail - Box Hill,Box Hill,VIC,3128,Online,95,50,0.11,50,4277.5,1417.5,FALSE
ORD00158,1,45633,45638,CUST00010,Platinum,POD39,Mesh Office Chair,Home & Living,Furniture,ST10,Melbourne Retail - Glen Waverley,Glen Waverley,VIC,3150,Online,200,25,0.07,50,4700,1690,FALSE
ORD00158,2,45597,45597,CUST00033,Silver,POD5,Wireless Mouse,Electronics,Computer Accessories,ST12,Melbourne Retail - Doncaster,Doncaster,VIC,3108,Pick up,45,100,0.08,0,4140,1440,FALSE
ORD00158,3,45598,45603,CUST000215,Gold,POD47,Reed Diffuser – Citrus,Home & Living,Fragrance,ST11,Melbourne Retail - Box Hill,Box Hill,VIC,3128,Pick up,30,100,0.14,0,2580,780,FALSE
ORD00158,4,45540,45540,CUST000214,Gold,POD21,Midi Dress,Apparel,Dresses,ST13,Melbourne Retail - Preston,Preston,VIC,3072,Pick up,95,50,0.09,0,4322.5,1472.5,FALSE
ORD00159,1,45960,45962,CUST00048,Platinum,POD7,"Power Bank 10,000mAh",Electronics,Mobile Accessories,ST1,Melbourne Retail - Melbourne CBD,Melbourne CBD,VIC,3000,Online,60,80,0.11,50,4322,1432,FALSE
ORD00159,2,45416,45419,CUST00059,Gold,POD66,Razor – 5 Blade,Beauty,Personal Care,ST8,Melbourne Retail - Hawthorn,Hawthorn,VIC,3122,Online,35,90,0.11,50,2853.5,953.5,FALSE
ORD00159,3,45996,45999,CUST000106,Bronze,POD31,Knife Set (5-Piece),Home & Living,Kitchen & Dining,ST3,Melbourne Retail - Docklands,Docklands,VIC,3008,Pick up,85,70,0.08,0,5474,1904,FALSE
ORD00159,4,45975,45977,CUST000170,Platinum,POD56,Face Mask,Beauty,Skincare,ST15,Melbourne Retail - St Kilda,St Kilda,VIC,3182,Online,25,130,0.08,50,3040,1080,FALSE
ORD00160,1,45610,45614,CUST00023,Gold,POD47,Reed Diffuser – Citrus,Home & Living,Fragrance,ST10,Melbourne Retail - Glen Waverley,Glen Waverley,VIC,3150,Pick up,30,100,0.08,0,2760,960,FALSE
ORD00160,2,45764,45768,CUST0007,Platinum,POD64,Roll-On Deodorant,Beauty,Personal Care,ST8,Melbourne Retail - Hawthorn,Hawthorn,VIC,3122,In Store,25,100,0.07,0,2325,825,FALSE
ORD00160,3,45903,45906,CUST000113,Silver,POD1,Wireless Headphones,Electronics,Audio Devices,ST16,Melbourne Retail - South Yarra,South Yarra,VIC,3141,Pick up,120,50,0.06,0,5640,2040,FALSE
ORD00160,4,45825,45826,CUST000248,Gold,POD5,Wireless Mouse,Electronics,Computer Accessories,ST20,Melbourne Retail - Frankston,Frankston,VIC,3199,Online,45,100,0.11,50,4055,1345,FALSE
ORD00161,1,45820,45824,CUST00018,Platinum,POD9,Screen Protector,Electronics,Mobile Accessories,ST10,Melbourne Retail - Glen Waverley,Glen Waverley,VIC,3150,Pick up,15,200,0.05,0,2850,1050,FALSE
ORD00161,2,45961,45961,CUST000250,Platinum,POD62,Argan Oil,Beauty,Hair Care,ST18,Melbourne Retail - Sunshine,Sunshine,VIC,3020,Online,55,60,0.1,50,3020,1030,FALSE
ORD00161,3,45667,45669,CUST000232,Gold,POD10,Clear Phone Case,Electronics,Mobile Accessories,ST13,Melbourne Retail - Preston,Preston,VIC,3072,Pick up,20,180,0.07,0,3348,1188,FALSE
ORD00161,4,45537,45541,CUST000250,Platinum,POD14,Wall Plug (2-Pack),Electronics,Smart Home,ST9,Melbourne Retail - Camberwell,Camberwell,VIC,3124,In Store,22,200,0.05,0,4180,1540,FALSE
ORD00162,1,45636,45641,CUST000109,Platinum,POD12,Wi-Fi Range Extender,Electronics,Networking,ST15,Melbourne Retail - St Kilda,St Kilda,VIC,3182,Pick up,95,40,0.08,0,3496,1216,TRUE
ORD00162,2,45723,45723,CUST000134,Platinum,POD51,Moisturiser – SPF31,Beauty,Skincare,ST13,Melbourne Retail - Preston,Preston,VIC,3072,Online,48,100,0.09,50,4418,1528,FALSE
ORD00162,3,45389,45391,CUST000176,Gold,POD27,Classic Cap,Apparel,Accessories,ST13,Melbourne Retail - Preston,Preston,VIC,3072,In Store,25,120,0.05,0,2850,1050,FALSE
ORD00162,4,45885,45890,CUST000188,Bronze,POD55,Vitamin C Serum,Beauty,Serums & Treatments,ST5,Melbourne Retail - Fitzroy,Fitzroy,VIC,3065,Online,70,75,0.15,50,4512.5,1352.5,FALSE
ORD00163,1,45459,45459,CUST000198,Gold,POD62,Argan Oil,Beauty,Hair Care,ST8,Melbourne Retail - Hawthorn,Hawthorn,VIC,3122,Pick up,55,60,0.12,0,2904,924,FALSE
ORD00163,2,45304,45306,CUST000116,Bronze,POD52,Face Cleanser,Beauty,Skincare,ST10,Melbourne Retail - Glen Waverley,Glen Waverley,VIC,3150,Pick up,35,120,0.05,0,3990,1470,FALSE
ORD00163,4,45974,45975,CUST000142,Platinum,POD18,Slim Fit Jeans,Apparel,Bottoms,ST17,Melbourne Retail - Footscray,Footscray,VIC,3011,In Store,70,80,0.12,0,4928,1568,FALSE
ORD00164,1,45486,45488,CUST000198,Bronze,POD33,Cotton Bedsheet Set,Home & Living,Bedding,ST7,Melbourne Retail - Richmond,Richmond,VIC,3121,Online,95,60,0.13,50,5009,1579,FALSE
ORD00164,2,45906,45910,CUST000110,Silver,POD65,Electric Toothbrush,Beauty,Personal Care,ST12,Melbourne Retail - Doncaster,Doncaster,VIC,3108,Online,80,70,0.11,50,5034,1664,FALSE
ORD00164,3,45877,45878,CUST000246,Silver,POD2,Bluetooth Earbuds,Electronics,Audio Devices,ST15,Melbourne Retail - St Kilda,St Kilda,VIC,3182,Online,90,60,0.08,50,5018,1768,FALSE
ORD00164,4,45902,45906,CUST000231,Bronze,POD47,Reed Diffuser – Citrus,Home & Living,Fragrance,ST18,Melbourne Retail - Sunshine,Sunshine,VIC,3020,Online,30,100,0.05,50,2900,1090,FALSE
ORD00165,1,45673,45674,CUST000158,Platinum,POD27,Classic Cap,Apparel,Accessories,ST17,Melbourne Retail - Footscray,Footscray,VIC,3011,Online,25,120,0.08,50,2810,1000,FALSE
ORD00165,2,45869,45869,CUST00040,Platinum,POD39,Mesh Office Chair,Home & Living,Furniture,ST4,Melbourne Retail - Carlton,Carlton,VIC,3053,Pick up,200,25,0.13,0,4350,1350,FALSE
ORD00165,3,45494,45495,CUST000252,Silver,POD25,Women’s Shoes,Apparel,Footwear,ST8,Melbourne Retail - Hawthorn,Hawthorn,VIC,3122,In Store,110,50,0.1,0,4950,1650,FALSE
ORD00165,4,45734,45735,CUST00078,Bronze,POD30,Non-Stick Frypan 28cm,Home & Living,Kitchen & Dining,ST1,Melbourne Retail - Melbourne CBD,Melbourne CBD,VIC,3000,Online,55,80,0.12,50,3922,1272,FALSE
ORD00166,1,45811,45813,CUST000210,Gold,POD49,Face Moisturiser,Beauty,Skincare,ST13,Melbourne Retail - Preston,Preston,VIC,3072,Pick up,45,100,0.12,0,3960,1260,FALSE
ORD00166,3,45556,45558,CUST000185,Bronze,POD2,Bluetooth Earbuds,Electronics,Audio Devices,ST16,Melbourne Retail - South Yarra,South Yarra,VIC,3141,Online,90,60,0.07,50,5072,1822,FALSE
ORD00166,4,45973,45975,CUST000249,Gold,POD57,Shea Lotion,Beauty,Skincare,ST7,Melbourne Retail - Richmond,Richmond,VIC,3121,In Store,40,100,0.11,0,3560,1160,FALSE
ORD00167,1,45978,45979,CUST00022,Bronze,POD37,5-Tier Bookshelf,Home & Living,Furniture,ST14,Melbourne Retail - Brunswick,Brunswick,VIC,3056,Pick up,180,25,0.05,0,4275,1575,FALSE
ORD00167,2,45473,45478,CUST000193,Gold,POD55,Vitamin C Serum,Beauty,Serums & Treatments,ST9,Melbourne Retail - Camberwell,Camberwell,VIC,3124,Pick up,70,75,0.05,0,4987.5,1837.5,FALSE
ORD00167,3,45742,45742,CUST00036,Gold,POD20,High-Waist Jeans,Apparel,Bottoms,ST15,Melbourne Retail - St Kilda,St Kilda,VIC,3182,Pick up,80,60,0.12,0,4224,1344,FALSE
ORD00167,4,45339,45344,CUST00099,Bronze,POD27,Classic Cap,Apparel,Accessories,ST19,Melbourne Retail - Dandenong,Dandenong,VIC,3175,Online,25,120,0.05,50,2900,1090,FALSE
ORD00168,1,45494,45499,CUST000233,Bronze,POD46,Scented Candle – Lavender,Home & Living,Fragrance,ST19,Melbourne Retail - Dandenong,Dandenong,VIC,3175,In Store,25,150,0.09,0,3412.5,1162.5,FALSE
ORD00168,2,45414,45416,CUST000262,Bronze,POD40,LED Desk Lamp,Home & Living,Lighting,ST13,Melbourne Retail - Preston,Preston,VIC,3072,In Store,60,80,0.09,0,4368,1488,FALSE
ORD00168,3,45973,45977,CUST000100,Gold,POD26,Brown Belt,Apparel,Accessories,ST4,Melbourne Retail - Carlton,Carlton,VIC,3053,Pick up,35,100,0.14,0,3010,910,FALSE
ORD00168,4,45405,45408,CUST000191,Platinum,POD17,Fleece Hoodie,Apparel,Tops,ST14,Melbourne Retail - Brunswick,Brunswick,VIC,3056,In Store,60,90,0.09,0,4914,1674,FALSE
ORD00169,1,45869,45873,CUST000113,Bronze,POD11,Wi-Fi Router,Electronics,Networking,ST11,Melbourne Retail - Box Hill,Box Hill,VIC,3128,Pick up,160,25,0.14,0,3440,1040,FALSE
ORD00169,2,45533,45538,CUST000116,Platinum,POD7,"Power Bank 10,000mAh",Electronics,Mobile Accessories,ST12,Melbourne Retail - Doncaster,Doncaster,VIC,3108,Pick up,60,80,0.12,0,4224,1344,FALSE
ORD00169,3,45414,45419,CUST00038,Gold,POD29,Ceramic Mug,Home & Living,Kitchen & Dining,ST1,Melbourne Retail - Melbourne CBD,Melbourne CBD,VIC,3000,Online,15,200,0.08,50,2810,1000,FALSE
ORD00169,4,45324,45326,CUST00087,Platinum,POD6,USB-C Charger,Electronics,Mobile Accessories,ST7,Melbourne Retail - Richmond,Richmond,VIC,3121,In Store,35,120,0.06,0,3948,1428,FALSE
ORD00170,1,45877,45878,CUST000152,Bronze,POD31,Knife Set (5-Piece),Home & Living,Kitchen & Dining,ST13,Melbourne Retail - Preston,Preston,VIC,3072,In Store,85,70,0.14,0,5117,1547,FALSE
ORD00170,2,45778,45778,CUST000180,Silver,POD53,Eucalyptus Face Wash,Beauty,Skincare,ST7,Melbourne Retail - Richmond,Richmond,VIC,3121,Online,38,110,0.09,50,3853.8,1335.8,FALSE
ORD00170,3,45505,45505,CUST00050,Platinum,POD66,Razor – 5 Blade,Beauty,Personal Care,ST1,Melbourne Retail - Melbourne CBD,Melbourne CBD,VIC,3000,Online,35,90,0.12,50,2822,922,FALSE
ORD00170,4,45956,45960,CUST000190,Gold,POD32,Bamboo Cutting Board,Home & Living,Kitchen & Dining,ST16,Melbourne Retail - South Yarra,South Yarra,VIC,3141,Online,30,100,0.07,50,2840,1030,TRUE
ORD00171,1,45742,45744,CUST00027,Silver,POD53,Eucalyptus Face Wash,Beauty,Skincare,ST16,Melbourne Retail - South Yarra,South Yarra,VIC,3141,Online,38,110,0.14,50,3644.8,1126.8,FALSE
ORD00171,2,45614,45615,CUST00076,Bronze,POD32,Bamboo Cutting Board,Home & Living,Kitchen & Dining,ST1,Melbourne Retail - Melbourne CBD,Melbourne CBD,VIC,3000,Online,30,100,0.1,50,2750,940,FALSE
ORD00171,3,45491,45491,CUST00083,Gold,POD21,Midi Dress,Apparel,Dresses,ST3,Melbourne Retail - Docklands,Docklands,VIC,3008,In Store,95,50,0.06,0,4465,1615,FALSE
ORD00171,4,45721,45724,CUST000124,Bronze,POD13,LED Light Bulb,Electronics,Smart Home,ST9,Melbourne Retail - Camberwell,Camberwell,VIC,3124,In Store,18,300,0.12,0,4752,1512,FALSE
ORD00172,1,45847,45852,CUST000138,Gold,POD32,Bamboo Cutting Board,Home & Living,Kitchen & Dining,ST4,Melbourne Retail - Carlton,Carlton,VIC,3053,Online,30,100,0.14,50,2630,820,FALSE
ORD00172,2,45762,45766,CUST00048,Gold,POD21,Midi Dress,Apparel,Dresses,ST11,Melbourne Retail - Box Hill,Box Hill,VIC,3128,Pick up,95,50,0.11,0,4227.5,1377.5,FALSE
ORD00172,3,45475,45475,CUST000182,Platinum,POD13,LED Light Bulb,Electronics,Smart Home,ST12,Melbourne Retail - Doncaster,Doncaster,VIC,3108,Online,18,300,0.09,50,4964,1714,FALSE
ORD00172,4,45500,45502,CUST000225,Bronze,POD28,Socks (5-Pack),Apparel,Accessories,ST11,Melbourne Retail - Box Hill,Box Hill,VIC,3128,Online,20,150,0.05,50,2900,1090,FALSE
ORD00173,1,45507,45511,CUST000159,Gold,POD50,Moisturiser – SPF30,Beauty,Skincare,ST17,Melbourne Retail - Footscray,Footscray,VIC,3011,In Store,48,100,0.06,0,4512,1632,FALSE
ORD00173,2,45309,45314,CUST000242,Silver,POD16,Cotton Crew T-Shirt,Apparel,Tops,ST15,Melbourne Retail - St Kilda,St Kilda,VIC,3182,In Store,28,140,0.08,0,3606.4,1254.4,FALSE
ORD00173,3,45684,45689,CUST000230,Platinum,POD64,Roll-On Deodorant,Beauty,Personal Care,ST8,Melbourne Retail - Hawthorn,Hawthorn,VIC,3122,Online,25,100,0.14,50,2200,690,FALSE
ORD00173,4,45678,45683,CUST000180,Bronze,POD34,Cotton Throw Blanket,Home & Living,Bedding,ST8,Melbourne Retail - Hawthorn,Hawthorn,VIC,3122,Online,60,70,0.06,50,3998,1468,FALSE
ORD00174,1,45639,45639,CUST00018,Gold,POD9,Screen Protector,Electronics,Mobile Accessories,ST17,Melbourne Retail - Footscray,Footscray,VIC,3011,Pick up,15,200,0.15,0,2550,750,FALSE
ORD00174,2,45743,45747,CUST00047,Gold,POD36,All-Seasons Duvet Quilt,Home & Living,Bedding,ST14,Melbourne Retail - Brunswick,Brunswick,VIC,3056,Pick up,120,50,0.06,0,5640,2040,TRUE
ORD00175,1,45927,45931,CUST000121,Bronze,POD58,Rose Cream,Beauty,Skincare,ST14,Melbourne Retail - Brunswick,Brunswick,VIC,3056,Pick up,42,90,0.13,0,3288.6,1020.6,FALSE
ORD00175,2,45583,45586,CUST000262,Silver,POD7,"Power Bank 10,000mAh",Electronics,Mobile Accessories,ST7,Melbourne Retail - Richmond,Richmond,VIC,3121,Online,60,80,0.13,50,4226,1336,FALSE
ORD00175,3,45427,45430,CUST000224,Silver,POD57,Shea Lotion,Beauty,Skincare,ST4,Melbourne Retail - Carlton,Carlton,VIC,3053,Online,40,100,0.05,50,3850,1440,FALSE
ORD00175,4,45319,45323,CUST00080,Gold,POD49,Face Moisturiser,Beauty,Skincare,ST8,Melbourne Retail - Hawthorn,Hawthorn,VIC,3122,Pick up,45,100,0.12,0,3960,1260,FALSE
ORD00176,1,45608,45610,CUST000180,Bronze,POD63,Eau de Parfum,Beauty,Fragrance,ST9,Melbourne Retail - Camberwell,Camberwell,VIC,3124,Pick up,95,50,0.13,0,4132.5,1282.5,FALSE
ORD00176,2,45578,45583,CUST00026,Bronze,POD14,Wall Plug (2-Pack),Electronics,Smart Home,ST10,Melbourne Retail - Glen Waverley,Glen Waverley,VIC,3150,Online,22,200,0.15,50,3790,1140,FALSE
ORD00176,3,45688,45693,CUST000152,Gold,POD16,Cotton Crew T-Shirt,Apparel,Tops,ST11,Melbourne Retail - Box Hill,Box Hill,VIC,3128,Online,28,140,0.14,50,3421.2,1059.2,FALSE
ORD00176,4,45885,45885,CUST00057,Platinum,POD63,Eau de Parfum,Beauty,Fragrance,ST8,Melbourne Retail - Hawthorn,Hawthorn,VIC,3122,In Store,95,50,0.12,0,4180,1330,FALSE
ORD00177,1,45811,45813,CUST00096,Gold,POD4,4K Monitor,Electronics,Computer Accessories,ST7,Melbourne Retail - Richmond,Richmond,VIC,3121,In Store,450,30,0.12,0,11880,3780,FALSE
ORD00177,2,45341,45345,CUST00056,Platinum,POD22,Mid-Length Jacket,Apparel,Outerwear,ST14,Melbourne Retail - Brunswick,Brunswick,VIC,3056,In Store,120,45,0.15,0,4590,1350,FALSE
ORD00177,3,45628,45630,CUST000157,Platinum,POD13,LED Light Bulb,Electronics,Smart Home,ST2,Melbourne Retail - Southbank,Southbank,VIC,3006,Pick up,18,300,0.14,0,4644,1404,TRUE
ORD00177,4,45779,45783,CUST000161,Gold,POD27,Classic Cap,Apparel,Accessories,ST2,Melbourne Retail - Southbank,Southbank,VIC,3006,Pick up,25,120,0.06,0,2820,1020,TRUE
ORD00178,1,45753,45757,CUST000262,Platinum,POD38,Oak Side Table,Home & Living,Furniture,ST18,Melbourne Retail - Sunshine,Sunshine,VIC,3020,In Store,150,30,0.12,0,3960,1260,FALSE
ORD00178,2,45828,45829,CUST000119,Gold,POD14,Wall Plug (2-Pack),Electronics,Smart Home,ST17,Melbourne Retail - Footscray,Footscray,VIC,3011,Pick up,22,200,0.12,0,3872,1232,FALSE
ORD00178,3,45819,45820,CUST000191,Gold,POD11,Wi-Fi Router,Electronics,Networking,ST11,Melbourne Retail - Box Hill,Box Hill,VIC,3128,In Store,160,25,0.14,0,3440,1040,FALSE
ORD00178,4,45870,45874,CUST000243,Silver,POD38,Oak Side Table,Home & Living,Furniture,ST8,Melbourne Retail - Hawthorn,Hawthorn,VIC,3122,In Store,150,30,0.09,0,4095,1395,FALSE
ORD00179,1,45634,45636,CUST000131,Platinum,POD52,Face Cleanser,Beauty,Skincare,ST3,Melbourne Retail - Docklands,Docklands,VIC,3008,Online,35,120,0.13,50,3704,1174,FALSE
ORD00179,2,45389,45393,CUST000143,Bronze,POD44,Scented Candle,Home & Living,Fragrance,ST12,Melbourne Retail - Doncaster,Doncaster,VIC,3108,In Store,25,150,0.14,0,3225,975,FALSE
ORD00179,3,45891,45891,CUST000171,Platinum,POD56,Face Mask,Beauty,Skincare,ST15,Melbourne Retail - St Kilda,St Kilda,VIC,3182,Pick up,25,130,0.06,0,3055,1105,FALSE
ORD00179,4,45846,45847,CUST000156,Silver,POD64,Roll-On Deodorant,Beauty,Personal Care,ST11,Melbourne Retail - Box Hill,Box Hill,VIC,3128,Pick up,25,100,0.1,0,2250,750,FALSE
ORD00180,1,45410,45410,CUST000188,Bronze,POD64,Roll-On Deodorant,Beauty,Personal Care,ST20,Melbourne Retail - Frankston,Frankston,VIC,3199,Online,25,100,0.05,50,2425,915,FALSE
ORD00180,2,45790,45792,CUST000186,Bronze,POD57,Shea Lotion,Beauty,Skincare,ST17,Melbourne Retail - Footscray,Footscray,VIC,3011,In Store,40,100,0.11,0,3560,1160,FALSE
ORD00180,3,45528,45530,CUST000257,Platinum,POD64,Roll-On Deodorant,Beauty,Personal Care,ST3,Melbourne Retail - Docklands,Docklands,VIC,3008,In Store,25,100,0.07,0,2325,825,FALSE
ORD00180,4,45855,45858,CUST000179,Bronze,POD8,Lightning Cable,Electronics,Mobile Accessories,ST10,Melbourne Retail - Glen Waverley,Glen Waverley,VIC,3150,Pick up,25,150,0.06,0,3525,1275,FALSE
ORD00181,1,45931,45934,CUST000237,Gold,POD55,Vitamin C Serum,Beauty,Serums & Treatments,ST19,Melbourne Retail - Dandenong,Dandenong,VIC,3175,Pick up,70,75,0.11,0,4672.5,1522.5,FALSE
ORD00181,2,45528,45533,CUST000208,Bronze,POD15,Cotton T-Shirt,Apparel,Tops,ST17,Melbourne Retail - Footscray,Footscray,VIC,3011,In Store,25,150,0.08,0,3450,1200,FALSE
ORD00181,3,45573,45574,CUST00012,Bronze,POD60,Volumising Shampoo,Beauty,Hair Care,ST4,Melbourne Retail - Carlton,Carlton,VIC,3053,Pick up,38,90,0.13,0,2975.4,923.4,FALSE
ORD00181,4,45674,45674,CUST00019,Bronze,POD3,Bluetooth Speaker,Electronics,Audio Devices,ST19,Melbourne Retail - Dandenong,Dandenong,VIC,3175,In Store,110,40,0.05,0,4180,1540,FALSE
ORD00182,1,45697,45702,CUST00060,Bronze,POD44,Scented Candle,Home & Living,Fragrance,ST19,Melbourne Retail - Dandenong,Dandenong,VIC,3175,In Store,25,150,0.05,0,3562.5,1312.5,FALSE
ORD00182,2,45686,45687,CUST000202,Silver,POD46,Scented Candle – Lavender,Home & Living,Fragrance,ST9,Melbourne Retail - Camberwell,Camberwell,VIC,3124,Pick up,25,150,0.15,0,3187.5,937.5,FALSE
ORD00182,3,45980,45980,CUST00080,Silver,POD24,White Sneakers,Apparel,Footwear,ST4,Melbourne Retail - Carlton,Carlton,VIC,3053,Online,100,55,0.05,50,5275,1965,FALSE
ORD00182,4,45609,45609,CUST000132,Silver,POD21,Midi Dress,Apparel,Dresses,ST1,Melbourne Retail - Melbourne CBD,Melbourne CBD,VIC,3000,Online,95,50,0.06,50,4515,1655,FALSE
ORD00183,1,45779,45780,CUST00025,Silver,POD64,Roll-On Deodorant,Beauty,Personal Care,ST17,Melbourne Retail - Footscray,Footscray,VIC,3011,In Store,25,100,0.15,0,2125,625,FALSE
ORD00183,2,45523,45523,CUST000195,Bronze,POD49,Face Moisturiser,Beauty,Skincare,ST7,Melbourne Retail - Richmond,Richmond,VIC,3121,Online,45,100,0.08,50,4190,1480,FALSE
ORD00183,4,45980,45981,CUST000148,Gold,POD23,Wool Blend Coat,Apparel,Outerwear,ST3,Melbourne Retail - Docklands,Docklands,VIC,3008,Pick up,180,30,0.12,0,4752,1512,FALSE
ORD00184,1,45739,45744,CUST00023,Silver,POD15,Cotton T-Shirt,Apparel,Tops,ST16,Melbourne Retail - South Yarra,South Yarra,VIC,3141,Online,25,150,0.15,50,3237.5,977.5,FALSE
ORD00184,2,45306,45307,CUST000186,Bronze,POD29,Ceramic Mug,Home & Living,Kitchen & Dining,ST17,Melbourne Retail - Footscray,Footscray,VIC,3011,Pick up,15,200,0.09,0,2730,930,TRUE
ORD00184,3,45688,45693,CUST000146,Gold,POD8,Lightning Cable,Electronics,Mobile Accessories,ST16,Melbourne Retail - South Yarra,South Yarra,VIC,3141,Pick up,25,150,0.1,0,3375,1125,FALSE
ORD00184,4,45466,45470,CUST000182,Platinum,POD29,Ceramic Mug,Home & Living,Kitchen & Dining,ST10,Melbourne Retail - Glen Waverley,Glen Waverley,VIC,3150,In Store,15,200,0.15,0,2550,750,FALSE
ORD00185,1,45577,45582,CUST00011,Bronze,POD65,Electric Toothbrush,Beauty,Personal Care,ST3,Melbourne Retail - Docklands,Docklands,VIC,3008,Pick up,80,70,0.05,0,5320,1960,FALSE
ORD00185,2,45405,45407,CUST000107,Gold,POD60,Volumising Shampoo,Beauty,Hair Care,ST1,Melbourne Retail - Melbourne CBD,Melbourne CBD,VIC,3000,Online,38,90,0.14,50,2991.2,929.2,FALSE
ORD00185,3,45593,45595,CUST000107,Platinum,POD23,Wool Blend Coat,Apparel,Outerwear,ST9,Melbourne Retail - Camberwell,Camberwell,VIC,3124,Online,180,30,0.07,50,5072,1822,FALSE
ORD00185,4,45640,45642,CUST000161,Silver,POD28,Socks (5-Pack),Apparel,Accessories,ST10,Melbourne Retail - Glen Waverley,Glen Waverley,VIC,3150,Online,20,150,0.06,50,2870,1060,FALSE
ORD00186,1,45834,45834,CUST000111,Silver,POD18,Slim Fit Jeans,Apparel,Bottoms,ST14,Melbourne Retail - Brunswick,Brunswick,VIC,3056,Pick up,70,80,0.06,0,5264,1904,FALSE
ORD00186,2,45434,45436,CUST000150,Bronze,POD40,LED Desk Lamp,Home & Living,Lighting,ST12,Melbourne Retail - Doncaster,Doncaster,VIC,3108,In Store,60,80,0.12,0,4224,1344,FALSE
ORD00186,3,45850,45852,CUST00056,Platinum,POD55,Vitamin C Serum,Beauty,Serums & Treatments,ST8,Melbourne Retail - Hawthorn,Hawthorn,VIC,3122,Online,70,75,0.14,50,4565,1405,FALSE
ORD00186,4,45631,45633,CUST00098,Gold,POD53,Eucalyptus Face Wash,Beauty,Skincare,ST14,Melbourne Retail - Brunswick,Brunswick,VIC,3056,Pick up,38,110,0.08,0,3845.6,1337.6,FALSE
ORD00187,1,45316,45318,CUST000120,Silver,POD38,Oak Side Table,Home & Living,Furniture,ST16,Melbourne Retail - South Yarra,South Yarra,VIC,3141,Pick up,150,30,0.13,0,3915,1215,FALSE
ORD00187,2,45626,45627,CUST00024,Bronze,POD31,Knife Set (5-Piece),Home & Living,Kitchen & Dining,ST8,Melbourne Retail - Hawthorn,Hawthorn,VIC,3122,Pick up,85,70,0.13,0,5176.5,1606.5,FALSE
ORD00187,3,45854,45857,CUST00090,Silver,POD1,Wireless Headphones,Electronics,Audio Devices,ST18,Melbourne Retail - Sunshine,Sunshine,VIC,3020,Online,120,50,0.13,50,5270,1660,FALSE
ORD00187,4,45571,45575,CUST000240,Silver,POD28,Socks (5-Pack),Apparel,Accessories,ST2,Melbourne Retail - Southbank,Southbank,VIC,3006,Online,20,150,0.14,50,2630,820,FALSE
ORD00188,1,45338,45342,CUST000209,Gold,POD26,Brown Belt,Apparel,Accessories,ST2,Melbourne Retail - Southbank,Southbank,VIC,3006,Pick up,35,100,0.06,0,3290,1190,FALSE
ORD00188,2,45960,45965,CUST000252,Silver,POD22,Mid-Length Jacket,Apparel,Outerwear,ST8,Melbourne Retail - Hawthorn,Hawthorn,VIC,3122,Online,120,45,0.08,50,5018,1768,FALSE
ORD00188,3,45395,45399,CUST00049,Gold,POD24,White Sneakers,Apparel,Footwear,ST5,Melbourne Retail - Fitzroy,Fitzroy,VIC,3065,Pick up,100,55,0.13,0,4785,1485,FALSE
ORD00188,4,45861,45864,CUST000211,Bronze,POD25,Women’s Shoes,Apparel,Footwear,ST9,Melbourne Retail - Camberwell,Camberwell,VIC,3124,Online,110,50,0.15,50,4725,1415,FALSE
ORD00189,1,45841,45842,CUST000125,Silver,POD45,Scented Candle – Vanilla,Home & Living,Fragrance,ST9,Melbourne Retail - Camberwell,Camberwell,VIC,3124,Pick up,25,150,0.06,0,3525,1275,FALSE
ORD00189,2,45799,45802,CUST000144,Platinum,POD54,Repair Serum,Beauty,Serums & Treatments,ST9,Melbourne Retail - Camberwell,Camberwell,VIC,3124,Online,65,80,0.11,50,4678,1548,FALSE
ORD00189,3,45606,45606,CUST00074,Platinum,POD17,Fleece Hoodie,Apparel,Tops,ST6,Melbourne Retail - Collingwood,Collingwood,VIC,3066,Pick up,60,90,0.09,0,4914,1674,FALSE
ORD00189,4,45671,45674,CUST00051,Platinum,POD17,Fleece Hoodie,Apparel,Tops,ST3,Melbourne Retail - Docklands,Docklands,VIC,3008,Pick up,60,90,0.13,0,4698,1458,TRUE
ORD00190,1,45628,45629,CUST000201,Gold,POD18,Slim Fit Jeans,Apparel,Bottoms,ST9,Melbourne Retail - Camberwell,Camberwell,VIC,3124,Pick up,70,80,0.08,0,5152,1792,FALSE
ORD00190,2,45794,45794,CUST000163,Gold,POD56,Face Mask,Beauty,Skincare,ST10,Melbourne Retail - Glen Waverley,Glen Waverley,VIC,3150,Pick up,25,130,0.07,0,3022.5,1072.5,FALSE
ORD00190,3,45702,45704,CUST000243,Platinum,POD50,Moisturiser – SPF30,Beauty,Skincare,ST4,Melbourne Retail - Carlton,Carlton,VIC,3053,Pick up,48,100,0.12,0,4224,1344,FALSE
ORD00190,4,45847,45849,CUST000196,Silver,POD24,White Sneakers,Apparel,Footwear,ST10,Melbourne Retail - Glen Waverley,Glen Waverley,VIC,3150,Online,100,55,0.13,50,4835,1525,FALSE
ORD00191,1,45618,45622,CUST00088,Gold,POD29,Ceramic Mug,Home & Living,Kitchen & Dining,ST11,Melbourne Retail - Box Hill,Box Hill,VIC,3128,In Store,15,200,0.12,0,2640,840,FALSE
ORD00191,2,45989,45990,CUST000221,Gold,POD61,Hydrating Shampoo,Beauty,Hair Care,ST19,Melbourne Retail - Dandenong,Dandenong,VIC,3175,Online,38,90,0.11,50,3093.8,1031.8,TRUE
ORD00191,3,45531,45531,CUST000230,Gold,POD66,Razor – 5 Blade,Beauty,Personal Care,ST15,Melbourne Retail - St Kilda,St Kilda,VIC,3182,In Store,35,90,0.06,0,2961,1071,FALSE
ORD00191,4,45826,45827,CUST000260,Gold,POD58,Rose Cream,Beauty,Skincare,ST9,Melbourne Retail - Camberwell,Camberwell,VIC,3124,In Store,42,90,0.08,0,3477.6,1209.6,FALSE
ORD00192,1,45744,45748,CUST000164,Gold,POD12,Wi-Fi Range Extender,Electronics,Networking,ST20,Melbourne Retail - Frankston,Frankston,VIC,3199,Online,95,40,0.1,50,3470,1180,FALSE
ORD00192,3,45780,45782,CUST00022,Silver,POD40,LED Desk Lamp,Home & Living,Lighting,ST3,Melbourne Retail - Docklands,Docklands,VIC,3008,Online,60,80,0.06,50,4562,1672,FALSE
ORD00192,4,45559,45563,CUST00089,Bronze,POD54,Repair Serum,Beauty,Serums & Treatments,ST15,Melbourne Retail - St Kilda,St Kilda,VIC,3182,Online,65,80,0.09,50,4782,1652,FALSE
ORD00193,1,45645,45648,CUST000170,Silver,POD20,High-Waist Jeans,Apparel,Bottoms,ST14,Melbourne Retail - Brunswick,Brunswick,VIC,3056,Pick up,80,60,0.11,0,4272,1392,FALSE
ORD00193,2,45386,45391,CUST00039,Silver,POD54,Repair Serum,Beauty,Serums & Treatments,ST2,Melbourne Retail - Southbank,Southbank,VIC,3006,Online,65,80,0.06,50,4938,1808,FALSE
ORD00193,3,45652,45655,CUST00085,Gold,POD49,Face Moisturiser,Beauty,Skincare,ST4,Melbourne Retail - Carlton,Carlton,VIC,3053,Online,45,100,0.15,50,3875,1165,FALSE
ORD00193,4,45908,45910,CUST000121,Silver,POD30,Non-Stick Frypan 28cm,Home & Living,Kitchen & Dining,ST10,Melbourne Retail - Glen Waverley,Glen Waverley,VIC,3150,Pick up,55,80,0.11,0,3916,1276,FALSE
ORD00194,1,45761,45765,CUST000186,Silver,POD43,Woven Storage Basket,Home & Living,Home Decor,ST3,Melbourne Retail - Docklands,Docklands,VIC,3008,Online,35,100,0.09,50,3235,1125,FALSE
ORD00194,2,45558,45563,CUST00086,Bronze,POD24,White Sneakers,Apparel,Footwear,ST7,Melbourne Retail - Richmond,Richmond,VIC,3121,Pick up,100,55,0.13,0,4785,1485,FALSE
ORD00194,4,45348,45350,CUST000140,Bronze,POD2,Bluetooth Earbuds,Electronics,Audio Devices,ST17,Melbourne Retail - Footscray,Footscray,VIC,3011,Pick up,90,60,0.09,0,4914,1674,FALSE
ORD00195,1,45782,45784,CUST000159,Bronze,POD29,Ceramic Mug,Home & Living,Kitchen & Dining,ST18,Melbourne Retail - Sunshine,Sunshine,VIC,3020,Pick up,15,200,0.09,0,2730,930,FALSE
ORD00195,2,45894,45894,CUST00088,Platinum,POD16,Cotton Crew T-Shirt,Apparel,Tops,ST1,Melbourne Retail - Melbourne CBD,Melbourne CBD,VIC,3000,Pick up,28,140,0.1,0,3528,1176,FALSE
ORD00195,3,45341,45341,CUST000256,Silver,POD60,Volumising Shampoo,Beauty,Hair Care,ST19,Melbourne Retail - Dandenong,Dandenong,VIC,3175,In Store,38,90,0.1,0,3078,1026,FALSE
ORD00195,4,45304,45309,CUST00041,Gold,POD25,Women’s Shoes,Apparel,Footwear,ST18,Melbourne Retail - Sunshine,Sunshine,VIC,3020,Online,110,50,0.05,50,5275,1965,FALSE
ORD00196,1,45436,45441,CUST000227,Silver,POD62,Argan Oil,Beauty,Hair Care,ST15,Melbourne Retail - St Kilda,St Kilda,VIC,3182,Pick up,55,60,0.15,0,2805,825,TRUE
ORD00196,2,45828,45828,CUST000171,Platinum,POD25,Women’s Shoes,Apparel,Footwear,ST3,Melbourne Retail - Docklands,Docklands,VIC,3008,In Store,110,50,0.13,0,4785,1485,FALSE
ORD00196,3,45442,45444,CUST00030,Bronze,POD10,Clear Phone Case,Electronics,Mobile Accessories,ST9,Melbourne Retail - Camberwell,Camberwell,VIC,3124,In Store,20,180,0.15,0,3060,900,FALSE
ORD00196,4,45567,45569,CUST00041,Platinum,POD44,Scented Candle,Home & Living,Fragrance,ST2,Melbourne Retail - Southbank,Southbank,VIC,3006,Pick up,25,150,0.1,0,3375,1125,FALSE
ORD00197,1,45728,45731,CUST000157,Bronze,POD7,"Power Bank 10,000mAh",Electronics,Mobile Accessories,ST14,Melbourne Retail - Brunswick,Brunswick,VIC,3056,Online,60,80,0.14,50,4178,1288,FALSE
ORD00197,2,45588,45590,CUST000141,Gold,POD15,Cotton T-Shirt,Apparel,Tops,ST1,Melbourne Retail - Melbourne CBD,Melbourne CBD,VIC,3000,Online,25,150,0.12,50,3350,1090,FALSE
ORD00197,3,45665,45667,CUST000172,Silver,POD66,Razor – 5 Blade,Beauty,Personal Care,ST3,Melbourne Retail - Docklands,Docklands,VIC,3008,Pick up,35,90,0.12,0,2772,882,FALSE
ORD00197,4,45608,45608,CUST00068,Platinum,POD14,Wall Plug (2-Pack),Electronics,Smart Home,ST13,Melbourne Retail - Preston,Preston,VIC,3072,Online,22,200,0.14,50,3834,1184,FALSE
ORD00198,1,45546,45547,CUST000217,Platinum,POD1,Wireless Headphones,Electronics,Audio Devices,ST2,Melbourne Retail - Southbank,Southbank,VIC,3006,Online,120,50,0.13,50,5270,1660,FALSE
ORD00198,2,45819,45823,CUST000244,Gold,POD55,Vitamin C Serum,Beauty,Serums & Treatments,ST9,Melbourne Retail - Camberwell,Camberwell,VIC,3124,Online,70,75,0.06,50,4985,1825,FALSE
ORD00198,3,45784,45787,CUST000157,Bronze,POD15,Cotton T-Shirt,Apparel,Tops,ST14,Melbourne Retail - Brunswick,Brunswick,VIC,3056,Pick up,25,150,0.15,0,3187.5,937.5,FALSE
ORD00198,4,45894,45896,CUST00063,Gold,POD66,Razor – 5 Blade,Beauty,Personal Care,ST19,Melbourne Retail - Dandenong,Dandenong,VIC,3175,Online,35,90,0.07,50,2979.5,1079.5,FALSE
ORD00199,1,45774,45777,CUST000247,Gold,POD12,Wi-Fi Range Extender,Electronics,Networking,ST15,Melbourne Retail - St Kilda,St Kilda,VIC,3182,In Store,95,40,0.05,0,3610,1330,FALSE
ORD00199,2,45822,45823,CUST00083,Platinum,POD5,Wireless Mouse,Electronics,Computer Accessories,ST3,Melbourne Retail - Docklands,Docklands,VIC,3008,In Store,45,100,0.14,0,3870,1170,FALSE
ORD00199,3,45791,45796,CUST00013,Bronze,POD57,Shea Lotion,Beauty,Skincare,ST5,Melbourne Retail - Fitzroy,Fitzroy,VIC,3065,In Store,40,100,0.15,0,3400,1000,FALSE
ORD00199,4,45541,45546,CUST000259,Silver,POD29,Ceramic Mug,Home & Living,Kitchen & Dining,ST17,Melbourne Retail - Footscray,Footscray,VIC,3011,Online,15,200,0.15,50,2600,790,FALSE
ORD00200,1,45501,45501,CUST000220,Bronze,POD57,Shea Lotion,Beauty,Skincare,ST8,Melbourne Retail - Hawthorn,Hawthorn,VIC,3122,Online,40,100,0.15,50,3450,1040,FALSE
ORD00200,2,45978,45980,CUST00096,Bronze,POD51,Moisturiser – SPF31,Beauty,Skincare,ST14,Melbourne Retail - Brunswick,Brunswick,VIC,3056,Online,48,100,0.15,50,4130,1240,FALSE
ORD00200,3,45621,45625,CUST000262,Silver,POD60,Volumising Shampoo,Beauty,Hair Care,ST7,Melbourne Retail - Richmond,Richmond,VIC,3121,In Store,38,90,0.15,0,2907,855,FALSE
ORD00200,4,45777,45777,CUST000218,Platinum,POD25,Women’s Shoes,Apparel,Footwear,ST14,Melbourne Retail - Brunswick,Brunswick,VIC,3056,In Store,110,50,0.06,0,5170,1870,FALSE
ORD00201,1,45414,45417,CUST000208,Platinum,POD44,Scented Candle,Home & Living,Fragrance,ST18,Melbourne Retail - Sunshine,Sunshine,VIC,3020,Online,25,150,0.08,50,3500,1240,FALSE
ORD00201,2,45824,45825,CUST000207,Gold,POD47,Reed Diffuser – Citrus,Home & Living,Fragrance,ST11,Melbourne Retail - Box Hill,Box Hill,VIC,3128,In Store,30,100,0.15,0,2550,750,FALSE
ORD00201,3,45970,45973,CUST000106,Silver,POD22,Mid-Length Jacket,Apparel,Outerwear,ST8,Melbourne Retail - Hawthorn,Hawthorn,VIC,3122,Online,120,45,0.08,50,5018,1768,FALSE
ORD00201,4,45869,45873,CUST00082,Silver,POD13,LED Light Bulb,Electronics,Smart Home,ST3,Melbourne Retail - Docklands,Docklands,VIC,3008,In Store,18,300,0.08,0,4968,1728,FALSE
ORD00202,1,45765,45770,CUST000192,Silver,POD27,Classic Cap,Apparel,Accessories,ST7,Melbourne Retail - Richmond,Richmond,VIC,3121,Online,25,120,0.07,50,2840,1030,FALSE
ORD00202,2,45736,45741,CUST000111,Silver,POD57,Shea Lotion,Beauty,Skincare,ST2,Melbourne Retail - Southbank,Southbank,VIC,3006,Pick up,40,100,0.1,0,3600,1200,FALSE
ORD00202,3,45494,45496,CUST000113,Bronze,POD3,Bluetooth Speaker,Electronics,Audio Devices,ST11,Melbourne Retail - Box Hill,Box Hill,VIC,3128,Pick up,110,40,0.13,0,3828,1188,FALSE
ORD00202,4,45906,45911,CUST00059,Silver,POD47,Reed Diffuser – Citrus,Home & Living,Fragrance,ST16,Melbourne Retail - South Yarra,South Yarra,VIC,3141,In Store,30,100,0.12,0,2640,840,FALSE
ORD00203,1,45874,45877,CUST000235,Bronze,POD37,5-Tier Bookshelf,Home & Living,Furniture,ST7,Melbourne Retail - Richmond,Richmond,VIC,3121,Online,180,25,0.14,50,3920,1210,FALSE
ORD00203,2,45579,45584,CUST000260,Bronze,POD54,Repair Serum,Beauty,Serums & Treatments,ST17,Melbourne Retail - Footscray,Footscray,VIC,3011,In Store,65,80,0.09,0,4732,1612,FALSE
ORD00203,3,45902,45906,CUST000113,Platinum,POD57,Shea Lotion,Beauty,Skincare,ST14,Melbourne Retail - Brunswick,Brunswick,VIC,3056,In Store,40,100,0.09,0,3640,1240,TRUE
ORD00203,4,45402,45404,CUST00024,Gold,POD33,Cotton Bedsheet Set,Home & Living,Bedding,ST4,Melbourne Retail - Carlton,Carlton,VIC,3053,Online,95,60,0.11,50,5123,1693,FALSE
ORD00204,1,45326,45327,CUST0009,Platinum,POD65,Electric Toothbrush,Beauty,Personal Care,ST12,Melbourne Retail - Doncaster,Doncaster,VIC,3108,Pick up,80,70,0.1,0,5040,1680,FALSE
ORD00204,2,45850,45852,CUST00030,Platinum,POD49,Face Moisturiser,Beauty,Skincare,ST16,Melbourne Retail - South Yarra,South Yarra,VIC,3141,Pick up,45,100,0.07,0,4185,1485,FALSE
ORD00204,3,45789,45794,CUST000250,Bronze,POD19,Chino Pants,Apparel,Bottoms,ST2,Melbourne Retail - Southbank,Southbank,VIC,3006,In Store,65,75,0.13,0,4241.25,1316.25,FALSE
ORD00204,4,45600,45604,CUST00058,Platinum,POD11,Wi-Fi Router,Electronics,Networking,ST16,Melbourne Retail - South Yarra,South Yarra,VIC,3141,In Store,160,25,0.12,0,3520,1120,FALSE
ORD00205,1,45942,45944,CUST000141,Silver,POD38,Oak Side Table,Home & Living,Furniture,ST13,Melbourne Retail - Preston,Preston,VIC,3072,In Store,150,30,0.05,0,4275,1575,FALSE
ORD00205,2,45897,45902,CUST00042,Silver,POD32,Bamboo Cutting Board,Home & Living,Kitchen & Dining,ST9,Melbourne Retail - Camberwell,Camberwell,VIC,3124,In Store,30,100,0.07,0,2790,990,FALSE
ORD00205,3,45918,45920,CUST00063,Silver,POD13,LED Light Bulb,Electronics,Smart Home,ST15,Melbourne Retail - St Kilda,St Kilda,VIC,3182,Online,18,300,0.14,50,4694,1444,FALSE
ORD00205,4,45501,45506,CUST000243,Platinum,POD40,LED Desk Lamp,Home & Living,Lighting,ST6,Melbourne Retail - Collingwood,Collingwood,VIC,3066,Pick up,60,80,0.06,0,4512,1632,FALSE
ORD00206,1,45928,45932,CUST000198,Platinum,POD41,Arc Floor Lamp,Home & Living,Lighting,ST8,Melbourne Retail - Hawthorn,Hawthorn,VIC,3122,Pick up,130,40,0.13,0,4524,1404,FALSE
ORD00206,2,45520,45521,CUST000203,Bronze,POD51,Moisturiser – SPF31,Beauty,Skincare,ST5,Melbourne Retail - Fitzroy,Fitzroy,VIC,3065,Pick up,48,100,0.15,0,4080,1200,FALSE
ORD00206,3,45606,45611,CUST000261,Gold,POD22,Mid-Length Jacket,Apparel,Outerwear,ST8,Melbourne Retail - Hawthorn,Hawthorn,VIC,3122,Online,120,45,0.06,50,5126,1876,FALSE
ORD00206,4,45621,45625,CUST000261,Gold,POD10,Clear Phone Case,Electronics,Mobile Accessories,ST19,Melbourne Retail - Dandenong,Dandenong,VIC,3175,In Store,20,180,0.08,0,3312,1152,FALSE
ORD00207,1,45568,45569,CUST000100,Silver,POD38,Oak Side Table,Home & Living,Furniture,ST3,Melbourne Retail - Docklands,Docklands,VIC,3008,Pick up,150,30,0.11,0,4005,1305,FALSE
ORD00207,2,45722,45724,CUST0001,Gold,POD20,High-Waist Jeans,Apparel,Bottoms,ST12,Melbourne Retail - Doncaster,Doncaster,VIC,3108,In Store,80,60,0.13,0,4176,1296,FALSE
ORD00207,3,45454,45457,CUST000189,Silver,POD18,Slim Fit Jeans,Apparel,Bottoms,ST12,Melbourne Retail - Doncaster,Doncaster,VIC,3108,In Store,70,80,0.08,0,5152,1792,FALSE
ORD00207,4,45987,45990,CUST00082,Platinum,POD28,Socks (5-Pack),Apparel,Accessories,ST2,Melbourne Retail - Southbank,Southbank,VIC,3006,Pick up,20,150,0.11,0,2670,870,FALSE
ORD00208,1,46012,46012,CUST00017,Gold,POD7,"Power Bank 10,000mAh",Electronics,Mobile Accessories,ST5,Melbourne Retail - Fitzroy,Fitzroy,VIC,3065,In Store,60,80,0.07,0,4464,1584,FALSE
ORD00208,2,45302,45307,CUST000171,Bronze,POD48,Essential Oil – Eucalyptus,Home & Living,Fragrance,ST12,Melbourne Retail - Doncaster,Doncaster,VIC,3108,In Store,35,80,0.13,0,2436,756,FALSE
ORD00208,3,45601,45606,CUST000171,Bronze,POD57,Shea Lotion,Beauty,Skincare,ST4,Melbourne Retail - Carlton,Carlton,VIC,3053,Pick up,40,100,0.07,0,3720,1320,FALSE
ORD00208,4,45971,45975,CUST000103,Gold,POD3,Bluetooth Speaker,Electronics,Audio Devices,ST10,Melbourne Retail - Glen Waverley,Glen Waverley,VIC,3150,In Store,110,40,0.1,0,3960,1320,FALSE
ORD00209,1,45565,45565,CUST00024,Bronze,POD6,USB-C Charger,Electronics,Mobile Accessories,ST10,Melbourne Retail - Glen Waverley,Glen Waverley,VIC,3150,Pick up,35,120,0.1,0,3780,1260,FALSE
ORD00209,2,45732,45736,CUST00019,Platinum,POD15,Cotton T-Shirt,Apparel,Tops,ST14,Melbourne Retail - Brunswick,Brunswick,VIC,3056,Online,25,150,0.13,50,3312.5,1052.5,FALSE
ORD00209,3,45616,45617,CUST000169,Gold,POD6,USB-C Charger,Electronics,Mobile Accessories,ST20,Melbourne Retail - Frankston,Frankston,VIC,3199,Online,35,120,0.13,50,3704,1174,FALSE
ORD00209,4,45892,45895,CUST000200,Bronze,POD47,Reed Diffuser – Citrus,Home & Living,Fragrance,ST8,Melbourne Retail - Hawthorn,Hawthorn,VIC,3122,In Store,30,100,0.08,0,2760,960,FALSE
ORD00210,1,45683,45686,CUST000141,Silver,POD46,Scented Candle – Lavender,Home & Living,Fragrance,ST3,Melbourne Retail - Docklands,Docklands,VIC,3008,Online,25,150,0.07,50,3537.5,1277.5,FALSE
ORD00210,2,45303,45305,CUST000179,Silver,POD47,Reed Diffuser – Citrus,Home & Living,Fragrance,ST13,Melbourne Retail - Preston,Preston,VIC,3072,Pick up,30,100,0.06,0,2820,1020,FALSE
ORD00210,3,45398,45400,CUST000231,Bronze,POD3,Bluetooth Speaker,Electronics,Audio Devices,ST12,Melbourne Retail - Doncaster,Doncaster,VIC,3108,Pick up,110,40,0.13,0,3828,1188,FALSE
ORD00210,4,45784,45789,CUST000215,Gold,POD66,Razor – 5 Blade,Beauty,Personal Care,ST11,Melbourne Retail - Box Hill,Box Hill,VIC,3128,Online,35,90,0.07,50,2979.5,1079.5,FALSE
ORD00211,1,45531,45531,CUST00052,Bronze,POD55,Vitamin C Serum,Beauty,Serums & Treatments,ST20,Melbourne Retail - Frankston,Frankston,VIC,3199,Online,70,75,0.06,50,4985,1825,FALSE
ORD00211,2,45900,45902,CUST000219,Platinum,POD7,"Power Bank 10,000mAh",Electronics,Mobile Accessories,ST11,Melbourne Retail - Box Hill,Box Hill,VIC,3128,In Store,60,80,0.07,0,4464,1584,FALSE
ORD00211,3,45956,45959,CUST000205,Platinum,POD28,Socks (5-Pack),Apparel,Accessories,ST3,Melbourne Retail - Docklands,Docklands,VIC,3008,In Store,20,150,0.12,0,2640,840,FALSE
ORD00211,4,45363,45366,CUST000237,Silver,POD22,Mid-Length Jacket,Apparel,Outerwear,ST14,Melbourne Retail - Brunswick,Brunswick,VIC,3056,Online,120,45,0.11,50,4856,1606,FALSE
ORD00212,1,45925,45926,CUST000164,Silver,POD35,Memory Foam Pillow,Home & Living,Bedding,ST18,Melbourne Retail - Sunshine,Sunshine,VIC,3020,Pick up,75,80,0.11,0,5340,1740,FALSE
ORD00212,3,45990,45995,CUST00048,Platinum,POD4,4K Monitor,Electronics,Computer Accessories,ST6,Melbourne Retail - Collingwood,Collingwood,VIC,3066,Pick up,450,30,0.08,0,12420,4320,FALSE
ORD00212,4,45824,45828,CUST000117,Silver,POD17,Fleece Hoodie,Apparel,Tops,ST8,Melbourne Retail - Hawthorn,Hawthorn,VIC,3122,In Store,60,90,0.09,0,4914,1674,FALSE
ORD00213,1,45319,45323,CUST00011,Platinum,POD35,Memory Foam Pillow,Home & Living,Bedding,ST4,Melbourne Retail - Carlton,Carlton,VIC,3053,Pick up,75,80,0.05,0,5700,2100,FALSE
ORD00213,2,45756,45759,CUST00022,Bronze,POD64,Roll-On Deodorant,Beauty,Personal Care,ST1,Melbourne Retail - Melbourne CBD,Melbourne CBD,VIC,3000,Pick up,25,100,0.06,0,2350,850,FALSE
ORD00213,3,45823,45823,CUST000117,Gold,POD19,Chino Pants,Apparel,Bottoms,ST3,Melbourne Retail - Docklands,Docklands,VIC,3008,Online,65,75,0.14,50,4242.5,1307.5,FALSE
ORD00213,4,45334,45338,CUST00019,Silver,POD27,Classic Cap,Apparel,Accessories,ST15,Melbourne Retail - St Kilda,St Kilda,VIC,3182,Online,25,120,0.11,50,2720,910,FALSE
ORD00214,1,45674,45676,CUST00016,Silver,POD6,USB-C Charger,Electronics,Mobile Accessories,ST6,Melbourne Retail - Collingwood,Collingwood,VIC,3066,Online,35,120,0.1,50,3830,1300,FALSE
ORD00214,2,45375,45379,CUST000157,Bronze,POD31,Knife Set (5-Piece),Home & Living,Kitchen & Dining,ST10,Melbourne Retail - Glen Waverley,Glen Waverley,VIC,3150,Online,85,70,0.08,50,5524,1944,FALSE
ORD00214,3,45452,45456,CUST00061,Bronze,POD53,Eucalyptus Face Wash,Beauty,Skincare,ST9,Melbourne Retail - Camberwell,Camberwell,VIC,3124,Pick up,38,110,0.13,0,3636.6,1128.6,FALSE
ORD00214,4,45381,45386,CUST000188,Gold,POD65,Electric Toothbrush,Beauty,Personal Care,ST13,Melbourne Retail - Preston,Preston,VIC,3072,In Store,80,70,0.05,0,5320,1960,FALSE
ORD00215,1,45356,45360,CUST000103,Bronze,POD44,Scented Candle,Home & Living,Fragrance,ST15,Melbourne Retail - St Kilda,St Kilda,VIC,3182,In Store,25,150,0.15,0,3187.5,937.5,FALSE
ORD00215,2,45455,45458,CUST00056,Platinum,POD26,Brown Belt,Apparel,Accessories,ST14,Melbourne Retail - Brunswick,Brunswick,VIC,3056,In Store,35,100,0.06,0,3290,1190,FALSE
ORD00215,3,45998,45999,CUST000172,Silver,POD36,All-Seasons Duvet Quilt,Home & Living,Bedding,ST10,Melbourne Retail - Glen Waverley,Glen Waverley,VIC,3150,In Store,120,50,0.13,0,5220,1620,FALSE
ORD00215,4,45946,45947,CUST000223,Platinum,POD15,Cotton T-Shirt,Apparel,Tops,ST14,Melbourne Retail - Brunswick,Brunswick,VIC,3056,Pick up,25,150,0.08,0,3450,1200,FALSE
ORD00216,1,45344,45344,CUST000132,Bronze,POD28,Socks (5-Pack),Apparel,Accessories,ST8,Melbourne Retail - Hawthorn,Hawthorn,VIC,3122,Online,20,150,0.15,50,2600,790,TRUE
ORD00216,2,45354,45357,CUST000222,Gold,POD66,Razor – 5 Blade,Beauty,Personal Care,ST2,Melbourne Retail - Southbank,Southbank,VIC,3006,Online,35,90,0.15,50,2727.5,827.5,FALSE
ORD00216,3,45339,45343,CUST000218,Platinum,POD53,Eucalyptus Face Wash,Beauty,Skincare,ST6,Melbourne Retail - Collingwood,Collingwood,VIC,3066,Pick up,38,110,0.13,0,3636.6,1128.6,FALSE
ORD00217,1,45807,45811,CUST000198,Silver,POD33,Cotton Bedsheet Set,Home & Living,Bedding,ST1,Melbourne Retail - Melbourne CBD,Melbourne CBD,VIC,3000,In Store,95,60,0.07,0,5301,1881,TRUE
ORD00217,2,45578,45581,CUST000180,Silver,POD6,USB-C Charger,Electronics,Mobile Accessories,ST1,Melbourne Retail - Melbourne CBD,Melbourne CBD,VIC,3000,Pick up,35,120,0.11,0,3738,1218,FALSE
ORD00217,3,45456,45459,CUST000221,Gold,POD31,Knife Set (5-Piece),Home & Living,Kitchen & Dining,ST11,Melbourne Retail - Box Hill,Box Hill,VIC,3128,Online,85,70,0.14,50,5167,1587,FALSE
ORD00217,4,45912,45916,CUST000179,Gold,POD40,LED Desk Lamp,Home & Living,Lighting,ST16,Melbourne Retail - South Yarra,South Yarra,VIC,3141,In Store,60,80,0.08,0,4416,1536,FALSE
ORD00218,1,45835,45837,CUST000148,Silver,POD27,Classic Cap,Apparel,Accessories,ST9,Melbourne Retail - Camberwell,Camberwell,VIC,3124,In Store,25,120,0.11,0,2670,870,TRUE
ORD00218,2,45412,45416,CUST000219,Gold,POD19,Chino Pants,Apparel,Bottoms,ST11,Melbourne Retail - Box Hill,Box Hill,VIC,3128,Pick up,65,75,0.07,0,4533.75,1608.75,FALSE
ORD00218,3,45305,45307,CUST000167,Silver,POD12,Wi-Fi Range Extender,Electronics,Networking,ST18,Melbourne Retail - Sunshine,Sunshine,VIC,3020,Online,95,40,0.07,50,3584,1294,FALSE
ORD00218,4,45454,45454,CUST000202,Bronze,POD31,Knife Set (5-Piece),Home & Living,Kitchen & Dining,ST10,Melbourne Retail - Glen Waverley,Glen Waverley,VIC,3150,Online,85,70,0.05,50,5702.5,2122.5,FALSE
ORD00219,1,45769,45774,CUST000122,Gold,POD17,Fleece Hoodie,Apparel,Tops,ST11,Melbourne Retail - Box Hill,Box Hill,VIC,3128,Pick up,60,90,0.08,0,4968,1728,FALSE
ORD00219,2,45963,45964,CUST000261,Gold,POD26,Brown Belt,Apparel,Accessories,ST7,Melbourne Retail - Richmond,Richmond,VIC,3121,Pick up,35,100,0.12,0,3080,980,FALSE
ORD00219,3,45427,45432,CUST000104,Silver,POD55,Vitamin C Serum,Beauty,Serums & Treatments,ST8,Melbourne Retail - Hawthorn,Hawthorn,VIC,3122,Online,70,75,0.15,50,4512.5,1352.5,FALSE
ORD00219,4,45585,45585,CUST000230,Bronze,POD36,All-Seasons Duvet Quilt,Home & Living,Bedding,ST3,Melbourne Retail - Docklands,Docklands,VIC,3008,In Store,120,50,0.05,0,5700,2100,FALSE
ORD00220,1,45973,45975,CUST000159,Bronze,POD11,Wi-Fi Router,Electronics,Networking,ST15,Melbourne Retail - St Kilda,St Kilda,VIC,3182,In Store,160,25,0.08,0,3680,1280,FALSE
ORD00220,2,45463,45467,CUST000216,Gold,POD56,Face Mask,Beauty,Skincare,ST19,Melbourne Retail - Dandenong,Dandenong,VIC,3175,Pick up,25,130,0.06,0,3055,1105,FALSE
ORD00220,3,45896,45897,CUST000177,Platinum,POD33,Cotton Bedsheet Set,Home & Living,Bedding,ST14,Melbourne Retail - Brunswick,Brunswick,VIC,3056,Online,95,60,0.09,50,5237,1807,FALSE
ORD00220,4,45825,45829,CUST00083,Silver,POD52,Face Cleanser,Beauty,Skincare,ST10,Melbourne Retail - Glen Waverley,Glen Waverley,VIC,3150,Online,35,120,0.14,50,3662,1132,FALSE
ORD00221,1,45544,45549,CUST000239,Bronze,POD35,Memory Foam Pillow,Home & Living,Bedding,ST8,Melbourne Retail - Hawthorn,Hawthorn,VIC,3122,Pick up,75,80,0.06,0,5640,2040,FALSE
ORD00221,2,45556,45556,CUST000193,Silver,POD49,Face Moisturiser,Beauty,Skincare,ST9,Melbourne Retail - Camberwell,Camberwell,VIC,3124,In Store,45,100,0.15,0,3825,1125,FALSE
ORD00221,3,45852,45857,CUST000247,Gold,POD60,Volumising Shampoo,Beauty,Hair Care,ST16,Melbourne Retail - South Yarra,South Yarra,VIC,3141,In Store,38,90,0.06,0,3214.8,1162.8,FALSE
ORD00221,4,45677,45681,CUST00014,Gold,POD39,Mesh Office Chair,Home & Living,Furniture,ST6,Melbourne Retail - Collingwood,Collingwood,VIC,3066,Online,200,25,0.11,50,4500,1490,FALSE
ORD00222,1,45796,45796,CUST000190,Silver,POD19,Chino Pants,Apparel,Bottoms,ST9,Melbourne Retail - Camberwell,Camberwell,VIC,3124,Online,65,75,0.06,50,4632.5,1697.5,FALSE
ORD00222,2,45614,45614,CUST000197,Bronze,POD54,Repair Serum,Beauty,Serums & Treatments,ST18,Melbourne Retail - Sunshine,Sunshine,VIC,3020,In Store,65,80,0.15,0,4420,1300,FALSE
ORD00222,3,45412,45412,CUST00077,Silver,POD20,High-Waist Jeans,Apparel,Bottoms,ST18,Melbourne Retail - Sunshine,Sunshine,VIC,3020,In Store,80,60,0.15,0,4080,1200,FALSE
ORD00222,4,45695,45699,CUST000236,Bronze,POD18,Slim Fit Jeans,Apparel,Bottoms,ST7,Melbourne Retail - Richmond,Richmond,VIC,3121,Pick up,70,80,0.09,0,5096,1736,FALSE
ORD00223,1,45534,45536,CUST000137,Gold,POD6,USB-C Charger,Electronics,Mobile Accessories,ST4,Melbourne Retail - Carlton,Carlton,VIC,3053,In Store,35,120,0.1,0,3780,1260,FALSE
ORD00223,2,45485,45486,CUST000112,Platinum,POD52,Face Cleanser,Beauty,Skincare,ST2,Melbourne Retail - Southbank,Southbank,VIC,3006,In Store,35,120,0.07,0,3906,1386,FALSE
ORD00223,3,45950,45953,CUST000226,Silver,POD52,Face Cleanser,Beauty,Skincare,ST16,Melbourne Retail - South Yarra,South Yarra,VIC,3141,Online,35,120,0.09,50,3872,1342,FALSE
ORD00223,4,45991,45994,CUST000122,Bronze,POD38,Oak Side Table,Home & Living,Furniture,ST7,Melbourne Retail - Richmond,Richmond,VIC,3121,Online,150,30,0.11,50,4055,1345,FALSE
ORD00224,1,45497,45499,CUST000131,Gold,POD26,Brown Belt,Apparel,Accessories,ST18,Melbourne Retail - Sunshine,Sunshine,VIC,3020,Pick up,35,100,0.06,0,3290,1190,FALSE
ORD00224,2,45501,45501,CUST00025,Platinum,POD58,Rose Cream,Beauty,Skincare,ST8,Melbourne Retail - Hawthorn,Hawthorn,VIC,3122,Pick up,42,90,0.12,0,3326.4,1058.4,FALSE
ORD00224,3,45381,45382,CUST000206,Gold,POD18,Slim Fit Jeans,Apparel,Bottoms,ST17,Melbourne Retail - Footscray,Footscray,VIC,3011,Online,70,80,0.15,50,4810,1440,FALSE
ORD00224,4,45680,45681,CUST00069,Silver,POD43,Woven Storage Basket,Home & Living,Home Decor,ST3,Melbourne Retail - Docklands,Docklands,VIC,3008,Online,35,100,0.15,50,3025,915,FALSE
ORD00225,1,45532,45532,CUST000245,Bronze,POD8,Lightning Cable,Electronics,Mobile Accessories,ST20,Melbourne Retail - Frankston,Frankston,VIC,3199,In Store,25,150,0.08,0,3450,1200,FALSE
ORD00225,2,46021,46025,CUST00081,Silver,POD34,Cotton Throw Blanket,Home & Living,Bedding,ST12,Melbourne Retail - Doncaster,Doncaster,VIC,3108,Pick up,60,70,0.14,0,3612,1092,TRUE
ORD00225,3,45933,45938,CUST000159,Bronze,POD29,Ceramic Mug,Home & Living,Kitchen & Dining,ST9,Melbourne Retail - Camberwell,Camberwell,VIC,3124,In Store,15,200,0.14,0,2580,780,FALSE
ORD00225,4,45753,45754,CUST00017,Bronze,POD21,Midi Dress,Apparel,Dresses,ST19,Melbourne Retail - Dandenong,Dandenong,VIC,3175,In Store,95,50,0.14,0,4085,1235,FALSE
ORD00226,1,45873,45878,CUST000257,Bronze,POD17,Fleece Hoodie,Apparel,Tops,ST7,Melbourne Retail - Richmond,Richmond,VIC,3121,Pick up,60,90,0.12,0,4752,1512,FALSE
ORD00226,2,45597,45597,CUST00072,Platinum,POD18,Slim Fit Jeans,Apparel,Bottoms,ST3,Melbourne Retail - Docklands,Docklands,VIC,3008,In Store,70,80,0.08,0,5152,1792,FALSE
ORD00226,4,45547,45548,CUST00049,Silver,POD44,Scented Candle,Home & Living,Fragrance,ST13,Melbourne Retail - Preston,Preston,VIC,3072,Online,25,150,0.15,50,3237.5,977.5,FALSE
ORD00227,1,45796,45797,CUST000199,Silver,POD58,Rose Cream,Beauty,Skincare,ST12,Melbourne Retail - Doncaster,Doncaster,VIC,3108,Online,42,90,0.13,50,3338.6,1060.6,FALSE
ORD00227,2,45334,45337,CUST000253,Silver,POD26,Brown Belt,Apparel,Accessories,ST7,Melbourne Retail - Richmond,Richmond,VIC,3121,Pick up,35,100,0.05,0,3325,1225,TRUE
ORD00227,3,45526,45527,CUST000117,Silver,POD40,LED Desk Lamp,Home & Living,Lighting,ST11,Melbourne Retail - Box Hill,Box Hill,VIC,3128,Online,60,80,0.1,50,4370,1480,FALSE
ORD00227,4,45882,45886,CUST000199,Gold,POD35,Memory Foam Pillow,Home & Living,Bedding,ST9,Melbourne Retail - Camberwell,Camberwell,VIC,3124,Online,75,80,0.15,50,5150,1540,FALSE
ORD00228,1,45669,45671,CUST000149,Bronze,POD20,High-Waist Jeans,Apparel,Bottoms,ST15,Melbourne Retail - St Kilda,St Kilda,VIC,3182,Online,80,60,0.15,50,4130,1240,FALSE
ORD00228,2,45889,45892,CUST000210,Bronze,POD22,Mid-Length Jacket,Apparel,Outerwear,ST13,Melbourne Retail - Preston,Preston,VIC,3072,Online,120,45,0.12,50,4802,1552,FALSE
ORD00228,3,45882,45883,CUST0006,Silver,POD56,Face Mask,Beauty,Skincare,ST3,Melbourne Retail - Docklands,Docklands,VIC,3008,Online,25,130,0.1,50,2975,1015,FALSE
ORD00228,4,45946,45948,CUST00071,Gold,POD16,Cotton Crew T-Shirt,Apparel,Tops,ST3,Melbourne Retail - Docklands,Docklands,VIC,3008,In Store,28,140,0.1,0,3528,1176,FALSE
ORD00229,2,45673,45678,CUST00033,Platinum,POD19,Chino Pants,Apparel,Bottoms,ST1,Melbourne Retail - Melbourne CBD,Melbourne CBD,VIC,3000,Online,65,75,0.09,50,4486.25,1551.25,FALSE
ORD00229,3,45881,45881,CUST00060,Silver,POD10,Clear Phone Case,Electronics,Mobile Accessories,ST2,Melbourne Retail - Southbank,Southbank,VIC,3006,Online,20,180,0.1,50,3290,1120,FALSE
ORD00229,4,45521,45521,CUST00044,Bronze,POD46,Scented Candle – Lavender,Home & Living,Fragrance,ST17,Melbourne Retail - Footscray,Footscray,VIC,3011,Pick up,25,150,0.06,0,3525,1275,TRUE
ORD00230,1,45501,45503,CUST000253,Bronze,POD34,Cotton Throw Blanket,Home & Living,Bedding,ST12,Melbourne Retail - Doncaster,Doncaster,VIC,3108,In Store,60,70,0.06,0,3948,1428,FALSE
ORD00230,2,45423,45426,CUST000104,Platinum,POD8,Lightning Cable,Electronics,Mobile Accessories,ST18,Melbourne Retail - Sunshine,Sunshine,VIC,3020,Online,25,150,0.11,50,3387.5,1127.5,FALSE
ORD00230,3,45911,45915,CUST00064,Platinum,POD59,Hydrating Conditioner,Beauty,Hair Care,ST15,Melbourne Retail - St Kilda,St Kilda,VIC,3182,Online,35,100,0.15,50,3025,915,FALSE
ORD00230,4,45448,45450,CUST00065,Gold,POD61,Hydrating Shampoo,Beauty,Hair Care,ST16,Melbourne Retail - South Yarra,South Yarra,VIC,3141,Online,38,90,0.09,50,3162.2,1100.2,FALSE
ORD00231,1,45499,45502,CUST00017,Bronze,POD41,Arc Floor Lamp,Home & Living,Lighting,ST16,Melbourne Retail - South Yarra,South Yarra,VIC,3141,In Store,130,40,0.07,0,4836,1716,FALSE
ORD00231,2,45453,45457,CUST000232,Bronze,POD54,Repair Serum,Beauty,Serums & Treatments,ST13,Melbourne Retail - Preston,Preston,VIC,3072,In Store,65,80,0.11,0,4628,1508,FALSE
ORD00231,3,45704,45704,CUST00049,Platinum,POD5,Wireless Mouse,Electronics,Computer Accessories,ST10,Melbourne Retail - Glen Waverley,Glen Waverley,VIC,3150,In Store,45,100,0.1,0,4050,1350,FALSE
ORD00231,4,45576,45578,CUST000211,Gold,POD31,Knife Set (5-Piece),Home & Living,Kitchen & Dining,ST6,Melbourne Retail - Collingwood,Collingwood,VIC,3066,Pick up,85,70,0.11,0,5295.5,1725.5,FALSE
ORD00232,1,45432,45433,CUST000249,Platinum,POD33,Cotton Bedsheet Set,Home & Living,Bedding,ST1,Melbourne Retail - Melbourne CBD,Melbourne CBD,VIC,3000,In Store,95,60,0.15,0,4845,1425,FALSE
ORD00232,2,45606,45606,CUST00028,Platinum,POD28,Socks (5-Pack),Apparel,Accessories,ST7,Melbourne Retail - Richmond,Richmond,VIC,3121,Online,20,150,0.15,50,2600,790,FALSE
ORD00232,3,45392,45397,CUST000100,Gold,POD32,Bamboo Cutting Board,Home & Living,Kitchen & Dining,ST2,Melbourne Retail - Southbank,Southbank,VIC,3006,Online,30,100,0.11,50,2720,910,FALSE
ORD00232,4,45457,45459,CUST00051,Bronze,POD33,Cotton Bedsheet Set,Home & Living,Bedding,ST20,Melbourne Retail - Frankston,Frankston,VIC,3199,Pick up,95,60,0.11,0,5073,1653,FALSE
ORD00233,1,45699,45704,CUST000242,Platinum,POD15,Cotton T-Shirt,Apparel,Tops,ST4,Melbourne Retail - Carlton,Carlton,VIC,3053,Pick up,25,150,0.07,0,3487.5,1237.5,FALSE
ORD00233,2,45294,45296,CUST000171,Gold,POD44,Scented Candle,Home & Living,Fragrance,ST6,Melbourne Retail - Collingwood,Collingwood,VIC,3066,Online,25,150,0.12,50,3350,1090,FALSE
ORD00233,3,45328,45333,CUST000223,Bronze,POD12,Wi-Fi Range Extender,Electronics,Networking,ST13,Melbourne Retail - Preston,Preston,VIC,3072,In Store,95,40,0.07,0,3534,1254,FALSE
ORD00233,4,45808,45811,CUST000228,Silver,POD50,Moisturiser – SPF30,Beauty,Skincare,ST18,Melbourne Retail - Sunshine,Sunshine,VIC,3020,In Store,48,100,0.14,0,4128,1248,FALSE
ORD00234,1,45303,45307,CUST00046,Gold,POD12,Wi-Fi Range Extender,Electronics,Networking,ST12,Melbourne Retail - Doncaster,Doncaster,VIC,3108,Pick up,95,40,0.13,0,3306,1026,FALSE
ORD00234,2,45554,45554,CUST00048,Platinum,POD48,Essential Oil – Eucalyptus,Home & Living,Fragrance,ST8,Melbourne Retail - Hawthorn,Hawthorn,VIC,3122,In Store,35,80,0.12,0,2464,784,FALSE
ORD00234,3,45679,45684,CUST000259,Platinum,POD9,Screen Protector,Electronics,Mobile Accessories,ST12,Melbourne Retail - Doncaster,Doncaster,VIC,3108,In Store,15,200,0.11,0,2670,870,FALSE
ORD00234,4,45431,45436,CUST000240,Silver,POD47,Reed Diffuser – Citrus,Home & Living,Fragrance,ST11,Melbourne Retail - Box Hill,Box Hill,VIC,3128,In Store,30,100,0.12,0,2640,840,FALSE
ORD00235,1,45488,45488,CUST000240,Platinum,POD50,Moisturiser – SPF30,Beauty,Skincare,ST12,Melbourne Retail - Doncaster,Doncaster,VIC,3108,Online,48,100,0.14,50,4178,1288,FALSE
ORD00235,2,45826,45830,CUST000170,Silver,POD59,Hydrating Conditioner,Beauty,Hair Care,ST3,Melbourne Retail - Docklands,Docklands,VIC,3008,In Store,35,100,0.08,0,3220,1120,TRUE
ORD00235,3,45755,45759,CUST000219,Platinum,POD14,Wall Plug (2-Pack),Electronics,Smart Home,ST10,Melbourne Retail - Glen Waverley,Glen Waverley,VIC,3150,Pick up,22,200,0.05,0,4180,1540,FALSE
ORD00235,4,45714,45715,CUST000253,Gold,POD11,Wi-Fi Router,Electronics,Networking,ST10,Melbourne Retail - Glen Waverley,Glen Waverley,VIC,3150,Online,160,25,0.06,50,3810,1400,FALSE
ORD00236,1,45930,45932,CUST000171,Silver,POD21,Midi Dress,Apparel,Dresses,ST7,Melbourne Retail - Richmond,Richmond,VIC,3121,Online,95,50,0.06,50,4515,1655,FALSE
ORD00236,2,45373,45375,CUST000177,Platinum,POD36,All-Seasons Duvet Quilt,Home & Living,Bedding,ST17,Melbourne Retail - Footscray,Footscray,VIC,3011,Online,120,50,0.14,50,5210,1600,FALSE
ORD00236,3,45817,45818,CUST000222,Bronze,POD21,Midi Dress,Apparel,Dresses,ST14,Melbourne Retail - Brunswick,Brunswick,VIC,3056,Online,95,50,0.12,50,4230,1370,FALSE
ORD00236,4,45644,45644,CUST000128,Bronze,POD47,Reed Diffuser – Citrus,Home & Living,Fragrance,ST1,Melbourne Retail - Melbourne CBD,Melbourne CBD,VIC,3000,Online,30,100,0.12,50,2690,880,FALSE
ORD00237,1,45510,45514,CUST000196,Silver,POD30,Non-Stick Frypan 28cm,Home & Living,Kitchen & Dining,ST14,Melbourne Retail - Brunswick,Brunswick,VIC,3056,In Store,55,80,0.11,0,3916,1276,FALSE
ORD00237,2,45519,45519,CUST000172,Platinum,POD13,LED Light Bulb,Electronics,Smart Home,ST10,Melbourne Retail - Glen Waverley,Glen Waverley,VIC,3150,Online,18,300,0.06,50,5126,1876,FALSE
ORD00237,3,45608,45613,CUST00050,Gold,POD23,Wool Blend Coat,Apparel,Outerwear,ST18,Melbourne Retail - Sunshine,Sunshine,VIC,3020,In Store,180,30,0.09,0,4914,1674,FALSE
ORD00237,4,46020,46023,CUST000188,Platinum,POD42,Minimal Wall Clock,Home & Living,Home Decor,ST2,Melbourne Retail - Southbank,Southbank,VIC,3006,In Store,45,90,0.11,0,3604.5,1174.5,FALSE
ORD00238,1,45523,45524,CUST000226,Platinum,POD20,High-Waist Jeans,Apparel,Bottoms,ST18,Melbourne Retail - Sunshine,Sunshine,VIC,3020,Pick up,80,60,0.13,0,4176,1296,FALSE
ORD00238,2,45667,45668,CUST000117,Gold,POD15,Cotton T-Shirt,Apparel,Tops,ST12,Melbourne Retail - Doncaster,Doncaster,VIC,3108,Pick up,25,150,0.12,0,3300,1050,FALSE
ORD00238,3,45862,45864,CUST00014,Bronze,POD3,Bluetooth Speaker,Electronics,Audio Devices,ST17,Melbourne Retail - Footscray,Footscray,VIC,3011,Pick up,110,40,0.11,0,3916,1276,FALSE
ORD00238,4,45450,45455,CUST000248,Gold,POD42,Minimal Wall Clock,Home & Living,Home Decor,ST2,Melbourne Retail - Southbank,Southbank,VIC,3006,Online,45,90,0.05,50,3897.5,1457.5,FALSE
ORD00239,1,45509,45512,CUST00091,Platinum,POD43,Woven Storage Basket,Home & Living,Home Decor,ST1,Melbourne Retail - Melbourne CBD,Melbourne CBD,VIC,3000,In Store,35,100,0.09,0,3185,1085,FALSE
ORD00239,2,45355,45355,CUST0004,Bronze,POD10,Clear Phone Case,Electronics,Mobile Accessories,ST19,Melbourne Retail - Dandenong,Dandenong,VIC,3175,Pick up,20,180,0.11,0,3204,1044,FALSE
ORD00239,3,45343,45344,CUST00028,Bronze,POD28,Socks (5-Pack),Apparel,Accessories,ST16,Melbourne Retail - South Yarra,South Yarra,VIC,3141,Pick up,20,150,0.05,0,2850,1050,FALSE
ORD00239,4,45541,45544,CUST000186,Bronze,POD37,5-Tier Bookshelf,Home & Living,Furniture,ST11,Melbourne Retail - Box Hill,Box Hill,VIC,3128,In Store,180,25,0.11,0,4005,1305,FALSE
ORD00240,1,45667,45667,CUST000115,Platinum,POD46,Scented Candle – Lavender,Home & Living,Fragrance,ST6,Melbourne Retail - Collingwood,Collingwood,VIC,3066,Online,25,150,0.07,50,3537.5,1277.5,FALSE
ORD00240,2,45664,45667,CUST000130,Silver,POD10,Clear Phone Case,Electronics,Mobile Accessories,ST3,Melbourne Retail - Docklands,Docklands,VIC,3008,In Store,20,180,0.09,0,3276,1116,FALSE
ORD00240,3,45341,45346,CUST000148,Bronze,POD36,All-Seasons Duvet Quilt,Home & Living,Bedding,ST6,Melbourne Retail - Collingwood,Collingwood,VIC,3066,Online,120,50,0.06,50,5690,2080,FALSE
ORD00240,4,45595,45597,CUST0008,Gold,POD16,Cotton Crew T-Shirt,Apparel,Tops,ST17,Melbourne Retail - Footscray,Footscray,VIC,3011,In Store,28,140,0.08,0,3606.4,1254.4,FALSE
ORD00241,1,45781,45786,CUST000172,Platinum,POD37,5-Tier Bookshelf,Home & Living,Furniture,ST18,Melbourne Retail - Sunshine,Sunshine,VIC,3020,Online,180,25,0.07,50,4235,1525,FALSE
ORD00241,2,45672,45675,CUST000113,Platinum,POD27,Classic Cap,Apparel,Accessories,ST8,Melbourne Retail - Hawthorn,Hawthorn,VIC,3122,Online,25,120,0.12,50,2690,880,FALSE
ORD00241,3,45931,45936,CUST000126,Bronze,POD20,High-Waist Jeans,Apparel,Bottoms,ST3,Melbourne Retail - Docklands,Docklands,VIC,3008,Online,80,60,0.12,50,4274,1384,FALSE
ORD00241,4,45511,45511,CUST000129,Silver,POD48,Essential Oil – Eucalyptus,Home & Living,Fragrance,ST20,Melbourne Retail - Frankston,Frankston,VIC,3199,Online,35,80,0.1,50,2570,880,FALSE
ORD00242,1,45543,45543,CUST000158,Platinum,POD30,Non-Stick Frypan 28cm,Home & Living,Kitchen & Dining,ST10,Melbourne Retail - Glen Waverley,Glen Waverley,VIC,3150,Online,55,80,0.15,50,3790,1140,FALSE
ORD00242,2,45535,45539,CUST000177,Silver,POD34,Cotton Throw Blanket,Home & Living,Bedding,ST1,Melbourne Retail - Melbourne CBD,Melbourne CBD,VIC,3000,Pick up,60,70,0.15,0,3570,1050,FALSE
ORD00242,3,45639,45641,CUST000260,Silver,POD13,LED Light Bulb,Electronics,Smart Home,ST2,Melbourne Retail - Southbank,Southbank,VIC,3006,Online,18,300,0.07,50,5072,1822,FALSE
ORD00242,4,45454,45456,CUST000263,Platinum,POD36,All-Seasons Duvet Quilt,Home & Living,Bedding,ST16,Melbourne Retail - South Yarra,South Yarra,VIC,3141,In Store,120,50,0.11,0,5340,1740,TRUE
ORD00243,1,45528,45531,CUST000228,Bronze,POD58,Rose Cream,Beauty,Skincare,ST13,Melbourne Retail - Preston,Preston,VIC,3072,Pick up,42,90,0.1,0,3402,1134,FALSE
ORD00243,2,45838,45842,CUST000149,Bronze,POD18,Slim Fit Jeans,Apparel,Bottoms,ST12,Melbourne Retail - Doncaster,Doncaster,VIC,3108,Pick up,70,80,0.15,0,4760,1400,FALSE
ORD00243,3,45802,45803,CUST00053,Silver,POD19,Chino Pants,Apparel,Bottoms,ST13,Melbourne Retail - Preston,Preston,VIC,3072,Pick up,65,75,0.07,0,4533.75,1608.75,FALSE
ORD00243,4,45943,45944,CUST000205,Bronze,POD66,Razor – 5 Blade,Beauty,Personal Care,ST12,Melbourne Retail - Doncaster,Doncaster,VIC,3108,Pick up,35,90,0.09,0,2866.5,976.5,FALSE
ORD00244,1,45721,45725,CUST00059,Platinum,POD39,Mesh Office Chair,Home & Living,Furniture,ST20,Melbourne Retail - Frankston,Frankston,VIC,3199,In Store,200,25,0.15,0,4250,1250,FALSE
ORD00244,2,45844,45844,CUST00047,Gold,POD22,Mid-Length Jacket,Apparel,Outerwear,ST7,Melbourne Retail - Richmond,Richmond,VIC,3121,Pick up,120,45,0.11,0,4806,1566,FALSE
ORD00244,3,45491,45492,CUST00070,Silver,POD30,Non-Stick Frypan 28cm,Home & Living,Kitchen & Dining,ST7,Melbourne Retail - Richmond,Richmond,VIC,3121,In Store,55,80,0.15,0,3740,1100,FALSE
ORD00245,1,45471,45471,CUST00078,Bronze,POD19,Chino Pants,Apparel,Bottoms,ST14,Melbourne Retail - Brunswick,Brunswick,VIC,3056,In Store,65,75,0.15,0,4143.75,1218.75,FALSE
ORD00245,2,45665,45668,CUST000214,Bronze,POD57,Shea Lotion,Beauty,Skincare,ST9,Melbourne Retail - Camberwell,Camberwell,VIC,3124,In Store,40,100,0.07,0,3720,1320,FALSE
ORD00245,3,45879,45883,CUST000167,Bronze,POD41,Arc Floor Lamp,Home & Living,Lighting,ST2,Melbourne Retail - Southbank,Southbank,VIC,3006,In Store,130,40,0.09,0,4732,1612,FALSE
ORD00245,4,45532,45532,CUST00069,Platinum,POD37,5-Tier Bookshelf,Home & Living,Furniture,ST14,Melbourne Retail - Brunswick,Brunswick,VIC,3056,Pick up,180,25,0.14,0,3870,1170,FALSE
ORD00246,1,45531,45531,CUST000228,Platinum,POD30,Non-Stick Frypan 28cm,Home & Living,Kitchen & Dining,ST8,Melbourne Retail - Hawthorn,Hawthorn,VIC,3122,In Store,55,80,0.13,0,3828,1188,FALSE
ORD00246,2,45487,45491,CUST000254,Bronze,POD59,Hydrating Conditioner,Beauty,Hair Care,ST13,Melbourne Retail - Preston,Preston,VIC,3072,Pick up,35,100,0.14,0,3010,910,FALSE
ORD00246,3,45641,45645,CUST000156,Platinum,POD9,Screen Protector,Electronics,Mobile Accessories,ST20,Melbourne Retail - Frankston,Frankston,VIC,3199,In Store,15,200,0.11,0,2670,870,FALSE
ORD00246,4,45978,45981,CUST00044,Platinum,POD23,Wool Blend Coat,Apparel,Outerwear,ST16,Melbourne Retail - South Yarra,South Yarra,VIC,3141,Online,180,30,0.12,50,4802,1552,FALSE
ORD00247,1,45631,45632,CUST000158,Gold,POD58,Rose Cream,Beauty,Skincare,ST6,Melbourne Retail - Collingwood,Collingwood,VIC,3066,Online,42,90,0.07,50,3565.4,1287.4,FALSE
ORD00247,2,45535,45538,CUST00073,Gold,POD23,Wool Blend Coat,Apparel,Outerwear,ST5,Melbourne Retail - Fitzroy,Fitzroy,VIC,3065,In Store,180,30,0.11,0,4806,1566,FALSE
ORD00247,3,45350,45353,CUST000206,Gold,POD13,LED Light Bulb,Electronics,Smart Home,ST20,Melbourne Retail - Frankston,Frankston,VIC,3199,In Store,18,300,0.09,0,4914,1674,FALSE
ORD00247,4,45771,45775,CUST000179,Gold,POD4,4K Monitor,Electronics,Computer Accessories,ST6,Melbourne Retail - Collingwood,Collingwood,VIC,3066,In Store,450,30,0.14,0,11610,3510,FALSE
ORD00248,1,45908,45913,CUST00016,Bronze,POD49,Face Moisturiser,Beauty,Skincare,ST16,Melbourne Retail - South Yarra,South Yarra,VIC,3141,Online,45,100,0.1,50,4100,1390,FALSE
ORD00248,2,45505,45509,CUST000203,Gold,POD38,Oak Side Table,Home & Living,Furniture,ST17,Melbourne Retail - Footscray,Footscray,VIC,3011,In Store,150,30,0.06,0,4230,1530,FALSE
ORD00248,3,45340,45344,CUST00058,Platinum,POD15,Cotton T-Shirt,Apparel,Tops,ST13,Melbourne Retail - Preston,Preston,VIC,3072,Online,25,150,0.07,50,3537.5,1277.5,FALSE
ORD00248,4,45546,45549,CUST000223,Silver,POD60,Volumising Shampoo,Beauty,Hair Care,ST15,Melbourne Retail - St Kilda,St Kilda,VIC,3182,In Store,38,90,0.14,0,2941.2,889.2,FALSE
ORD00249,1,45633,45637,CUST000242,Platinum,POD14,Wall Plug (2-Pack),Electronics,Smart Home,ST2,Melbourne Retail - Southbank,Southbank,VIC,3006,In Store,22,200,0.05,0,4180,1540,FALSE
ORD00249,2,45772,45774,CUST000136,Platinum,POD12,Wi-Fi Range Extender,Electronics,Networking,ST18,Melbourne Retail - Sunshine,Sunshine,VIC,3020,Online,95,40,0.12,50,3394,1104,FALSE
ORD00249,3,45660,45661,CUST0003,Gold,POD20,High-Waist Jeans,Apparel,Bottoms,ST2,Melbourne Retail - Southbank,Southbank,VIC,3006,Pick up,80,60,0.12,0,4224,1344,FALSE
ORD00249,4,45587,45587,CUST000116,Gold,POD10,Clear Phone Case,Electronics,Mobile Accessories,ST1,Melbourne Retail - Melbourne CBD,Melbourne CBD,VIC,3000,Online,20,180,0.07,50,3398,1228,FALSE
ORD00250,1,45619,45620,CUST000131,Platinum,POD34,Cotton Throw Blanket,Home & Living,Bedding,ST19,Melbourne Retail - Dandenong,Dandenong,VIC,3175,In Store,60,70,0.11,0,3738,1218,FALSE
ORD00250,2,45489,45492,CUST000223,Platinum,POD62,Argan Oil,Beauty,Hair Care,ST19,Melbourne Retail - Dandenong,Dandenong,VIC,3175,Online,55,60,0.09,50,3053,1063,FALSE
ORD00250,3,45829,45829,CUST000117,Silver,POD66,Razor – 5 Blade,Beauty,Personal Care,ST3,Melbourne Retail - Docklands,Docklands,VIC,3008,Online,35,90,0.05,50,3042.5,1142.5,FALSE
ORD00250,4,45464,45464,CUST000200,Bronze,POD11,Wi-Fi Router,Electronics,Networking,ST15,Melbourne Retail - St Kilda,St Kilda,VIC,3182,In Store,160,25,0.11,0,3560,1160,FALSE
ORD00251,1,45448,45453,CUST000129,Platinum,POD45,Scented Candle – Vanilla,Home & Living,Fragrance,ST20,Melbourne Retail - Frankston,Frankston,VIC,3199,In Store,25,150,0.06,0,3525,1275,FALSE
ORD00251,2,45380,45382,CUST00066,Gold,POD47,Reed Diffuser – Citrus,Home & Living,Fragrance,ST19,Melbourne Retail - Dandenong,Dandenong,VIC,3175,Online,30,100,0.14,50,2630,820,FALSE
ORD00251,3,45340,45344,CUST000204,Platinum,POD28,Socks (5-Pack),Apparel,Accessories,ST18,Melbourne Retail - Sunshine,Sunshine,VIC,3020,In Store,20,150,0.07,0,2790,990,FALSE
ORD00251,4,45838,45838,CUST000186,Gold,POD15,Cotton T-Shirt,Apparel,Tops,ST12,Melbourne Retail - Doncaster,Doncaster,VIC,3108,In Store,25,150,0.06,0,3525,1275,FALSE
ORD00252,1,45300,45303,CUST000190,Gold,POD16,Cotton Crew T-Shirt,Apparel,Tops,ST10,Melbourne Retail - Glen Waverley,Glen Waverley,VIC,3150,Online,28,140,0.15,50,3382,1020,FALSE
ORD00252,2,45726,45731,CUST000101,Silver,POD21,Midi Dress,Apparel,Dresses,ST9,Melbourne Retail - Camberwell,Camberwell,VIC,3124,Online,95,50,0.05,50,4562.5,1702.5,FALSE
ORD00252,3,45865,45865,CUST00017,Bronze,POD37,5-Tier Bookshelf,Home & Living,Furniture,ST4,Melbourne Retail - Carlton,Carlton,VIC,3053,Pick up,180,25,0.14,0,3870,1170,FALSE
ORD00252,4,45440,45441,CUST00084,Platinum,POD41,Arc Floor Lamp,Home & Living,Lighting,ST14,Melbourne Retail - Brunswick,Brunswick,VIC,3056,Pick up,130,40,0.13,0,4524,1404,FALSE
ORD00253,1,45705,45710,CUST000159,Gold,POD6,USB-C Charger,Electronics,Mobile Accessories,ST20,Melbourne Retail - Frankston,Frankston,VIC,3199,Pick up,35,120,0.15,0,3570,1050,FALSE
ORD00253,2,45909,45913,CUST000222,Bronze,POD11,Wi-Fi Router,Electronics,Networking,ST11,Melbourne Retail - Box Hill,Box Hill,VIC,3128,In Store,160,25,0.14,0,3440,1040,FALSE
ORD00253,3,45969,45974,CUST00054,Gold,POD59,Hydrating Conditioner,Beauty,Hair Care,ST12,Melbourne Retail - Doncaster,Doncaster,VIC,3108,Pick up,35,100,0.08,0,3220,1120,FALSE
ORD00253,4,45788,45790,CUST000225,Gold,POD45,Scented Candle – Vanilla,Home & Living,Fragrance,ST7,Melbourne Retail - Richmond,Richmond,VIC,3121,Online,25,150,0.13,50,3312.5,1052.5,FALSE
ORD00254,1,45965,45970,CUST000202,Silver,POD16,Cotton Crew T-Shirt,Apparel,Tops,ST7,Melbourne Retail - Richmond,Richmond,VIC,3121,Online,28,140,0.15,50,3382,1020,FALSE
ORD00254,2,45745,45750,CUST00080,Gold,POD39,Mesh Office Chair,Home & Living,Furniture,ST7,Melbourne Retail - Richmond,Richmond,VIC,3121,Pick up,200,25,0.11,0,4450,1450,FALSE
ORD00254,3,45918,45920,CUST0003,Bronze,POD34,Cotton Throw Blanket,Home & Living,Bedding,ST13,Melbourne Retail - Preston,Preston,VIC,3072,Pick up,60,70,0.06,0,3948,1428,FALSE
ORD00254,4,45932,45934,CUST000176,Gold,POD30,Non-Stick Frypan 28cm,Home & Living,Kitchen & Dining,ST8,Melbourne Retail - Hawthorn,Hawthorn,VIC,3122,Pick up,55,80,0.07,0,4092,1452,FALSE
ORD00255,1,45669,45672,CUST00058,Platinum,POD40,LED Desk Lamp,Home & Living,Lighting,ST8,Melbourne Retail - Hawthorn,Hawthorn,VIC,3122,Pick up,60,80,0.11,0,4272,1392,FALSE
ORD00255,2,46003,46004,CUST00080,Gold,POD52,Face Cleanser,Beauty,Skincare,ST1,Melbourne Retail - Melbourne CBD,Melbourne CBD,VIC,3000,Online,35,120,0.15,50,3620,1090,FALSE
ORD00255,3,45609,45609,CUST0006,Gold,POD42,Minimal Wall Clock,Home & Living,Home Decor,ST6,Melbourne Retail - Collingwood,Collingwood,VIC,3066,Online,45,90,0.11,50,3654.5,1214.5,TRUE
ORD00255,4,45449,45452,CUST000212,Bronze,POD59,Hydrating Conditioner,Beauty,Hair Care,ST2,Melbourne Retail - Southbank,Southbank,VIC,3006,In Store,35,100,0.1,0,3150,1050,FALSE
ORD00256,1,45757,45758,CUST000257,Gold,POD31,Knife Set (5-Piece),Home & Living,Kitchen & Dining,ST19,Melbourne Retail - Dandenong,Dandenong,VIC,3175,Pick up,85,70,0.12,0,5236,1666,FALSE
ORD00256,2,45623,45627,CUST00024,Bronze,POD28,Socks (5-Pack),Apparel,Accessories,ST8,Melbourne Retail - Hawthorn,Hawthorn,VIC,3122,In Store,20,150,0.15,0,2550,750,FALSE
ORD00256,3,45967,45972,CUST000155,Platinum,POD29,Ceramic Mug,Home & Living,Kitchen & Dining,ST11,Melbourne Retail - Box Hill,Box Hill,VIC,3128,In Store,15,200,0.08,0,2760,960,FALSE
ORD00256,4,45956,45959,CUST000148,Platinum,POD7,"Power Bank 10,000mAh",Electronics,Mobile Accessories,ST4,Melbourne Retail - Carlton,Carlton,VIC,3053,In Store,60,80,0.06,0,4512,1632,FALSE
ORD00257,1,45477,45481,CUST000183,Gold,POD29,Ceramic Mug,Home & Living,Kitchen & Dining,ST3,Melbourne Retail - Docklands,Docklands,VIC,3008,Pick up,15,200,0.12,0,2640,840,FALSE
ORD00257,2,45302,45306,CUST000259,Platinum,POD1,Wireless Headphones,Electronics,Audio Devices,ST11,Melbourne Retail - Box Hill,Box Hill,VIC,3128,Pick up,120,50,0.08,0,5520,1920,FALSE
ORD00257,3,45890,45895,CUST000195,Bronze,POD59,Hydrating Conditioner,Beauty,Hair Care,ST18,Melbourne Retail - Sunshine,Sunshine,VIC,3020,Pick up,35,100,0.12,0,3080,980,FALSE
ORD00257,4,45295,45296,CUST000258,Platinum,POD33,Cotton Bedsheet Set,Home & Living,Bedding,ST3,Melbourne Retail - Docklands,Docklands,VIC,3008,Pick up,95,60,0.15,0,4845,1425,FALSE
ORD00258,1,45928,45933,CUST00096,Gold,POD40,LED Desk Lamp,Home & Living,Lighting,ST8,Melbourne Retail - Hawthorn,Hawthorn,VIC,3122,In Store,60,80,0.09,0,4368,1488,FALSE
ORD00258,2,45889,45890,CUST00033,Platinum,POD64,Roll-On Deodorant,Beauty,Personal Care,ST6,Melbourne Retail - Collingwood,Collingwood,VIC,3066,Online,25,100,0.06,50,2400,890,FALSE
ORD00258,3,45603,45605,CUST000200,Gold,POD40,LED Desk Lamp,Home & Living,Lighting,ST6,Melbourne Retail - Collingwood,Collingwood,VIC,3066,In Store,60,80,0.1,0,4320,1440,FALSE
ORD00258,4,45965,45966,CUST00078,Platinum,POD47,Reed Diffuser – Citrus,Home & Living,Fragrance,ST2,Melbourne Retail - Southbank,Southbank,VIC,3006,Online,30,100,0.12,50,2690,880,FALSE
ORD00259,1,45615,45615,CUST00014,Platinum,POD55,Vitamin C Serum,Beauty,Serums & Treatments,ST1,Melbourne Retail - Melbourne CBD,Melbourne CBD,VIC,3000,Pick up,70,75,0.07,0,4882.5,1732.5,FALSE
ORD00259,2,45777,45780,CUST000109,Silver,POD49,Face Moisturiser,Beauty,Skincare,ST13,Melbourne Retail - Preston,Preston,VIC,3072,Online,45,100,0.05,50,4325,1615,FALSE
ORD00259,3,45512,45512,CUST000141,Gold,POD48,Essential Oil – Eucalyptus,Home & Living,Fragrance,ST2,Melbourne Retail - Southbank,Southbank,VIC,3006,Online,35,80,0.13,50,2486,796,FALSE
ORD00259,4,45804,45808,CUST000116,Platinum,POD10,Clear Phone Case,Electronics,Mobile Accessories,ST12,Melbourne Retail - Doncaster,Doncaster,VIC,3108,Online,20,180,0.13,50,3182,1012,FALSE
ORD00260,1,45491,45492,CUST000140,Gold,POD38,Oak Side Table,Home & Living,Furniture,ST14,Melbourne Retail - Brunswick,Brunswick,VIC,3056,Pick up,150,30,0.11,0,4005,1305,FALSE
ORD00260,2,45467,45471,CUST000134,Platinum,POD46,Scented Candle – Lavender,Home & Living,Fragrance,ST2,Melbourne Retail - Southbank,Southbank,VIC,3006,Pick up,25,150,0.15,0,3187.5,937.5,FALSE
ORD00260,3,45924,45926,CUST000129,Gold,POD14,Wall Plug (2-Pack),Electronics,Smart Home,ST16,Melbourne Retail - South Yarra,South Yarra,VIC,3141,Pick up,22,200,0.08,0,4048,1408,FALSE
ORD00260,4,45582,45582,CUST0001,Platinum,POD63,Eau de Parfum,Beauty,Fragrance,ST8,Melbourne Retail - Hawthorn,Hawthorn,VIC,3122,Online,95,50,0.13,50,4182.5,1322.5,FALSE
ORD00261,1,45503,45506,CUST000139,Silver,POD60,Volumising Shampoo,Beauty,Hair Care,ST15,Melbourne Retail - St Kilda,St Kilda,VIC,3182,In Store,38,90,0.14,0,2941.2,889.2,FALSE
ORD00261,2,45501,45505,CUST00032,Bronze,POD52,Face Cleanser,Beauty,Skincare,ST14,Melbourne Retail - Brunswick,Brunswick,VIC,3056,Pick up,35,120,0.07,0,3906,1386,FALSE
ORD00261,3,45824,45825,CUST000113,Platinum,POD20,High-Waist Jeans,Apparel,Bottoms,ST16,Melbourne Retail - South Yarra,South Yarra,VIC,3141,Pick up,80,60,0.11,0,4272,1392,FALSE
ORD00261,4,45293,45295,CUST00098,Silver,POD1,Wireless Headphones,Electronics,Audio Devices,ST13,Melbourne Retail - Preston,Preston,VIC,3072,Online,120,50,0.12,50,5330,1720,FALSE
ORD00262,1,45471,45475,CUST000184,Bronze,POD37,5-Tier Bookshelf,Home & Living,Furniture,ST12,Melbourne Retail - Doncaster,Doncaster,VIC,3108,Online,180,25,0.09,50,4145,1435,FALSE
ORD00262,2,45405,45408,CUST000255,Bronze,POD60,Volumising Shampoo,Beauty,Hair Care,ST1,Melbourne Retail - Melbourne CBD,Melbourne CBD,VIC,3000,In Store,38,90,0.11,0,3043.8,991.8,FALSE
ORD00262,3,45747,45752,CUST00081,Silver,POD33,Cotton Bedsheet Set,Home & Living,Bedding,ST8,Melbourne Retail - Hawthorn,Hawthorn,VIC,3122,Pick up,95,60,0.09,0,5187,1767,FALSE
ORD00262,4,45634,45635,CUST000179,Bronze,POD3,Bluetooth Speaker,Electronics,Audio Devices,ST17,Melbourne Retail - Footscray,Footscray,VIC,3011,Pick up,110,40,0.08,0,4048,1408,FALSE
ORD00263,1,45604,45604,CUST00053,Platinum,POD62,Argan Oil,Beauty,Hair Care,ST6,Melbourne Retail - Collingwood,Collingwood,VIC,3066,Online,55,60,0.05,50,3185,1195,FALSE
ORD00263,2,45863,45865,CUST00045,Platinum,POD14,Wall Plug (2-Pack),Electronics,Smart Home,ST13,Melbourne Retail - Preston,Preston,VIC,3072,In Store,22,200,0.05,0,4180,1540,FALSE
ORD00263,3,45682,45682,CUST000231,Bronze,POD39,Mesh Office Chair,Home & Living,Furniture,ST17,Melbourne Retail - Footscray,Footscray,VIC,3011,In Store,200,25,0.08,0,4600,1600,FALSE
ORD00264,1,45331,45336,CUST00018,Silver,POD44,Scented Candle,Home & Living,Fragrance,ST11,Melbourne Retail - Box Hill,Box Hill,VIC,3128,In Store,25,150,0.13,0,3262.5,1012.5,FALSE
ORD00264,2,45497,45497,CUST00070,Silver,POD30,Non-Stick Frypan 28cm,Home & Living,Kitchen & Dining,ST18,Melbourne Retail - Sunshine,Sunshine,VIC,3020,Online,55,80,0.05,50,4230,1580,FALSE
ORD00264,4,45939,45943,CUST000158,Bronze,POD33,Cotton Bedsheet Set,Home & Living,Bedding,ST18,Melbourne Retail - Sunshine,Sunshine,VIC,3020,Online,95,60,0.07,50,5351,1921,TRUE
ORD00265,1,45970,45972,CUST000197,Platinum,POD41,Arc Floor Lamp,Home & Living,Lighting,ST2,Melbourne Retail - Southbank,Southbank,VIC,3006,Pick up,130,40,0.09,0,4732,1612,FALSE
ORD00265,2,45954,45959,CUST000167,Bronze,POD30,Non-Stick Frypan 28cm,Home & Living,Kitchen & Dining,ST10,Melbourne Retail - Glen Waverley,Glen Waverley,VIC,3150,In Store,55,80,0.12,0,3872,1232,FALSE
ORD00265,3,45610,45611,CUST000214,Platinum,POD11,Wi-Fi Router,Electronics,Networking,ST13,Melbourne Retail - Preston,Preston,VIC,3072,In Store,160,25,0.11,0,3560,1160,FALSE
ORD00265,4,45891,45896,CUST00065,Bronze,POD53,Eucalyptus Face Wash,Beauty,Skincare,ST3,Melbourne Retail - Docklands,Docklands,VIC,3008,In Store,38,110,0.14,0,3594.8,1086.8,FALSE
ORD00266,1,45760,45760,CUST000259,Silver,POD6,USB-C Charger,Electronics,Mobile Accessories,ST5,Melbourne Retail - Fitzroy,Fitzroy,VIC,3065,Pick up,35,120,0.06,0,3948,1428,FALSE
ORD00266,2,45469,45470,CUST00069,Silver,POD20,High-Waist Jeans,Apparel,Bottoms,ST10,Melbourne Retail - Glen Waverley,Glen Waverley,VIC,3150,In Store,80,60,0.1,0,4320,1440,FALSE
ORD00266,3,45463,45467,CUST00022,Platinum,POD45,Scented Candle – Vanilla,Home & Living,Fragrance,ST3,Melbourne Retail - Docklands,Docklands,VIC,3008,Pick up,25,150,0.07,0,3487.5,1237.5,FALSE
ORD00266,4,45604,45604,CUST000202,Platinum,POD40,LED Desk Lamp,Home & Living,Lighting,ST10,Melbourne Retail - Glen Waverley,Glen Waverley,VIC,3150,Online,60,80,0.05,50,4610,1720,FALSE
ORD00267,1,45978,45980,CUST000192,Gold,POD3,Bluetooth Speaker,Electronics,Audio Devices,ST13,Melbourne Retail - Preston,Preston,VIC,3072,In Store,110,40,0.11,0,3916,1276,FALSE
ORD00267,2,45975,45977,CUST00040,Platinum,POD30,Non-Stick Frypan 28cm,Home & Living,Kitchen & Dining,ST20,Melbourne Retail - Frankston,Frankston,VIC,3199,Pick up,55,80,0.05,0,4180,1540,FALSE
ORD00267,3,45672,45675,CUST000225,Gold,POD7,"Power Bank 10,000mAh",Electronics,Mobile Accessories,ST7,Melbourne Retail - Richmond,Richmond,VIC,3121,Online,60,80,0.09,50,4418,1528,FALSE
ORD00267,4,45362,45362,CUST000170,Platinum,POD15,Cotton T-Shirt,Apparel,Tops,ST20,Melbourne Retail - Frankston,Frankston,VIC,3199,Online,25,150,0.11,50,3387.5,1127.5,FALSE
ORD00268,1,45499,45501,CUST000237,Platinum,POD12,Wi-Fi Range Extender,Electronics,Networking,ST7,Melbourne Retail - Richmond,Richmond,VIC,3121,In Store,95,40,0.05,0,3610,1330,FALSE
ORD00268,2,45623,45625,CUST000233,Gold,POD46,Scented Candle – Lavender,Home & Living,Fragrance,ST12,Melbourne Retail - Doncaster,Doncaster,VIC,3108,Online,25,150,0.13,50,3312.5,1052.5,FALSE
ORD00268,3,45898,45903,CUST000123,Platinum,POD17,Fleece Hoodie,Apparel,Tops,ST18,Melbourne Retail - Sunshine,Sunshine,VIC,3020,In Store,60,90,0.13,0,4698,1458,FALSE
ORD00268,4,45533,45537,CUST00047,Bronze,POD29,Ceramic Mug,Home & Living,Kitchen & Dining,ST17,Melbourne Retail - Footscray,Footscray,VIC,3011,Pick up,15,200,0.12,0,2640,840,FALSE
ORD00269,1,45814,45814,CUST0003,Platinum,POD45,Scented Candle – Vanilla,Home & Living,Fragrance,ST7,Melbourne Retail - Richmond,Richmond,VIC,3121,Online,25,150,0.08,50,3500,1240,FALSE
ORD00269,2,45632,45633,CUST00057,Bronze,POD46,Scented Candle – Lavender,Home & Living,Fragrance,ST4,Melbourne Retail - Carlton,Carlton,VIC,3053,Pick up,25,150,0.1,0,3375,1125,FALSE
ORD00269,3,45845,45850,CUST000257,Gold,POD54,Repair Serum,Beauty,Serums & Treatments,ST13,Melbourne Retail - Preston,Preston,VIC,3072,In Store,65,80,0.08,0,4784,1664,FALSE
ORD00269,4,45478,45478,CUST000160,Platinum,POD14,Wall Plug (2-Pack),Electronics,Smart Home,ST16,Melbourne Retail - South Yarra,South Yarra,VIC,3141,In Store,22,200,0.15,0,3740,1100,FALSE
ORD00270,1,45422,45425,CUST00065,Gold,POD43,Woven Storage Basket,Home & Living,Home Decor,ST3,Melbourne Retail - Docklands,Docklands,VIC,3008,Pick up,35,100,0.14,0,3010,910,FALSE
ORD00270,2,45648,45650,CUST000206,Silver,POD15,Cotton T-Shirt,Apparel,Tops,ST11,Melbourne Retail - Box Hill,Box Hill,VIC,3128,Online,25,150,0.05,50,3612.5,1352.5,FALSE
ORD00270,3,45317,45320,CUST0007,Platinum,POD41,Arc Floor Lamp,Home & Living,Lighting,ST16,Melbourne Retail - South Yarra,South Yarra,VIC,3141,Pick up,130,40,0.11,0,4628,1508,FALSE
ORD00270,4,45309,45313,CUST00088,Platinum,POD20,High-Waist Jeans,Apparel,Bottoms,ST8,Melbourne Retail - Hawthorn,Hawthorn,VIC,3122,In Store,80,60,0.1,0,4320,1440,FALSE
ORD00271,1,45331,45336,CUST000210,Platinum,POD22,Mid-Length Jacket,Apparel,Outerwear,ST1,Melbourne Retail - Melbourne CBD,Melbourne CBD,VIC,3000,Pick up,120,45,0.13,0,4698,1458,FALSE
ORD00271,2,45524,45529,CUST000244,Silver,POD21,Midi Dress,Apparel,Dresses,ST2,Melbourne Retail - Southbank,Southbank,VIC,3006,Pick up,95,50,0.15,0,4037.5,1187.5,FALSE
ORD00271,3,45348,45351,CUST000201,Bronze,POD43,Woven Storage Basket,Home & Living,Home Decor,ST18,Melbourne Retail - Sunshine,Sunshine,VIC,3020,In Store,35,100,0.05,0,3325,1225,FALSE
ORD00272,1,45833,45836,CUST00077,Platinum,POD65,Electric Toothbrush,Beauty,Personal Care,ST8,Melbourne Retail - Hawthorn,Hawthorn,VIC,3122,In Store,80,70,0.1,0,5040,1680,FALSE
ORD00272,2,45915,45920,CUST00059,Bronze,POD40,LED Desk Lamp,Home & Living,Lighting,ST3,Melbourne Retail - Docklands,Docklands,VIC,3008,In Store,60,80,0.1,0,4320,1440,FALSE
ORD00272,3,45835,45835,CUST000152,Silver,POD30,Non-Stick Frypan 28cm,Home & Living,Kitchen & Dining,ST8,Melbourne Retail - Hawthorn,Hawthorn,VIC,3122,In Store,55,80,0.11,0,3916,1276,FALSE
ORD00272,4,45873,45877,CUST00074,Bronze,POD58,Rose Cream,Beauty,Skincare,ST11,Melbourne Retail - Box Hill,Box Hill,VIC,3128,In Store,42,90,0.14,0,3250.8,982.8,FALSE
ORD00273,1,45856,45859,CUST000110,Gold,POD45,Scented Candle – Vanilla,Home & Living,Fragrance,ST1,Melbourne Retail - Melbourne CBD,Melbourne CBD,VIC,3000,In Store,25,150,0.14,0,3225,975,FALSE
ORD00273,2,45601,45601,CUST00014,Silver,POD7,"Power Bank 10,000mAh",Electronics,Mobile Accessories,ST5,Melbourne Retail - Fitzroy,Fitzroy,VIC,3065,Online,60,80,0.12,50,4274,1384,FALSE
ORD00273,3,45558,45559,CUST000181,Bronze,POD56,Face Mask,Beauty,Skincare,ST4,Melbourne Retail - Carlton,Carlton,VIC,3053,Pick up,25,130,0.06,0,3055,1105,FALSE
ORD00273,4,45868,45873,CUST000108,Platinum,POD49,Face Moisturiser,Beauty,Skincare,ST4,Melbourne Retail - Carlton,Carlton,VIC,3053,In Store,45,100,0.11,0,4005,1305,FALSE
ORD00274,1,45867,45870,CUST00086,Gold,POD33,Cotton Bedsheet Set,Home & Living,Bedding,ST18,Melbourne Retail - Sunshine,Sunshine,VIC,3020,In Store,95,60,0.06,0,5358,1938,FALSE
ORD00274,2,46020,46021,CUST000194,Platinum,POD10,Clear Phone Case,Electronics,Mobile Accessories,ST1,Melbourne Retail - Melbourne CBD,Melbourne CBD,VIC,3000,Online,20,180,0.15,50,3110,940,FALSE
ORD00274,3,45499,45503,CUST000115,Bronze,POD11,Wi-Fi Router,Electronics,Networking,ST2,Melbourne Retail - Southbank,Southbank,VIC,3006,Online,160,25,0.09,50,3690,1280,FALSE
ORD00274,4,45889,45891,CUST000258,Gold,POD61,Hydrating Shampoo,Beauty,Hair Care,ST20,Melbourne Retail - Frankston,Frankston,VIC,3199,Online,38,90,0.07,50,3230.6,1168.6,FALSE
ORD00275,1,45858,45862,CUST00054,Gold,POD53,Eucalyptus Face Wash,Beauty,Skincare,ST13,Melbourne Retail - Preston,Preston,VIC,3072,Online,38,110,0.13,50,3686.6,1168.6,FALSE
ORD00275,2,45644,45649,CUST00042,Platinum,POD61,Hydrating Shampoo,Beauty,Hair Care,ST16,Melbourne Retail - South Yarra,South Yarra,VIC,3141,In Store,38,90,0.1,0,3078,1026,FALSE
ORD00275,4,45764,45766,CUST000128,Bronze,POD48,Essential Oil – Eucalyptus,Home & Living,Fragrance,ST18,Melbourne Retail - Sunshine,Sunshine,VIC,3020,In Store,35,80,0.14,0,2408,728,FALSE
ORD00276,1,45324,45326,CUST000153,Gold,POD9,Screen Protector,Electronics,Mobile Accessories,ST12,Melbourne Retail - Doncaster,Doncaster,VIC,3108,Online,15,200,0.05,50,2900,1090,FALSE
ORD00276,2,45581,45584,CUST00068,Platinum,POD8,Lightning Cable,Electronics,Mobile Accessories,ST12,Melbourne Retail - Doncaster,Doncaster,VIC,3108,Pick up,25,150,0.06,0,3525,1275,FALSE
ORD00276,3,45465,45470,CUST000223,Bronze,POD4,4K Monitor,Electronics,Computer Accessories,ST1,Melbourne Retail - Melbourne CBD,Melbourne CBD,VIC,3000,Pick up,450,30,0.07,0,12555,4455,FALSE
ORD00276,4,45404,45408,CUST00070,Gold,POD30,Non-Stick Frypan 28cm,Home & Living,Kitchen & Dining,ST1,Melbourne Retail - Melbourne CBD,Melbourne CBD,VIC,3000,In Store,55,80,0.08,0,4048,1408,FALSE
ORD00277,1,45720,45725,CUST000238,Gold,POD7,"Power Bank 10,000mAh",Electronics,Mobile Accessories,ST12,Melbourne Retail - Doncaster,Doncaster,VIC,3108,Online,60,80,0.09,50,4418,1528,TRUE
ORD00277,2,45668,45669,CUST000190,Platinum,POD17,Fleece Hoodie,Apparel,Tops,ST14,Melbourne Retail - Brunswick,Brunswick,VIC,3056,In Store,60,90,0.06,0,5076,1836,FALSE
ORD00277,3,45480,45483,CUST000138,Bronze,POD13,LED Light Bulb,Electronics,Smart Home,ST4,Melbourne Retail - Carlton,Carlton,VIC,3053,In Store,18,300,0.12,0,4752,1512,FALSE
ORD00277,4,45958,45962,CUST0008,Bronze,POD25,Women’s Shoes,Apparel,Footwear,ST13,Melbourne Retail - Preston,Preston,VIC,3072,In Store,110,50,0.05,0,5225,1925,FALSE
ORD00278,1,45749,45750,CUST000187,Silver,POD62,Argan Oil,Beauty,Hair Care,ST13,Melbourne Retail - Preston,Preston,VIC,3072,Online,55,60,0.15,50,2855,865,FALSE
ORD00278,2,45339,45344,CUST000143,Gold,POD6,USB-C Charger,Electronics,Mobile Accessories,ST10,Melbourne Retail - Glen Waverley,Glen Waverley,VIC,3150,Pick up,35,120,0.05,0,3990,1470,FALSE
ORD00278,3,45901,45901,CUST00030,Silver,POD19,Chino Pants,Apparel,Bottoms,ST17,Melbourne Retail - Footscray,Footscray,VIC,3011,In Store,65,75,0.13,0,4241.25,1316.25,FALSE
ORD00278,4,45597,45598,CUST00016,Bronze,POD1,Wireless Headphones,Electronics,Audio Devices,ST12,Melbourne Retail - Doncaster,Doncaster,VIC,3108,In Store,120,50,0.08,0,5520,1920,FALSE
ORD00279,1,45488,45489,CUST00062,Platinum,POD35,Memory Foam Pillow,Home & Living,Bedding,ST3,Melbourne Retail - Docklands,Docklands,VIC,3008,Pick up,75,80,0.09,0,5460,1860,FALSE
ORD00279,2,45590,45590,CUST000246,Gold,POD66,Razor – 5 Blade,Beauty,Personal Care,ST14,Melbourne Retail - Brunswick,Brunswick,VIC,3056,Online,35,90,0.11,50,2853.5,953.5,FALSE
ORD00279,3,45492,45495,CUST000106,Bronze,POD43,Woven Storage Basket,Home & Living,Home Decor,ST3,Melbourne Retail - Docklands,Docklands,VIC,3008,Online,35,100,0.12,50,3130,1020,FALSE
ORD00279,4,45592,45597,CUST0006,Silver,POD28,Socks (5-Pack),Apparel,Accessories,ST4,Melbourne Retail - Carlton,Carlton,VIC,3053,In Store,20,150,0.07,0,2790,990,FALSE
ORD00280,1,45334,45335,CUST000148,Silver,POD26,Brown Belt,Apparel,Accessories,ST18,Melbourne Retail - Sunshine,Sunshine,VIC,3020,Online,35,100,0.05,50,3375,1265,FALSE
ORD00280,2,45593,45597,CUST00021,Bronze,POD57,Shea Lotion,Beauty,Skincare,ST8,Melbourne Retail - Hawthorn,Hawthorn,VIC,3122,Pick up,40,100,0.15,0,3400,1000,FALSE
ORD00280,3,45393,45398,CUST00045,Platinum,POD13,LED Light Bulb,Electronics,Smart Home,ST3,Melbourne Retail - Docklands,Docklands,VIC,3008,Pick up,18,300,0.1,0,4860,1620,FALSE
ORD00280,4,46004,46005,CUST000151,Platinum,POD4,4K Monitor,Electronics,Computer Accessories,ST8,Melbourne Retail - Hawthorn,Hawthorn,VIC,3122,In Store,450,30,0.11,0,12015,3915,FALSE
ORD00281,1,45994,45997,CUST00076,Platinum,POD49,Face Moisturiser,Beauty,Skincare,ST11,Melbourne Retail - Box Hill,Box Hill,VIC,3128,Online,45,100,0.07,50,4235,1525,FALSE
ORD00281,2,45954,45958,CUST00028,Platinum,POD2,Bluetooth Earbuds,Electronics,Audio Devices,ST12,Melbourne Retail - Doncaster,Doncaster,VIC,3108,In Store,90,60,0.12,0,4752,1512,FALSE
ORD00281,3,45685,45687,CUST000121,Gold,POD30,Non-Stick Frypan 28cm,Home & Living,Kitchen & Dining,ST14,Melbourne Retail - Brunswick,Brunswick,VIC,3056,Pick up,55,80,0.09,0,4004,1364,FALSE
ORD00281,4,45450,45450,CUST00051,Gold,POD61,Hydrating Shampoo,Beauty,Hair Care,ST9,Melbourne Retail - Camberwell,Camberwell,VIC,3124,Pick up,38,90,0.12,0,3009.6,957.6,FALSE
ORD00282,1,45569,45572,CUST000236,Bronze,POD10,Clear Phone Case,Electronics,Mobile Accessories,ST8,Melbourne Retail - Hawthorn,Hawthorn,VIC,3122,Pick up,20,180,0.09,0,3276,1116,FALSE
ORD00282,2,45558,45558,CUST000176,Bronze,POD31,Knife Set (5-Piece),Home & Living,Kitchen & Dining,ST2,Melbourne Retail - Southbank,Southbank,VIC,3006,In Store,85,70,0.05,0,5652.5,2082.5,FALSE
ORD00282,3,45574,45578,CUST000122,Platinum,POD22,Mid-Length Jacket,Apparel,Outerwear,ST12,Melbourne Retail - Doncaster,Doncaster,VIC,3108,Online,120,45,0.1,50,4910,1660,FALSE
ORD00282,4,46018,46021,CUST00054,Silver,POD37,5-Tier Bookshelf,Home & Living,Furniture,ST12,Melbourne Retail - Doncaster,Doncaster,VIC,3108,Pick up,180,25,0.1,0,4050,1350,FALSE
ORD00283,1,45602,45603,CUST00098,Gold,POD52,Face Cleanser,Beauty,Skincare,ST9,Melbourne Retail - Camberwell,Camberwell,VIC,3124,Online,35,120,0.06,50,3998,1468,FALSE
ORD00283,2,46022,46025,CUST00042,Silver,POD55,Vitamin C Serum,Beauty,Serums & Treatments,ST9,Melbourne Retail - Camberwell,Camberwell,VIC,3124,Pick up,70,75,0.05,0,4987.5,1837.5,FALSE
ORD00283,3,45407,45410,CUST000125,Gold,POD58,Rose Cream,Beauty,Skincare,ST4,Melbourne Retail - Carlton,Carlton,VIC,3053,Pick up,42,90,0.14,0,3250.8,982.8,FALSE
ORD00283,4,45398,45399,CUST00083,Silver,POD11,Wi-Fi Router,Electronics,Networking,ST8,Melbourne Retail - Hawthorn,Hawthorn,VIC,3122,Online,160,25,0.14,50,3490,1080,FALSE
ORD00284,1,45351,45355,CUST00056,Gold,POD54,Repair Serum,Beauty,Serums & Treatments,ST13,Melbourne Retail - Preston,Preston,VIC,3072,Online,65,80,0.07,50,4886,1756,FALSE
ORD00284,2,45863,45868,CUST000107,Bronze,POD22,Mid-Length Jacket,Apparel,Outerwear,ST9,Melbourne Retail - Camberwell,Camberwell,VIC,3124,Online,120,45,0.05,50,5180,1930,FALSE
ORD00284,3,45881,45884,CUST000187,Platinum,POD27,Classic Cap,Apparel,Accessories,ST14,Melbourne Retail - Brunswick,Brunswick,VIC,3056,In Store,25,120,0.06,0,2820,1020,FALSE
ORD00284,4,45958,45959,CUST000261,Platinum,POD38,Oak Side Table,Home & Living,Furniture,ST3,Melbourne Retail - Docklands,Docklands,VIC,3008,Pick up,150,30,0.11,0,4005,1305,FALSE
ORD00285,2,45313,45315,CUST00061,Bronze,POD51,Moisturiser – SPF31,Beauty,Skincare,ST1,Melbourne Retail - Melbourne CBD,Melbourne CBD,VIC,3000,In Store,48,100,0.08,0,4416,1536,FALSE
ORD00285,3,45702,45703,CUST000140,Gold,POD21,Midi Dress,Apparel,Dresses,ST2,Melbourne Retail - Southbank,Southbank,VIC,3006,Pick up,95,50,0.12,0,4180,1330,FALSE
ORD00285,4,45413,45417,CUST000257,Silver,POD52,Face Cleanser,Beauty,Skincare,ST20,Melbourne Retail - Frankston,Frankston,VIC,3199,In Store,35,120,0.14,0,3612,1092,FALSE
ORD00286,1,45495,45499,CUST000106,Silver,POD36,All-Seasons Duvet Quilt,Home & Living,Bedding,ST1,Melbourne Retail - Melbourne CBD,Melbourne CBD,VIC,3000,Online,120,50,0.06,50,5690,2080,FALSE
ORD00286,2,45386,45388,CUST000164,Bronze,POD50,Moisturiser – SPF30,Beauty,Skincare,ST5,Melbourne Retail - Fitzroy,Fitzroy,VIC,3065,Pick up,48,100,0.12,0,4224,1344,FALSE
ORD00286,3,45374,45375,CUST00025,Silver,POD29,Ceramic Mug,Home & Living,Kitchen & Dining,ST8,Melbourne Retail - Hawthorn,Hawthorn,VIC,3122,In Store,15,200,0.06,0,2820,1020,FALSE
ORD00286,4,45530,45533,CUST000108,Platinum,POD1,Wireless Headphones,Electronics,Audio Devices,ST18,Melbourne Retail - Sunshine,Sunshine,VIC,3020,In Store,120,50,0.07,0,5580,1980,FALSE
ORD00287,1,45782,45782,CUST000147,Platinum,POD51,Moisturiser – SPF31,Beauty,Skincare,ST9,Melbourne Retail - Camberwell,Camberwell,VIC,3124,Pick up,48,100,0.12,0,4224,1344,FALSE
ORD00287,2,45740,45742,CUST00030,Gold,POD34,Cotton Throw Blanket,Home & Living,Bedding,ST14,Melbourne Retail - Brunswick,Brunswick,VIC,3056,Pick up,60,70,0.09,0,3822,1302,FALSE
ORD00287,3,45780,45785,CUST000223,Gold,POD17,Fleece Hoodie,Apparel,Tops,ST10,Melbourne Retail - Glen Waverley,Glen Waverley,VIC,3150,In Store,60,90,0.06,0,5076,1836,FALSE
ORD00287,4,45832,45832,CUST00070,Bronze,POD21,Midi Dress,Apparel,Dresses,ST2,Melbourne Retail - Southbank,Southbank,VIC,3006,Online,95,50,0.06,50,4515,1655,FALSE
ORD00288,1,45663,45667,CUST00087,Bronze,POD2,Bluetooth Earbuds,Electronics,Audio Devices,ST4,Melbourne Retail - Carlton,Carlton,VIC,3053,Online,90,60,0.09,50,4964,1714,TRUE
ORD00288,2,45474,45477,CUST000137,Silver,POD45,Scented Candle – Vanilla,Home & Living,Fragrance,ST20,Melbourne Retail - Frankston,Frankston,VIC,3199,In Store,25,150,0.05,0,3562.5,1312.5,FALSE
ORD00288,3,45390,45394,CUST0001,Silver,POD51,Moisturiser – SPF31,Beauty,Skincare,ST12,Melbourne Retail - Doncaster,Doncaster,VIC,3108,In Store,48,100,0.14,0,4128,1248,FALSE
ORD00288,4,45741,45746,CUST000186,Bronze,POD51,Moisturiser – SPF31,Beauty,Skincare,ST13,Melbourne Retail - Preston,Preston,VIC,3072,Pick up,48,100,0.1,0,4320,1440,FALSE
ORD00289,1,45889,45889,CUST00063,Gold,POD8,Lightning Cable,Electronics,Mobile Accessories,ST2,Melbourne Retail - Southbank,Southbank,VIC,3006,Online,25,150,0.1,50,3425,1165,FALSE
ORD00289,2,45487,45487,CUST000154,Bronze,POD31,Knife Set (5-Piece),Home & Living,Kitchen & Dining,ST5,Melbourne Retail - Fitzroy,Fitzroy,VIC,3065,In Store,85,70,0.06,0,5593,2023,FALSE
ORD00289,3,45444,45448,CUST00049,Platinum,POD35,Memory Foam Pillow,Home & Living,Bedding,ST12,Melbourne Retail - Doncaster,Doncaster,VIC,3108,Pick up,75,80,0.06,0,5640,2040,FALSE
ORD00289,4,45538,45538,CUST00070,Bronze,POD10,Clear Phone Case,Electronics,Mobile Accessories,ST2,Melbourne Retail - Southbank,Southbank,VIC,3006,In Store,20,180,0.12,0,3168,1008,FALSE
ORD00290,1,45870,45873,CUST000164,Silver,POD49,Face Moisturiser,Beauty,Skincare,ST5,Melbourne Retail - Fitzroy,Fitzroy,VIC,3065,Pick up,45,100,0.12,0,3960,1260,FALSE
ORD00290,2,45338,45341,CUST000192,Silver,POD41,Arc Floor Lamp,Home & Living,Lighting,ST14,Melbourne Retail - Brunswick,Brunswick,VIC,3056,In Store,130,40,0.08,0,4784,1664,FALSE
ORD00290,4,45651,45654,CUST000203,Gold,POD12,Wi-Fi Range Extender,Electronics,Networking,ST6,Melbourne Retail - Collingwood,Collingwood,VIC,3066,In Store,95,40,0.14,0,3268,988,FALSE
ORD00291,1,45558,45563,CUST00082,Bronze,POD61,Hydrating Shampoo,Beauty,Hair Care,ST20,Melbourne Retail - Frankston,Frankston,VIC,3199,Online,38,90,0.05,50,3299,1237,FALSE
ORD00291,2,45370,45374,CUST000154,Bronze,POD17,Fleece Hoodie,Apparel,Tops,ST7,Melbourne Retail - Richmond,Richmond,VIC,3121,Online,60,90,0.07,50,5072,1822,FALSE
ORD00291,3,45827,45832,CUST00028,Bronze,POD20,High-Waist Jeans,Apparel,Bottoms,ST5,Melbourne Retail - Fitzroy,Fitzroy,VIC,3065,In Store,80,60,0.11,0,4272,1392,FALSE
ORD00291,4,45972,45972,CUST00055,Silver,POD22,Mid-Length Jacket,Apparel,Outerwear,ST6,Melbourne Retail - Collingwood,Collingwood,VIC,3066,In Store,120,45,0.09,0,4914,1674,FALSE
ORD00292,1,45631,45634,CUST000207,Bronze,POD33,Cotton Bedsheet Set,Home & Living,Bedding,ST9,Melbourne Retail - Camberwell,Camberwell,VIC,3124,Online,95,60,0.14,50,4952,1522,FALSE
ORD00292,2,45708,45709,CUST00019,Platinum,POD34,Cotton Throw Blanket,Home & Living,Bedding,ST20,Melbourne Retail - Frankston,Frankston,VIC,3199,Online,60,70,0.08,50,3914,1384,FALSE
ORD00292,3,45762,45767,CUST000261,Silver,POD26,Brown Belt,Apparel,Accessories,ST15,Melbourne Retail - St Kilda,St Kilda,VIC,3182,Pick up,35,100,0.15,0,2975,875,FALSE
ORD00292,4,45512,45514,CUST00016,Platinum,POD13,LED Light Bulb,Electronics,Smart Home,ST16,Melbourne Retail - South Yarra,South Yarra,VIC,3141,Pick up,18,300,0.1,0,4860,1620,FALSE
ORD00293,1,45818,45818,CUST00034,Bronze,POD6,USB-C Charger,Electronics,Mobile Accessories,ST5,Melbourne Retail - Fitzroy,Fitzroy,VIC,3065,Online,35,120,0.07,50,3956,1426,FALSE
ORD00293,2,45496,45496,CUST000166,Gold,POD43,Woven Storage Basket,Home & Living,Home Decor,ST18,Melbourne Retail - Sunshine,Sunshine,VIC,3020,In Store,35,100,0.15,0,2975,875,TRUE
ORD00293,3,45846,45846,CUST000166,Silver,POD26,Brown Belt,Apparel,Accessories,ST6,Melbourne Retail - Collingwood,Collingwood,VIC,3066,Pick up,35,100,0.08,0,3220,1120,FALSE
ORD00293,4,45374,45376,CUST000227,Platinum,POD52,Face Cleanser,Beauty,Skincare,ST10,Melbourne Retail - Glen Waverley,Glen Waverley,VIC,3150,Online,35,120,0.06,50,3998,1468,FALSE
ORD00294,1,45297,45297,CUST000138,Platinum,POD4,4K Monitor,Electronics,Computer Accessories,ST18,Melbourne Retail - Sunshine,Sunshine,VIC,3020,In Store,450,30,0.14,0,11610,3510,FALSE
ORD00294,2,45575,45576,CUST000233,Platinum,POD58,Rose Cream,Beauty,Skincare,ST13,Melbourne Retail - Preston,Preston,VIC,3072,In Store,42,90,0.07,0,3515.4,1247.4,FALSE
ORD00294,3,45573,45573,CUST000133,Platinum,POD40,LED Desk Lamp,Home & Living,Lighting,ST12,Melbourne Retail - Doncaster,Doncaster,VIC,3108,In Store,60,80,0.06,0,4512,1632,FALSE
ORD00294,4,45839,45842,CUST000175,Silver,POD7,"Power Bank 10,000mAh",Electronics,Mobile Accessories,ST9,Melbourne Retail - Camberwell,Camberwell,VIC,3124,Pick up,60,80,0.14,0,4128,1248,TRUE
ORD00295,1,45524,45524,CUST00059,Bronze,POD23,Wool Blend Coat,Apparel,Outerwear,ST2,Melbourne Retail - Southbank,Southbank,VIC,3006,In Store,180,30,0.1,0,4860,1620,FALSE
ORD00295,2,45804,45804,CUST000248,Bronze,POD62,Argan Oil,Beauty,Hair Care,ST20,Melbourne Retail - Frankston,Frankston,VIC,3199,Online,55,60,0.1,50,3020,1030,FALSE
ORD00295,3,45571,45572,CUST000127,Gold,POD38,Oak Side Table,Home & Living,Furniture,ST2,Melbourne Retail - Southbank,Southbank,VIC,3006,Online,150,30,0.14,50,3920,1210,FALSE
ORD00295,4,45890,45891,CUST000205,Gold,POD6,USB-C Charger,Electronics,Mobile Accessories,ST2,Melbourne Retail - Southbank,Southbank,VIC,3006,Pick up,35,120,0.07,0,3906,1386,FALSE
ORD00296,1,45965,45965,CUST000242,Silver,POD36,All-Seasons Duvet Quilt,Home & Living,Bedding,ST16,Melbourne Retail - South Yarra,South Yarra,VIC,3141,Online,120,50,0.05,50,5750,2140,FALSE
ORD00296,2,45949,45949,CUST00095,Silver,POD39,Mesh Office Chair,Home & Living,Furniture,ST13,Melbourne Retail - Preston,Preston,VIC,3072,Pick up,200,25,0.06,0,4700,1700,FALSE
ORD00296,3,45744,45744,CUST00043,Bronze,POD45,Scented Candle – Vanilla,Home & Living,Fragrance,ST2,Melbourne Retail - Southbank,Southbank,VIC,3006,Pick up,25,150,0.15,0,3187.5,937.5,FALSE
ORD00296,4,45909,45912,CUST000237,Gold,POD37,5-Tier Bookshelf,Home & Living,Furniture,ST17,Melbourne Retail - Footscray,Footscray,VIC,3011,Online,180,25,0.14,50,3920,1210,FALSE
ORD00297,1,45429,45432,CUST00038,Bronze,POD18,Slim Fit Jeans,Apparel,Bottoms,ST17,Melbourne Retail - Footscray,Footscray,VIC,3011,Pick up,70,80,0.1,0,5040,1680,TRUE
ORD00297,2,45675,45680,CUST000131,Bronze,POD62,Argan Oil,Beauty,Hair Care,ST6,Melbourne Retail - Collingwood,Collingwood,VIC,3066,Pick up,55,60,0.14,0,2838,858,FALSE
ORD00297,3,45386,45388,CUST000227,Silver,POD53,Eucalyptus Face Wash,Beauty,Skincare,ST19,Melbourne Retail - Dandenong,Dandenong,VIC,3175,In Store,38,110,0.09,0,3803.8,1295.8,FALSE
ORD00297,4,45724,45724,CUST000262,Bronze,POD20,High-Waist Jeans,Apparel,Bottoms,ST6,Melbourne Retail - Collingwood,Collingwood,VIC,3066,In Store,80,60,0.14,0,4128,1248,FALSE
ORD00298,1,45296,45301,CUST000249,Bronze,POD61,Hydrating Shampoo,Beauty,Hair Care,ST16,Melbourne Retail - South Yarra,South Yarra,VIC,3141,Online,38,90,0.11,50,3093.8,1031.8,FALSE
ORD00298,2,45563,45566,CUST000235,Platinum,POD58,Rose Cream,Beauty,Skincare,ST13,Melbourne Retail - Preston,Preston,VIC,3072,In Store,42,90,0.06,0,3553.2,1285.2,FALSE
ORD00298,3,45887,45888,CUST00048,Silver,POD25,Women’s Shoes,Apparel,Footwear,ST20,Melbourne Retail - Frankston,Frankston,VIC,3199,In Store,110,50,0.12,0,4840,1540,FALSE
ORD00299,1,45808,45811,CUST000160,Silver,POD51,Moisturiser – SPF31,Beauty,Skincare,ST19,Melbourne Retail - Dandenong,Dandenong,VIC,3175,Pick up,48,100,0.11,0,4272,1392,FALSE
ORD00299,2,45968,45970,CUST000148,Gold,POD60,Volumising Shampoo,Beauty,Hair Care,ST10,Melbourne Retail - Glen Waverley,Glen Waverley,VIC,3150,Pick up,38,90,0.09,0,3112.2,1060.2,FALSE
ORD00299,3,45363,45367,CUST000184,Platinum,POD26,Brown Belt,Apparel,Accessories,ST9,Melbourne Retail - Camberwell,Camberwell,VIC,3124,In Store,35,100,0.08,0,3220,1120,FALSE
ORD00299,4,45965,45969,CUST000242,Gold,POD32,Bamboo Cutting Board,Home & Living,Kitchen & Dining,ST3,Melbourne Retail - Docklands,Docklands,VIC,3008,Online,30,100,0.1,50,2750,940,FALSE
ORD00300,1,45831,45836,CUST000263,Gold,POD38,Oak Side Table,Home & Living,Furniture,ST11,Melbourne Retail - Box Hill,Box Hill,VIC,3128,Pick up,150,30,0.09,0,4095,1395,TRUE
ORD00300,2,45330,45332,CUST00033,Bronze,POD9,Screen Protector,Electronics,Mobile Accessories,ST17,Melbourne Retail - Footscray,Footscray,VIC,3011,Pick up,15,200,0.1,0,2700,900,FALSE
ORD00300,3,45319,45321,CUST000162,Gold,POD62,Argan Oil,Beauty,Hair Care,ST18,Melbourne Retail - Sunshine,Sunshine,VIC,3020,Online,55,60,0.14,50,2888,898,FALSE
ORD00300,4,45444,45446,CUST00047,Gold,POD60,Volumising Shampoo,Beauty,Hair Care,ST3,Melbourne Retail - Docklands,Docklands,VIC,3008,Online,38,90,0.08,50,3196.4,1134.4,FALSE
ORD00301,1,45766,45766,CUST00037,Bronze,POD47,Reed Diffuser – Citrus,Home & Living,Fragrance,ST14,Melbourne Retail - Brunswick,Brunswick,VIC,3056,In Store,30,100,0.1,0,2700,900,FALSE
ORD00301,2,45994,45999,CUST000262,Bronze,POD56,Face Mask,Beauty,Skincare,ST7,Melbourne Retail - Richmond,Richmond,VIC,3121,Online,25,130,0.09,50,3007.5,1047.5,FALSE
ORD00301,3,45693,45697,CUST00094,Bronze,POD5,Wireless Mouse,Electronics,Computer Accessories,ST12,Melbourne Retail - Doncaster,Doncaster,VIC,3108,Pick up,45,100,0.05,0,4275,1575,FALSE
ORD00301,4,45998,46001,CUST000217,Silver,POD34,Cotton Throw Blanket,Home & Living,Bedding,ST18,Melbourne Retail - Sunshine,Sunshine,VIC,3020,Pick up,60,70,0.09,0,3822,1302,FALSE
ORD00302,1,45697,45700,CUST000109,Silver,POD18,Slim Fit Jeans,Apparel,Bottoms,ST9,Melbourne Retail - Camberwell,Camberwell,VIC,3124,Pick up,70,80,0.06,0,5264,1904,FALSE
ORD00302,2,45988,45990,CUST000131,Gold,POD52,Face Cleanser,Beauty,Skincare,ST10,Melbourne Retail - Glen Waverley,Glen Waverley,VIC,3150,Pick up,35,120,0.07,0,3906,1386,FALSE
ORD00302,3,45839,45844,CUST00068,Silver,POD19,Chino Pants,Apparel,Bottoms,ST18,Melbourne Retail - Sunshine,Sunshine,VIC,3020,Pick up,65,75,0.14,0,4192.5,1267.5,FALSE
ORD00302,4,45409,45413,CUST000170,Silver,POD6,USB-C Charger,Electronics,Mobile Accessories,ST4,Melbourne Retail - Carlton,Carlton,VIC,3053,Online,35,120,0.1,50,3830,1300,FALSE
ORD00303,1,45969,45973,CUST00087,Bronze,POD60,Volumising Shampoo,Beauty,Hair Care,ST3,Melbourne Retail - Docklands,Docklands,VIC,3008,In Store,38,90,0.13,0,2975.4,923.4,FALSE
ORD00303,2,45509,45509,CUST00080,Platinum,POD40,LED Desk Lamp,Home & Living,Lighting,ST9,Melbourne Retail - Camberwell,Camberwell,VIC,3124,In Store,60,80,0.08,0,4416,1536,FALSE
ORD00303,3,45604,45605,CUST000155,Platinum,POD49,Face Moisturiser,Beauty,Skincare,ST4,Melbourne Retail - Carlton,Carlton,VIC,3053,Online,45,100,0.12,50,4010,1300,FALSE
ORD00303,4,45766,45769,CUST00030,Gold,POD46,Scented Candle – Lavender,Home & Living,Fragrance,ST19,Melbourne Retail - Dandenong,Dandenong,VIC,3175,Online,25,150,0.12,50,3350,1090,FALSE
ORD00304,1,45903,45904,CUST00030,Platinum,POD16,Cotton Crew T-Shirt,Apparel,Tops,ST12,Melbourne Retail - Doncaster,Doncaster,VIC,3108,Online,28,140,0.12,50,3499.6,1137.6,FALSE
ORD00304,2,45731,45735,CUST00011,Gold,POD64,Roll-On Deodorant,Beauty,Personal Care,ST12,Melbourne Retail - Doncaster,Doncaster,VIC,3108,Online,25,100,0.09,50,2325,815,FALSE
ORD00304,3,45327,45330,CUST000242,Silver,POD36,All-Seasons Duvet Quilt,Home & Living,Bedding,ST11,Melbourne Retail - Box Hill,Box Hill,VIC,3128,Online,120,50,0.12,50,5330,1720,FALSE
ORD00304,4,45391,45391,CUST00093,Gold,POD65,Electric Toothbrush,Beauty,Personal Care,ST10,Melbourne Retail - Glen Waverley,Glen Waverley,VIC,3150,Pick up,80,70,0.08,0,5152,1792,FALSE
ORD00305,1,45769,45772,CUST00086,Gold,POD14,Wall Plug (2-Pack),Electronics,Smart Home,ST3,Melbourne Retail - Docklands,Docklands,VIC,3008,Pick up,22,200,0.13,0,3828,1188,FALSE
ORD00305,2,45816,45819,CUST000139,Silver,POD36,All-Seasons Duvet Quilt,Home & Living,Bedding,ST2,Melbourne Retail - Southbank,Southbank,VIC,3006,Pick up,120,50,0.12,0,5280,1680,FALSE
ORD00305,3,45984,45984,CUST00078,Gold,POD31,Knife Set (5-Piece),Home & Living,Kitchen & Dining,ST17,Melbourne Retail - Footscray,Footscray,VIC,3011,Online,85,70,0.09,50,5464.5,1884.5,FALSE
ORD00305,4,45859,45863,CUST000165,Platinum,POD46,Scented Candle – Lavender,Home & Living,Fragrance,ST1,Melbourne Retail - Melbourne CBD,Melbourne CBD,VIC,3000,Online,25,150,0.15,50,3237.5,977.5,FALSE
ORD00306,1,45371,45372,CUST0004,Gold,POD27,Classic Cap,Apparel,Accessories,ST12,Melbourne Retail - Doncaster,Doncaster,VIC,3108,Online,25,120,0.08,50,2810,1000,FALSE
ORD00306,2,45304,45306,CUST000203,Silver,POD64,Roll-On Deodorant,Beauty,Personal Care,ST20,Melbourne Retail - Frankston,Frankston,VIC,3199,Online,25,100,0.05,50,2425,915,FALSE
ORD00306,3,45374,45375,CUST00072,Bronze,POD55,Vitamin C Serum,Beauty,Serums & Treatments,ST16,Melbourne Retail - South Yarra,South Yarra,VIC,3141,Online,70,75,0.13,50,4617.5,1457.5,FALSE
ORD00306,4,45294,45298,CUST000128,Gold,POD2,Bluetooth Earbuds,Electronics,Audio Devices,ST1,Melbourne Retail - Melbourne CBD,Melbourne CBD,VIC,3000,Pick up,90,60,0.13,0,4698,1458,FALSE
ORD00307,1,45973,45974,CUST000133,Bronze,POD37,5-Tier Bookshelf,Home & Living,Furniture,ST14,Melbourne Retail - Brunswick,Brunswick,VIC,3056,In Store,180,25,0.07,0,4185,1485,FALSE
ORD00307,3,45509,45509,CUST000218,Silver,POD12,Wi-Fi Range Extender,Electronics,Networking,ST4,Melbourne Retail - Carlton,Carlton,VIC,3053,In Store,95,40,0.06,0,3572,1292,TRUE
ORD00307,4,45909,45912,CUST000225,Gold,POD17,Fleece Hoodie,Apparel,Tops,ST12,Melbourne Retail - Doncaster,Doncaster,VIC,3108,Pick up,60,90,0.15,0,4590,1350,FALSE
ORD00308,1,45905,45907,CUST0002,Silver,POD3,Bluetooth Speaker,Electronics,Audio Devices,ST19,Melbourne Retail - Dandenong,Dandenong,VIC,3175,Pick up,110,40,0.11,0,3916,1276,FALSE
ORD00308,2,45429,45432,CUST000236,Bronze,POD36,All-Seasons Duvet Quilt,Home & Living,Bedding,ST12,Melbourne Retail - Doncaster,Doncaster,VIC,3108,Pick up,120,50,0.13,0,5220,1620,FALSE
ORD00308,3,45995,45997,CUST000197,Gold,POD7,"Power Bank 10,000mAh",Electronics,Mobile Accessories,ST14,Melbourne Retail - Brunswick,Brunswick,VIC,3056,Pick up,60,80,0.14,0,4128,1248,FALSE
ORD00308,4,45679,45679,CUST00037,Platinum,POD3,Bluetooth Speaker,Electronics,Audio Devices,ST9,Melbourne Retail - Camberwell,Camberwell,VIC,3124,Pick up,110,40,0.07,0,4092,1452,FALSE
ORD00309,1,45581,45582,CUST00090,Silver,POD5,Wireless Mouse,Electronics,Computer Accessories,ST7,Melbourne Retail - Richmond,Richmond,VIC,3121,In Store,45,100,0.1,0,4050,1350,FALSE
ORD00309,2,45391,45395,CUST000110,Silver,POD14,Wall Plug (2-Pack),Electronics,Smart Home,ST13,Melbourne Retail - Preston,Preston,VIC,3072,Pick up,22,200,0.14,0,3784,1144,FALSE
ORD00309,4,45363,45367,CUST000125,Platinum,POD40,LED Desk Lamp,Home & Living,Lighting,ST9,Melbourne Retail - Camberwell,Camberwell,VIC,3124,In Store,60,80,0.11,0,4272,1392,FALSE
ORD00310,1,45329,45332,CUST00098,Platinum,POD36,All-Seasons Duvet Quilt,Home & Living,Bedding,ST16,Melbourne Retail - South Yarra,South Yarra,VIC,3141,In Store,120,50,0.08,0,5520,1920,FALSE
ORD00310,2,45739,45743,CUST000171,Bronze,POD21,Midi Dress,Apparel,Dresses,ST1,Melbourne Retail - Melbourne CBD,Melbourne CBD,VIC,3000,Online,95,50,0.09,50,4372.5,1512.5,FALSE
ORD00310,3,45478,45483,CUST000119,Silver,POD44,Scented Candle,Home & Living,Fragrance,ST18,Melbourne Retail - Sunshine,Sunshine,VIC,3020,Pick up,25,150,0.05,0,3562.5,1312.5,FALSE
ORD00310,4,45891,45893,CUST000215,Bronze,POD8,Lightning Cable,Electronics,Mobile Accessories,ST19,Melbourne Retail - Dandenong,Dandenong,VIC,3175,Pick up,25,150,0.15,0,3187.5,937.5,FALSE
ORD00311,1,45774,45779,CUST000256,Gold,POD56,Face Mask,Beauty,Skincare,ST1,Melbourne Retail - Melbourne CBD,Melbourne CBD,VIC,3000,Online,25,130,0.12,50,2910,950,FALSE
ORD00311,2,45691,45694,CUST000112,Platinum,POD50,Moisturiser – SPF30,Beauty,Skincare,ST1,Melbourne Retail - Melbourne CBD,Melbourne CBD,VIC,3000,Pick up,48,100,0.13,0,4176,1296,FALSE
ORD00311,4,45819,45820,CUST000196,Platinum,POD4,4K Monitor,Electronics,Computer Accessories,ST3,Melbourne Retail - Docklands,Docklands,VIC,3008,In Store,450,30,0.11,0,12015,3915,FALSE
ORD00312,1,45989,45989,CUST000124,Platinum,POD54,Repair Serum,Beauty,Serums & Treatments,ST2,Melbourne Retail - Southbank,Southbank,VIC,3006,In Store,65,80,0.13,0,4524,1404,FALSE
ORD00312,2,45989,45993,CUST000186,Bronze,POD24,White Sneakers,Apparel,Footwear,ST19,Melbourne Retail - Dandenong,Dandenong,VIC,3175,Pick up,100,55,0.11,0,4895,1595,FALSE
ORD00312,3,45399,45400,CUST00071,Silver,POD52,Face Cleanser,Beauty,Skincare,ST10,Melbourne Retail - Glen Waverley,Glen Waverley,VIC,3150,Online,35,120,0.11,50,3788,1258,FALSE
ORD00312,4,45882,45883,CUST00039,Silver,POD23,Wool Blend Coat,Apparel,Outerwear,ST7,Melbourne Retail - Richmond,Richmond,VIC,3121,In Store,180,30,0.11,0,4806,1566,FALSE
ORD00313,1,45811,45812,CUST000180,Gold,POD45,Scented Candle – Vanilla,Home & Living,Fragrance,ST2,Melbourne Retail - Southbank,Southbank,VIC,3006,In Store,25,150,0.07,0,3487.5,1237.5,FALSE
ORD00313,2,45999,46004,CUST000119,Platinum,POD21,Midi Dress,Apparel,Dresses,ST19,Melbourne Retail - Dandenong,Dandenong,VIC,3175,Pick up,95,50,0.06,0,4465,1615,FALSE
ORD00313,3,45770,45773,CUST000160,Gold,POD28,Socks (5-Pack),Apparel,Accessories,ST20,Melbourne Retail - Frankston,Frankston,VIC,3199,Pick up,20,150,0.07,0,2790,990,FALSE
ORD00313,4,45363,45364,CUST000137,Bronze,POD10,Clear Phone Case,Electronics,Mobile Accessories,ST5,Melbourne Retail - Fitzroy,Fitzroy,VIC,3065,Pick up,20,180,0.08,0,3312,1152,FALSE
ORD00314,1,45413,45415,CUST000119,Silver,POD2,Bluetooth Earbuds,Electronics,Audio Devices,ST17,Melbourne Retail - Footscray,Footscray,VIC,3011,Online,90,60,0.12,50,4802,1552,FALSE
ORD00314,2,45547,45547,CUST00030,Bronze,POD60,Volumising Shampoo,Beauty,Hair Care,ST10,Melbourne Retail - Glen Waverley,Glen Waverley,VIC,3150,In Store,38,90,0.14,0,2941.2,889.2,FALSE
ORD00314,3,45857,45861,CUST000148,Bronze,POD46,Scented Candle – Lavender,Home & Living,Fragrance,ST7,Melbourne Retail - Richmond,Richmond,VIC,3121,Online,25,150,0.05,50,3612.5,1352.5,FALSE
ORD00314,4,45845,45846,CUST000218,Gold,POD16,Cotton Crew T-Shirt,Apparel,Tops,ST7,Melbourne Retail - Richmond,Richmond,VIC,3121,In Store,28,140,0.15,0,3332,980,FALSE
ORD00315,1,45371,45373,CUST000229,Bronze,POD47,Reed Diffuser – Citrus,Home & Living,Fragrance,ST10,Melbourne Retail - Glen Waverley,Glen Waverley,VIC,3150,Online,30,100,0.15,50,2600,790,FALSE
ORD00315,2,45317,45319,CUST000164,Platinum,POD25,Women’s Shoes,Apparel,Footwear,ST4,Melbourne Retail - Carlton,Carlton,VIC,3053,In Store,110,50,0.13,0,4785,1485,FALSE
ORD00315,3,45953,45957,CUST00091,Gold,POD21,Midi Dress,Apparel,Dresses,ST10,Melbourne Retail - Glen Waverley,Glen Waverley,VIC,3150,Pick up,95,50,0.12,0,4180,1330,FALSE
ORD00315,4,45693,45694,CUST00067,Silver,POD11,Wi-Fi Router,Electronics,Networking,ST14,Melbourne Retail - Brunswick,Brunswick,VIC,3056,Online,160,25,0.09,50,3690,1280,FALSE
ORD00316,1,45302,45303,CUST00089,Silver,POD16,Cotton Crew T-Shirt,Apparel,Tops,ST15,Melbourne Retail - St Kilda,St Kilda,VIC,3182,Pick up,28,140,0.06,0,3684.8,1332.8,FALSE
ORD00316,2,45489,45490,CUST000250,Bronze,POD3,Bluetooth Speaker,Electronics,Audio Devices,ST6,Melbourne Retail - Collingwood,Collingwood,VIC,3066,In Store,110,40,0.08,0,4048,1408,FALSE
ORD00316,3,45448,45449,CUST000158,Bronze,POD52,Face Cleanser,Beauty,Skincare,ST8,Melbourne Retail - Hawthorn,Hawthorn,VIC,3122,Online,35,120,0.13,50,3704,1174,FALSE
ORD00316,4,46016,46020,CUST00042,Gold,POD13,LED Light Bulb,Electronics,Smart Home,ST9,Melbourne Retail - Camberwell,Camberwell,VIC,3124,Online,18,300,0.14,50,4694,1444,FALSE
ORD00317,1,45937,45942,CUST000145,Platinum,POD23,Wool Blend Coat,Apparel,Outerwear,ST14,Melbourne Retail - Brunswick,Brunswick,VIC,3056,Online,180,30,0.15,50,4640,1390,FALSE
ORD00317,2,45385,45388,CUST00085,Gold,POD41,Arc Floor Lamp,Home & Living,Lighting,ST17,Melbourne Retail - Footscray,Footscray,VIC,3011,In Store,130,40,0.07,0,4836,1716,FALSE
ORD00317,3,45428,45432,CUST000152,Silver,POD41,Arc Floor Lamp,Home & Living,Lighting,ST11,Melbourne Retail - Box Hill,Box Hill,VIC,3128,Online,130,40,0.08,50,4834,1704,FALSE
ORD00317,4,45501,45501,CUST00016,Bronze,POD62,Argan Oil,Beauty,Hair Care,ST18,Melbourne Retail - Sunshine,Sunshine,VIC,3020,In Store,55,60,0.14,0,2838,858,TRUE
ORD00318,1,45566,45568,CUST000263,Gold,POD2,Bluetooth Earbuds,Electronics,Audio Devices,ST17,Melbourne Retail - Footscray,Footscray,VIC,3011,Pick up,90,60,0.14,0,4644,1404,FALSE
ORD00318,2,45762,45764,CUST00042,Bronze,POD38,Oak Side Table,Home & Living,Furniture,ST17,Melbourne Retail - Footscray,Footscray,VIC,3011,In Store,150,30,0.06,0,4230,1530,FALSE
ORD00318,3,45355,45357,CUST00068,Gold,POD10,Clear Phone Case,Electronics,Mobile Accessories,ST18,Melbourne Retail - Sunshine,Sunshine,VIC,3020,In Store,20,180,0.12,0,3168,1008,FALSE
ORD00318,4,45351,45352,CUST0001,Gold,POD29,Ceramic Mug,Home & Living,Kitchen & Dining,ST15,Melbourne Retail - St Kilda,St Kilda,VIC,3182,Pick up,15,200,0.13,0,2610,810,FALSE
ORD00319,1,45652,45655,CUST000244,Gold,POD43,Woven Storage Basket,Home & Living,Home Decor,ST9,Melbourne Retail - Camberwell,Camberwell,VIC,3124,Online,35,100,0.06,50,3340,1230,FALSE
ORD00319,2,45720,45723,CUST000127,Bronze,POD33,Cotton Bedsheet Set,Home & Living,Bedding,ST2,Melbourne Retail - Southbank,Southbank,VIC,3006,Pick up,95,60,0.1,0,5130,1710,FALSE
ORD00319,3,45942,45942,CUST000188,Bronze,POD23,Wool Blend Coat,Apparel,Outerwear,ST1,Melbourne Retail - Melbourne CBD,Melbourne CBD,VIC,3000,Pick up,180,30,0.1,0,4860,1620,FALSE
ORD00319,4,45409,45410,CUST000195,Silver,POD56,Face Mask,Beauty,Skincare,ST18,Melbourne Retail - Sunshine,Sunshine,VIC,3020,In Store,25,130,0.11,0,2892.5,942.5,FALSE
ORD00320,1,45560,45561,CUST00065,Platinum,POD30,Non-Stick Frypan 28cm,Home & Living,Kitchen & Dining,ST9,Melbourne Retail - Camberwell,Camberwell,VIC,3124,Online,55,80,0.12,50,3922,1272,FALSE
ORD00320,2,45861,45862,CUST000244,Gold,POD53,Eucalyptus Face Wash,Beauty,Skincare,ST19,Melbourne Retail - Dandenong,Dandenong,VIC,3175,Online,38,110,0.15,50,3603,1085,FALSE
ORD00320,3,45751,45756,CUST000191,Gold,POD22,Mid-Length Jacket,Apparel,Outerwear,ST1,Melbourne Retail - Melbourne CBD,Melbourne CBD,VIC,3000,Pick up,120,45,0.05,0,5130,1890,FALSE
ORD00320,4,45810,45815,CUST000142,Silver,POD44,Scented Candle,Home & Living,Fragrance,ST1,Melbourne Retail - Melbourne CBD,Melbourne CBD,VIC,3000,In Store,25,150,0.15,0,3187.5,937.5,FALSE
ORD00321,1,45950,45951,CUST000205,Gold,POD51,Moisturiser – SPF31,Beauty,Skincare,ST18,Melbourne Retail - Sunshine,Sunshine,VIC,3020,In Store,48,100,0.14,0,4128,1248,FALSE
ORD00321,2,45312,45312,CUST000106,Platinum,POD35,Memory Foam Pillow,Home & Living,Bedding,ST7,Melbourne Retail - Richmond,Richmond,VIC,3121,Online,75,80,0.11,50,5390,1780,TRUE
ORD00321,3,45439,45444,CUST000219,Silver,POD42,Minimal Wall Clock,Home & Living,Home Decor,ST2,Melbourne Retail - Southbank,Southbank,VIC,3006,Pick up,45,90,0.08,0,3726,1296,FALSE
ORD00321,4,46012,46016,CUST0004,Silver,POD54,Repair Serum,Beauty,Serums & Treatments,ST2,Melbourne Retail - Southbank,Southbank,VIC,3006,Pick up,65,80,0.06,0,4888,1768,FALSE
ORD00322,1,45725,45728,CUST000246,Gold,POD61,Hydrating Shampoo,Beauty,Hair Care,ST12,Melbourne Retail - Doncaster,Doncaster,VIC,3108,In Store,38,90,0.13,0,2975.4,923.4,FALSE
ORD00322,2,45784,45784,CUST00042,Gold,POD33,Cotton Bedsheet Set,Home & Living,Bedding,ST20,Melbourne Retail - Frankston,Frankston,VIC,3199,Online,95,60,0.07,50,5351,1921,TRUE
ORD00322,3,45324,45327,CUST00031,Gold,POD61,Hydrating Shampoo,Beauty,Hair Care,ST15,Melbourne Retail - St Kilda,St Kilda,VIC,3182,In Store,38,90,0.1,0,3078,1026,FALSE
ORD00322,4,45764,45767,CUST000163,Platinum,POD55,Vitamin C Serum,Beauty,Serums & Treatments,ST16,Melbourne Retail - South Yarra,South Yarra,VIC,3141,In Store,70,75,0.1,0,4725,1575,TRUE
ORD00323,1,45565,45565,CUST000257,Gold,POD6,USB-C Charger,Electronics,Mobile Accessories,ST2,Melbourne Retail - Southbank,Southbank,VIC,3006,Pick up,35,120,0.06,0,3948,1428,FALSE
ORD00323,2,45797,45802,CUST000138,Silver,POD8,Lightning Cable,Electronics,Mobile Accessories,ST7,Melbourne Retail - Richmond,Richmond,VIC,3121,In Store,25,150,0.05,0,3562.5,1312.5,FALSE
ORD00323,3,45525,45526,CUST00038,Silver,POD14,Wall Plug (2-Pack),Electronics,Smart Home,ST16,Melbourne Retail - South Yarra,South Yarra,VIC,3141,Online,22,200,0.06,50,4186,1536,FALSE
ORD00323,4,45909,45911,CUST000107,Bronze,POD22,Mid-Length Jacket,Apparel,Outerwear,ST8,Melbourne Retail - Hawthorn,Hawthorn,VIC,3122,Online,120,45,0.12,50,4802,1552,FALSE
ORD00324,1,45717,45719,CUST00029,Silver,POD45,Scented Candle – Vanilla,Home & Living,Fragrance,ST16,Melbourne Retail - South Yarra,South Yarra,VIC,3141,Pick up,25,150,0.08,0,3450,1200,FALSE
ORD00324,2,46002,46006,CUST000262,Platinum,POD20,High-Waist Jeans,Apparel,Bottoms,ST15,Melbourne Retail - St Kilda,St Kilda,VIC,3182,Pick up,80,60,0.1,0,4320,1440,FALSE
ORD00324,3,45662,45665,CUST000129,Silver,POD39,Mesh Office Chair,Home & Living,Furniture,ST7,Melbourne Retail - Richmond,Richmond,VIC,3121,Online,200,25,0.11,50,4500,1490,FALSE
ORD00324,4,45594,45598,CUST00060,Gold,POD4,4K Monitor,Electronics,Computer Accessories,ST19,Melbourne Retail - Dandenong,Dandenong,VIC,3175,In Store,450,30,0.08,0,12420,4320,FALSE
ORD00325,1,45707,45708,CUST00043,Silver,POD58,Rose Cream,Beauty,Skincare,ST13,Melbourne Retail - Preston,Preston,VIC,3072,Online,42,90,0.12,50,3376.4,1098.4,FALSE
ORD00325,2,46020,46024,CUST000128,Platinum,POD4,4K Monitor,Electronics,Computer Accessories,ST19,Melbourne Retail - Dandenong,Dandenong,VIC,3175,Pick up,450,30,0.08,0,12420,4320,FALSE
ORD00325,3,45740,45740,CUST00012,Silver,POD9,Screen Protector,Electronics,Mobile Accessories,ST18,Melbourne Retail - Sunshine,Sunshine,VIC,3020,Online,15,200,0.08,50,2810,1000,FALSE
ORD00325,4,45340,45343,CUST00032,Platinum,POD36,All-Seasons Duvet Quilt,Home & Living,Bedding,ST17,Melbourne Retail - Footscray,Footscray,VIC,3011,In Store,120,50,0.15,0,5100,1500,FALSE
ORD00326,1,45735,45740,CUST00098,Silver,POD49,Face Moisturiser,Beauty,Skincare,ST18,Melbourne Retail - Sunshine,Sunshine,VIC,3020,Pick up,45,100,0.1,0,4050,1350,FALSE
ORD00326,2,45685,45688,CUST00053,Platinum,POD41,Arc Floor Lamp,Home & Living,Lighting,ST12,Melbourne Retail - Doncaster,Doncaster,VIC,3108,Pick up,130,40,0.07,0,4836,1716,FALSE
ORD00326,3,45766,45771,CUST000219,Silver,POD20,High-Waist Jeans,Apparel,Bottoms,ST4,Melbourne Retail - Carlton,Carlton,VIC,3053,Online,80,60,0.14,50,4178,1288,FALSE
ORD00326,4,45498,45502,CUST00021,Gold,POD24,White Sneakers,Apparel,Footwear,ST16,Melbourne Retail - South Yarra,South Yarra,VIC,3141,Online,100,55,0.06,50,5220,1910,TRUE
ORD00327,1,45488,45492,CUST00028,Gold,POD45,Scented Candle – Vanilla,Home & Living,Fragrance,ST15,Melbourne Retail - St Kilda,St Kilda,VIC,3182,Pick up,25,150,0.08,0,3450,1200,FALSE
ORD00327,2,45968,45972,CUST00068,Silver,POD36,All-Seasons Duvet Quilt,Home & Living,Bedding,ST10,Melbourne Retail - Glen Waverley,Glen Waverley,VIC,3150,Pick up,120,50,0.05,0,5700,2100,FALSE
ORD00327,3,45426,45429,CUST000175,Bronze,POD4,4K Monitor,Electronics,Computer Accessories,ST12,Melbourne Retail - Doncaster,Doncaster,VIC,3108,Pick up,450,30,0.05,0,12825,4725,FALSE
ORD00327,4,45396,45396,CUST000171,Gold,POD51,Moisturiser – SPF31,Beauty,Skincare,ST2,Melbourne Retail - Southbank,Southbank,VIC,3006,In Store,48,100,0.07,0,4464,1584,FALSE
ORD00328,1,45888,45891,CUST000191,Gold,POD4,4K Monitor,Electronics,Computer Accessories,ST8,Melbourne Retail - Hawthorn,Hawthorn,VIC,3122,Online,450,30,0.08,50,12470,4360,FALSE
ORD00328,2,45680,45680,CUST000168,Silver,POD37,5-Tier Bookshelf,Home & Living,Furniture,ST7,Melbourne Retail - Richmond,Richmond,VIC,3121,Pick up,180,25,0.09,0,4095,1395,FALSE
ORD00328,3,45373,45378,CUST000100,Gold,POD34,Cotton Throw Blanket,Home & Living,Bedding,ST1,Melbourne Retail - Melbourne CBD,Melbourne CBD,VIC,3000,Pick up,60,70,0.07,0,3906,1386,FALSE
ORD00328,4,45994,45998,CUST00079,Silver,POD12,Wi-Fi Range Extender,Electronics,Networking,ST16,Melbourne Retail - South Yarra,South Yarra,VIC,3141,Online,95,40,0.09,50,3508,1218,FALSE
ORD00329,1,45684,45685,CUST000128,Gold,POD18,Slim Fit Jeans,Apparel,Bottoms,ST10,Melbourne Retail - Glen Waverley,Glen Waverley,VIC,3150,Pick up,70,80,0.13,0,4872,1512,FALSE
ORD00329,2,45510,45511,CUST00043,Platinum,POD53,Eucalyptus Face Wash,Beauty,Skincare,ST5,Melbourne Retail - Fitzroy,Fitzroy,VIC,3065,Pick up,38,110,0.05,0,3971,1463,FALSE
ORD00329,3,46016,46021,CUST000205,Gold,POD61,Hydrating Shampoo,Beauty,Hair Care,ST13,Melbourne Retail - Preston,Preston,VIC,3072,Pick up,38,90,0.05,0,3249,1197,FALSE
ORD00329,4,45926,45926,CUST000147,Bronze,POD38,Oak Side Table,Home & Living,Furniture,ST15,Melbourne Retail - St Kilda,St Kilda,VIC,3182,Pick up,150,30,0.06,0,4230,1530,FALSE
ORD00330,1,45629,45629,CUST000167,Gold,POD34,Cotton Throw Blanket,Home & Living,Bedding,ST14,Melbourne Retail - Brunswick,Brunswick,VIC,3056,In Store,60,70,0.14,0,3612,1092,FALSE
ORD00330,2,45430,45431,CUST00058,Gold,POD28,Socks (5-Pack),Apparel,Accessories,ST5,Melbourne Retail - Fitzroy,Fitzroy,VIC,3065,Online,20,150,0.07,50,2840,1030,FALSE
ORD00330,3,45606,45608,CUST000150,Gold,POD61,Hydrating Shampoo,Beauty,Hair Care,ST1,Melbourne Retail - Melbourne CBD,Melbourne CBD,VIC,3000,In Store,38,90,0.12,0,3009.6,957.6,FALSE
ORD00330,4,45332,45333,CUST000201,Platinum,POD45,Scented Candle – Vanilla,Home & Living,Fragrance,ST6,Melbourne Retail - Collingwood,Collingwood,VIC,3066,Online,25,150,0.14,50,3275,1015,TRUE
ORD00331,1,45397,45398,CUST00095,Platinum,POD25,Women’s Shoes,Apparel,Footwear,ST12,Melbourne Retail - Doncaster,Doncaster,VIC,3108,In Store,110,50,0.1,0,4950,1650,FALSE
ORD00331,2,45778,45782,CUST000157,Silver,POD58,Rose Cream,Beauty,Skincare,ST18,Melbourne Retail - Sunshine,Sunshine,VIC,3020,Online,42,90,0.05,50,3641,1363,FALSE
ORD00331,3,45745,45750,CUST000231,Platinum,POD17,Fleece Hoodie,Apparel,Tops,ST6,Melbourne Retail - Collingwood,Collingwood,VIC,3066,In Store,60,90,0.1,0,4860,1620,TRUE
ORD00331,4,46013,46017,CUST00058,Silver,POD9,Screen Protector,Electronics,Mobile Accessories,ST19,Melbourne Retail - Dandenong,Dandenong,VIC,3175,In Store,15,200,0.15,0,2550,750,FALSE
ORD00332,1,45767,45772,CUST00067,Bronze,POD44,Scented Candle,Home & Living,Fragrance,ST3,Melbourne Retail - Docklands,Docklands,VIC,3008,In Store,25,150,0.07,0,3487.5,1237.5,FALSE
ORD00332,2,45944,45948,CUST00070,Platinum,POD49,Face Moisturiser,Beauty,Skincare,ST6,Melbourne Retail - Collingwood,Collingwood,VIC,3066,In Store,45,100,0.14,0,3870,1170,FALSE
ORD00332,3,45434,45434,CUST000256,Gold,POD30,Non-Stick Frypan 28cm,Home & Living,Kitchen & Dining,ST3,Melbourne Retail - Docklands,Docklands,VIC,3008,Online,55,80,0.07,50,4142,1492,FALSE
ORD00332,4,45582,45582,CUST000252,Silver,POD60,Volumising Shampoo,Beauty,Hair Care,ST16,Melbourne Retail - South Yarra,South Yarra,VIC,3141,Pick up,38,90,0.13,0,2975.4,923.4,FALSE
ORD00333,1,45826,45827,CUST00066,Bronze,POD53,Eucalyptus Face Wash,Beauty,Skincare,ST17,Melbourne Retail - Footscray,Footscray,VIC,3011,Pick up,38,110,0.09,0,3803.8,1295.8,FALSE
ORD00333,2,45970,45970,CUST000119,Gold,POD35,Memory Foam Pillow,Home & Living,Bedding,ST1,Melbourne Retail - Melbourne CBD,Melbourne CBD,VIC,3000,Pick up,75,80,0.1,0,5400,1800,FALSE
ORD00333,3,45585,45586,CUST0009,Platinum,POD44,Scented Candle,Home & Living,Fragrance,ST4,Melbourne Retail - Carlton,Carlton,VIC,3053,In Store,25,150,0.13,0,3262.5,1012.5,FALSE
ORD00333,4,45575,45580,CUST000168,Gold,POD23,Wool Blend Coat,Apparel,Outerwear,ST10,Melbourne Retail - Glen Waverley,Glen Waverley,VIC,3150,In Store,180,30,0.09,0,4914,1674,FALSE
ORD00334,1,45638,45638,CUST0007,Platinum,POD11,Wi-Fi Router,Electronics,Networking,ST15,Melbourne Retail - St Kilda,St Kilda,VIC,3182,Pick up,160,25,0.08,0,3680,1280,FALSE
ORD00334,2,45689,45692,CUST000154,Gold,POD34,Cotton Throw Blanket,Home & Living,Bedding,ST18,Melbourne Retail - Sunshine,Sunshine,VIC,3020,In Store,60,70,0.12,0,3696,1176,FALSE
ORD00334,3,45747,45749,CUST00055,Bronze,POD59,Hydrating Conditioner,Beauty,Hair Care,ST2,Melbourne Retail - Southbank,Southbank,VIC,3006,In Store,35,100,0.09,0,3185,1085,FALSE
ORD00334,4,45951,45954,CUST000210,Bronze,POD35,Memory Foam Pillow,Home & Living,Bedding,ST2,Melbourne Retail - Southbank,Southbank,VIC,3006,Online,75,80,0.07,50,5630,2020,FALSE
ORD00335,2,45775,45779,CUST000160,Bronze,POD43,Woven Storage Basket,Home & Living,Home Decor,ST18,Melbourne Retail - Sunshine,Sunshine,VIC,3020,In Store,35,100,0.1,0,3150,1050,FALSE
ORD00335,3,45651,45655,CUST00080,Platinum,POD38,Oak Side Table,Home & Living,Furniture,ST12,Melbourne Retail - Doncaster,Doncaster,VIC,3108,In Store,150,30,0.12,0,3960,1260,FALSE
ORD00335,4,45933,45934,CUST000154,Bronze,POD8,Lightning Cable,Electronics,Mobile Accessories,ST1,Melbourne Retail - Melbourne CBD,Melbourne CBD,VIC,3000,Online,25,150,0.08,50,3500,1240,FALSE
ORD00336,1,45725,45725,CUST000258,Bronze,POD15,Cotton T-Shirt,Apparel,Tops,ST8,Melbourne Retail - Hawthorn,Hawthorn,VIC,3122,In Store,25,150,0.09,0,3412.5,1162.5,FALSE
ORD00336,2,45414,45414,CUST000189,Platinum,POD22,Mid-Length Jacket,Apparel,Outerwear,ST3,Melbourne Retail - Docklands,Docklands,VIC,3008,In Store,120,45,0.07,0,5022,1782,FALSE
ORD00336,3,45666,45669,CUST00088,Gold,POD46,Scented Candle – Lavender,Home & Living,Fragrance,ST6,Melbourne Retail - Collingwood,Collingwood,VIC,3066,Online,25,150,0.14,50,3275,1015,FALSE
ORD00336,4,45324,45326,CUST000118,Platinum,POD48,Essential Oil – Eucalyptus,Home & Living,Fragrance,ST17,Melbourne Retail - Footscray,Footscray,VIC,3011,Online,35,80,0.09,50,2598,908,FALSE
ORD00337,1,45536,45539,CUST00040,Gold,POD62,Argan Oil,Beauty,Hair Care,ST17,Melbourne Retail - Footscray,Footscray,VIC,3011,Online,55,60,0.14,50,2888,898,TRUE
ORD00337,2,45967,45972,CUST00030,Bronze,POD44,Scented Candle,Home & Living,Fragrance,ST16,Melbourne Retail - South Yarra,South Yarra,VIC,3141,Pick up,25,150,0.09,0,3412.5,1162.5,FALSE
ORD00337,3,45306,45306,CUST000140,Gold,POD10,Clear Phone Case,Electronics,Mobile Accessories,ST7,Melbourne Retail - Richmond,Richmond,VIC,3121,Pick up,20,180,0.06,0,3384,1224,TRUE
ORD00337,4,45663,45668,CUST000137,Silver,POD61,Hydrating Shampoo,Beauty,Hair Care,ST20,Melbourne Retail - Frankston,Frankston,VIC,3199,Online,38,90,0.08,50,3196.4,1134.4,FALSE
ORD00338,1,45663,45663,CUST000188,Silver,POD44,Scented Candle,Home & Living,Fragrance,ST12,Melbourne Retail - Doncaster,Doncaster,VIC,3108,Pick up,25,150,0.09,0,3412.5,1162.5,FALSE
ORD00338,2,45335,45339,CUST00029,Silver,POD34,Cotton Throw Blanket,Home & Living,Bedding,ST20,Melbourne Retail - Frankston,Frankston,VIC,3199,Pick up,60,70,0.15,0,3570,1050,FALSE
ORD00338,3,45486,45490,CUST000230,Gold,POD22,Mid-Length Jacket,Apparel,Outerwear,ST15,Melbourne Retail - St Kilda,St Kilda,VIC,3182,Pick up,120,45,0.14,0,4644,1404,FALSE
ORD00338,4,45557,45558,CUST000173,Bronze,POD37,5-Tier Bookshelf,Home & Living,Furniture,ST2,Melbourne Retail - Southbank,Southbank,VIC,3006,Online,180,25,0.06,50,4280,1570,FALSE
ORD00339,1,45983,45986,CUST000198,Gold,POD22,Mid-Length Jacket,Apparel,Outerwear,ST9,Melbourne Retail - Camberwell,Camberwell,VIC,3124,Pick up,120,45,0.1,0,4860,1620,FALSE
ORD00339,2,45936,45941,CUST000197,Bronze,POD5,Wireless Mouse,Electronics,Computer Accessories,ST18,Melbourne Retail - Sunshine,Sunshine,VIC,3020,In Store,45,100,0.14,0,3870,1170,FALSE
ORD00339,3,45639,45640,CUST000171,Silver,POD27,Classic Cap,Apparel,Accessories,ST20,Melbourne Retail - Frankston,Frankston,VIC,3199,In Store,25,120,0.11,0,2670,870,FALSE
ORD00339,4,45743,45745,CUST00075,Platinum,POD57,Shea Lotion,Beauty,Skincare,ST20,Melbourne Retail - Frankston,Frankston,VIC,3199,Online,40,100,0.08,50,3730,1320,FALSE
ORD00340,1,45979,45979,CUST000131,Silver,POD49,Face Moisturiser,Beauty,Skincare,ST6,Melbourne Retail - Collingwood,Collingwood,VIC,3066,Online,45,100,0.06,50,4280,1570,FALSE
ORD00340,2,45661,45662,CUST00072,Silver,POD45,Scented Candle – Vanilla,Home & Living,Fragrance,ST13,Melbourne Retail - Preston,Preston,VIC,3072,Pick up,25,150,0.06,0,3525,1275,FALSE
ORD00340,3,45483,45486,CUST00042,Silver,POD39,Mesh Office Chair,Home & Living,Furniture,ST11,Melbourne Retail - Box Hill,Box Hill,VIC,3128,Online,200,25,0.09,50,4600,1590,FALSE
ORD00340,4,45733,45736,CUST000208,Gold,POD49,Face Moisturiser,Beauty,Skincare,ST5,Melbourne Retail - Fitzroy,Fitzroy,VIC,3065,Pick up,45,100,0.08,0,4140,1440,FALSE
ORD00341,1,45919,45920,CUST00087,Silver,POD50,Moisturiser – SPF30,Beauty,Skincare,ST1,Melbourne Retail - Melbourne CBD,Melbourne CBD,VIC,3000,Online,48,100,0.07,50,4514,1624,FALSE
ORD00341,2,45494,45497,CUST000126,Platinum,POD10,Clear Phone Case,Electronics,Mobile Accessories,ST20,Melbourne Retail - Frankston,Frankston,VIC,3199,In Store,20,180,0.13,0,3132,972,FALSE
ORD00341,3,45467,45470,CUST000209,Silver,POD29,Ceramic Mug,Home & Living,Kitchen & Dining,ST7,Melbourne Retail - Richmond,Richmond,VIC,3121,Pick up,15,200,0.12,0,2640,840,FALSE
ORD00341,4,45596,45599,CUST000164,Gold,POD5,Wireless Mouse,Electronics,Computer Accessories,ST20,Melbourne Retail - Frankston,Frankston,VIC,3199,Pick up,45,100,0.1,0,4050,1350,FALSE
ORD00342,1,45725,45729,CUST000167,Platinum,POD22,Mid-Length Jacket,Apparel,Outerwear,ST15,Melbourne Retail - St Kilda,St Kilda,VIC,3182,Pick up,120,45,0.05,0,5130,1890,FALSE
ORD00342,2,45846,45847,CUST000181,Silver,POD24,White Sneakers,Apparel,Footwear,ST16,Melbourne Retail - South Yarra,South Yarra,VIC,3141,Online,100,55,0.05,50,5275,1965,FALSE
ORD00342,3,45476,45480,CUST000143,Bronze,POD26,Brown Belt,Apparel,Accessories,ST10,Melbourne Retail - Glen Waverley,Glen Waverley,VIC,3150,In Store,35,100,0.09,0,3185,1085,FALSE
ORD00342,4,45379,45379,CUST000204,Gold,POD40,LED Desk Lamp,Home & Living,Lighting,ST3,Melbourne Retail - Docklands,Docklands,VIC,3008,In Store,60,80,0.12,0,4224,1344,FALSE
ORD00343,1,45884,45889,CUST000182,Platinum,POD65,Electric Toothbrush,Beauty,Personal Care,ST3,Melbourne Retail - Docklands,Docklands,VIC,3008,Online,80,70,0.14,50,4866,1496,FALSE
ORD00343,2,45754,45755,CUST00043,Gold,POD59,Hydrating Conditioner,Beauty,Hair Care,ST10,Melbourne Retail - Glen Waverley,Glen Waverley,VIC,3150,In Store,35,100,0.14,0,3010,910,FALSE
ORD00343,3,45841,45845,CUST000102,Bronze,POD29,Ceramic Mug,Home & Living,Kitchen & Dining,ST14,Melbourne Retail - Brunswick,Brunswick,VIC,3056,Pick up,15,200,0.1,0,2700,900,FALSE
ORD00343,4,46001,46003,CUST000192,Gold,POD18,Slim Fit Jeans,Apparel,Bottoms,ST2,Melbourne Retail - Southbank,Southbank,VIC,3006,In Store,70,80,0.06,0,5264,1904,FALSE
ORD00344,2,45665,45665,CUST000127,Bronze,POD31,Knife Set (5-Piece),Home & Living,Kitchen & Dining,ST10,Melbourne Retail - Glen Waverley,Glen Waverley,VIC,3150,Pick up,85,70,0.08,0,5474,1904,FALSE
ORD00344,3,45961,45964,CUST000238,Gold,POD19,Chino Pants,Apparel,Bottoms,ST10,Melbourne Retail - Glen Waverley,Glen Waverley,VIC,3150,Online,65,75,0.12,50,4340,1405,FALSE
ORD00344,4,45484,45487,CUST00057,Silver,POD15,Cotton T-Shirt,Apparel,Tops,ST9,Melbourne Retail - Camberwell,Camberwell,VIC,3124,Pick up,25,150,0.11,0,3337.5,1087.5,TRUE
ORD00345,1,46004,46005,CUST000102,Bronze,POD14,Wall Plug (2-Pack),Electronics,Smart Home,ST14,Melbourne Retail - Brunswick,Brunswick,VIC,3056,Pick up,22,200,0.05,0,4180,1540,FALSE
ORD00345,2,45387,45389,CUST000236,Silver,POD59,Hydrating Conditioner,Beauty,Hair Care,ST2,Melbourne Retail - Southbank,Southbank,VIC,3006,In Store,35,100,0.07,0,3255,1155,FALSE
ORD00345,3,45314,45315,CUST000103,Silver,POD48,Essential Oil – Eucalyptus,Home & Living,Fragrance,ST13,Melbourne Retail - Preston,Preston,VIC,3072,In Store,35,80,0.05,0,2660,980,FALSE
ORD00345,4,45846,45851,CUST00026,Gold,POD29,Ceramic Mug,Home & Living,Kitchen & Dining,ST13,Melbourne Retail - Preston,Preston,VIC,3072,In Store,15,200,0.1,0,2700,900,FALSE
ORD00346,1,45423,45425,CUST00041,Platinum,POD39,Mesh Office Chair,Home & Living,Furniture,ST20,Melbourne Retail - Frankston,Frankston,VIC,3199,Pick up,200,25,0.09,0,4550,1550,FALSE
ORD00346,2,46009,46014,CUST000132,Platinum,POD58,Rose Cream,Beauty,Skincare,ST13,Melbourne Retail - Preston,Preston,VIC,3072,Pick up,42,90,0.15,0,3213,945,FALSE
ORD00346,3,45707,45707,CUST00020,Silver,POD20,High-Waist Jeans,Apparel,Bottoms,ST14,Melbourne Retail - Brunswick,Brunswick,VIC,3056,Online,80,60,0.09,50,4418,1528,FALSE
ORD00346,4,45571,45575,CUST000154,Platinum,POD41,Arc Floor Lamp,Home & Living,Lighting,ST6,Melbourne Retail - Collingwood,Collingwood,VIC,3066,Pick up,130,40,0.11,0,4628,1508,FALSE
ORD00347,1,45600,45604,CUST00045,Silver,POD64,Roll-On Deodorant,Beauty,Personal Care,ST8,Melbourne Retail - Hawthorn,Hawthorn,VIC,3122,In Store,25,100,0.14,0,2150,650,TRUE
ORD00347,2,45391,45395,CUST000124,Bronze,POD20,High-Waist Jeans,Apparel,Bottoms,ST2,Melbourne Retail - Southbank,Southbank,VIC,3006,In Store,80,60,0.12,0,4224,1344,FALSE
ORD00347,3,45400,45404,CUST000130,Gold,POD23,Wool Blend Coat,Apparel,Outerwear,ST14,Melbourne Retail - Brunswick,Brunswick,VIC,3056,Online,180,30,0.09,50,4964,1714,TRUE
ORD00347,4,45709,45714,CUST000177,Gold,POD20,High-Waist Jeans,Apparel,Bottoms,ST12,Melbourne Retail - Doncaster,Doncaster,VIC,3108,Online,80,60,0.1,50,4370,1480,FALSE
ORD00348,1,45961,45966,CUST000181,Bronze,POD51,Moisturiser – SPF31,Beauty,Skincare,ST6,Melbourne Retail - Collingwood,Collingwood,VIC,3066,In Store,48,100,0.1,0,4320,1440,FALSE
ORD00348,2,45788,45792,CUST00099,Gold,POD24,White Sneakers,Apparel,Footwear,ST16,Melbourne Retail - South Yarra,South Yarra,VIC,3141,Online,100,55,0.08,50,5110,1800,FALSE
ORD00348,3,45988,45990,CUST00026,Gold,POD37,5-Tier Bookshelf,Home & Living,Furniture,ST13,Melbourne Retail - Preston,Preston,VIC,3072,Online,180,25,0.05,50,4325,1615,FALSE
ORD00348,4,45755,45760,CUST00033,Gold,POD8,Lightning Cable,Electronics,Mobile Accessories,ST19,Melbourne Retail - Dandenong,Dandenong,VIC,3175,Pick up,25,150,0.12,0,3300,1050,FALSE
ORD00349,1,45822,45826,CUST0002,Platinum,POD47,Reed Diffuser – Citrus,Home & Living,Fragrance,ST10,Melbourne Retail - Glen Waverley,Glen Waverley,VIC,3150,In Store,30,100,0.15,0,2550,750,FALSE
ORD00349,2,45601,45601,CUST000243,Gold,POD20,High-Waist Jeans,Apparel,Bottoms,ST18,Melbourne Retail - Sunshine,Sunshine,VIC,3020,In Store,80,60,0.11,0,4272,1392,FALSE
ORD00349,3,45502,45503,CUST00079,Platinum,POD53,Eucalyptus Face Wash,Beauty,Skincare,ST20,Melbourne Retail - Frankston,Frankston,VIC,3199,Pick up,38,110,0.11,0,3720.2,1212.2,FALSE
ORD00349,4,45357,45357,CUST00028,Platinum,POD35,Memory Foam Pillow,Home & Living,Bedding,ST13,Melbourne Retail - Preston,Preston,VIC,3072,Pick up,75,80,0.11,0,5340,1740,FALSE
ORD00350,1,45637,45642,CUST000113,Silver,POD32,Bamboo Cutting Board,Home & Living,Kitchen & Dining,ST4,Melbourne Retail - Carlton,Carlton,VIC,3053,Pick up,30,100,0.15,0,2550,750,FALSE
ORD00350,2,45662,45667,CUST000231,Platinum,POD12,Wi-Fi Range Extender,Electronics,Networking,ST13,Melbourne Retail - Preston,Preston,VIC,3072,Pick up,95,40,0.08,0,3496,1216,FALSE
ORD00350,3,45736,45740,CUST00080,Bronze,POD65,Electric Toothbrush,Beauty,Personal Care,ST5,Melbourne Retail - Fitzroy,Fitzroy,VIC,3065,Pick up,80,70,0.07,0,5208,1848,FALSE
ORD00350,4,45799,45802,CUST000255,Gold,POD4,4K Monitor,Electronics,Computer Accessories,ST16,Melbourne Retail - South Yarra,South Yarra,VIC,3141,In Store,450,30,0.14,0,11610,3510,FALSE
ORD00351,1,45558,45558,CUST000134,Platinum,POD66,Razor – 5 Blade,Beauty,Personal Care,ST13,Melbourne Retail - Preston,Preston,VIC,3072,Pick up,35,90,0.14,0,2709,819,FALSE
ORD00351,2,45959,45961,CUST000195,Bronze,POD4,4K Monitor,Electronics,Computer Accessories,ST9,Melbourne Retail - Camberwell,Camberwell,VIC,3124,Online,450,30,0.07,50,12605,4495,FALSE
ORD00351,3,45872,45876,CUST00039,Silver,POD59,Hydrating Conditioner,Beauty,Hair Care,ST15,Melbourne Retail - St Kilda,St Kilda,VIC,3182,In Store,35,100,0.07,0,3255,1155,FALSE
ORD00351,4,45345,45347,CUST00026,Silver,POD43,Woven Storage Basket,Home & Living,Home Decor,ST15,Melbourne Retail - St Kilda,St Kilda,VIC,3182,Online,35,100,0.05,50,3375,1265,FALSE
ORD00352,1,45613,45615,CUST00087,Bronze,POD43,Woven Storage Basket,Home & Living,Home Decor,ST19,Melbourne Retail - Dandenong,Dandenong,VIC,3175,In Store,35,100,0.11,0,3115,1015,FALSE
ORD00352,2,45662,45666,CUST000228,Bronze,POD16,Cotton Crew T-Shirt,Apparel,Tops,ST7,Melbourne Retail - Richmond,Richmond,VIC,3121,Online,28,140,0.12,50,3499.6,1137.6,FALSE
ORD00352,3,45397,45398,CUST000100,Gold,POD34,Cotton Throw Blanket,Home & Living,Bedding,ST12,Melbourne Retail - Doncaster,Doncaster,VIC,3108,In Store,60,70,0.05,0,3990,1470,FALSE
ORD00352,4,45437,45439,CUST00046,Bronze,POD49,Face Moisturiser,Beauty,Skincare,ST16,Melbourne Retail - South Yarra,South Yarra,VIC,3141,In Store,45,100,0.15,0,3825,1125,FALSE
ORD00353,1,45914,45917,CUST000166,Platinum,POD15,Cotton T-Shirt,Apparel,Tops,ST14,Melbourne Retail - Brunswick,Brunswick,VIC,3056,In Store,25,150,0.1,0,3375,1125,FALSE
ORD00353,2,45386,45390,CUST000153,Silver,POD25,Women’s Shoes,Apparel,Footwear,ST13,Melbourne Retail - Preston,Preston,VIC,3072,Online,110,50,0.13,50,4835,1525,FALSE
ORD00353,3,45972,45977,CUST000140,Platinum,POD35,Memory Foam Pillow,Home & Living,Bedding,ST12,Melbourne Retail - Doncaster,Doncaster,VIC,3108,Pick up,75,80,0.09,0,5460,1860,FALSE
ORD00353,4,45984,45985,CUST00096,Silver,POD46,Scented Candle – Lavender,Home & Living,Fragrance,ST19,Melbourne Retail - Dandenong,Dandenong,VIC,3175,Online,25,150,0.11,50,3387.5,1127.5,FALSE
ORD00354,1,45836,45838,CUST000126,Silver,POD51,Moisturiser – SPF31,Beauty,Skincare,ST7,Melbourne Retail - Richmond,Richmond,VIC,3121,In Store,48,100,0.11,0,4272,1392,FALSE
ORD00354,2,45458,45461,CUST000192,Bronze,POD2,Bluetooth Earbuds,Electronics,Audio Devices,ST7,Melbourne Retail - Richmond,Richmond,VIC,3121,Online,90,60,0.13,50,4748,1498,FALSE
ORD00354,3,45514,45516,CUST000123,Bronze,POD22,Mid-Length Jacket,Apparel,Outerwear,ST5,Melbourne Retail - Fitzroy,Fitzroy,VIC,3065,Online,120,45,0.15,50,4640,1390,FALSE
ORD00354,4,45408,45411,CUST000183,Gold,POD21,Midi Dress,Apparel,Dresses,ST19,Melbourne Retail - Dandenong,Dandenong,VIC,3175,Online,95,50,0.11,50,4277.5,1417.5,FALSE
ORD00355,1,46002,46003,CUST00062,Bronze,POD58,Rose Cream,Beauty,Skincare,ST5,Melbourne Retail - Fitzroy,Fitzroy,VIC,3065,Online,42,90,0.05,50,3641,1363,FALSE
ORD00355,2,45519,45521,CUST000111,Bronze,POD54,Repair Serum,Beauty,Serums & Treatments,ST5,Melbourne Retail - Fitzroy,Fitzroy,VIC,3065,In Store,65,80,0.06,0,4888,1768,FALSE
ORD00355,3,45459,45460,CUST00077,Silver,POD29,Ceramic Mug,Home & Living,Kitchen & Dining,ST4,Melbourne Retail - Carlton,Carlton,VIC,3053,In Store,15,200,0.14,0,2580,780,FALSE
ORD00355,4,45956,45960,CUST000118,Platinum,POD34,Cotton Throw Blanket,Home & Living,Bedding,ST6,Melbourne Retail - Collingwood,Collingwood,VIC,3066,In Store,60,70,0.13,0,3654,1134,FALSE
ORD00356,1,45292,45292,CUST000183,Platinum,POD29,Ceramic Mug,Home & Living,Kitchen & Dining,ST13,Melbourne Retail - Preston,Preston,VIC,3072,Pick up,15,200,0.14,0,2580,780,FALSE
ORD00356,2,45597,45598,CUST000142,Silver,POD23,Wool Blend Coat,Apparel,Outerwear,ST2,Melbourne Retail - Southbank,Southbank,VIC,3006,Online,180,30,0.06,50,5126,1876,TRUE
ORD00356,3,45405,45406,CUST00093,Bronze,POD48,Essential Oil – Eucalyptus,Home & Living,Fragrance,ST1,Melbourne Retail - Melbourne CBD,Melbourne CBD,VIC,3000,Online,35,80,0.15,50,2430,740,FALSE
ORD00356,4,45567,45571,CUST00020,Bronze,POD37,5-Tier Bookshelf,Home & Living,Furniture,ST10,Melbourne Retail - Glen Waverley,Glen Waverley,VIC,3150,In Store,180,25,0.08,0,4140,1440,FALSE
ORD00357,1,45730,45730,CUST000234,Bronze,POD5,Wireless Mouse,Electronics,Computer Accessories,ST11,Melbourne Retail - Box Hill,Box Hill,VIC,3128,Pick up,45,100,0.05,0,4275,1575,FALSE
ORD00357,2,45512,45516,CUST000240,Silver,POD16,Cotton Crew T-Shirt,Apparel,Tops,ST3,Melbourne Retail - Docklands,Docklands,VIC,3008,In Store,28,140,0.14,0,3371.2,1019.2,FALSE
ORD00357,3,45670,45672,CUST00087,Bronze,POD43,Woven Storage Basket,Home & Living,Home Decor,ST3,Melbourne Retail - Docklands,Docklands,VIC,3008,In Store,35,100,0.09,0,3185,1085,FALSE
ORD00357,4,45634,45634,CUST000137,Bronze,POD42,Minimal Wall Clock,Home & Living,Home Decor,ST18,Melbourne Retail - Sunshine,Sunshine,VIC,3020,In Store,45,90,0.05,0,3847.5,1417.5,FALSE
ORD00358,1,45463,45466,CUST000220,Silver,POD23,Wool Blend Coat,Apparel,Outerwear,ST11,Melbourne Retail - Box Hill,Box Hill,VIC,3128,Pick up,180,30,0.15,0,4590,1350,FALSE
ORD00358,2,45427,45427,CUST00072,Platinum,POD59,Hydrating Conditioner,Beauty,Hair Care,ST9,Melbourne Retail - Camberwell,Camberwell,VIC,3124,Online,35,100,0.09,50,3235,1125,FALSE
ORD00358,3,45549,45549,CUST000104,Silver,POD30,Non-Stick Frypan 28cm,Home & Living,Kitchen & Dining,ST12,Melbourne Retail - Doncaster,Doncaster,VIC,3108,In Store,55,80,0.11,0,3916,1276,FALSE
ORD00358,4,45579,45579,CUST000216,Bronze,POD17,Fleece Hoodie,Apparel,Tops,ST4,Melbourne Retail - Carlton,Carlton,VIC,3053,In Store,60,90,0.14,0,4644,1404,FALSE
ORD00359,1,45857,45857,CUST00035,Bronze,POD60,Volumising Shampoo,Beauty,Hair Care,ST16,Melbourne Retail - South Yarra,South Yarra,VIC,3141,Online,38,90,0.09,50,3162.2,1100.2,FALSE
ORD00359,2,45483,45484,CUST00039,Platinum,POD53,Eucalyptus Face Wash,Beauty,Skincare,ST14,Melbourne Retail - Brunswick,Brunswick,VIC,3056,In Store,38,110,0.15,0,3553,1045,FALSE
ORD00359,3,45464,45465,CUST00010,Platinum,POD17,Fleece Hoodie,Apparel,Tops,ST3,Melbourne Retail - Docklands,Docklands,VIC,3008,Pick up,60,90,0.14,0,4644,1404,FALSE
ORD00359,4,46014,46017,CUST00051,Platinum,POD19,Chino Pants,Apparel,Bottoms,ST7,Melbourne Retail - Richmond,Richmond,VIC,3121,Online,65,75,0.08,50,4535,1600,FALSE
ORD00360,1,45434,45437,CUST000171,Silver,POD9,Screen Protector,Electronics,Mobile Accessories,ST4,Melbourne Retail - Carlton,Carlton,VIC,3053,Online,15,200,0.08,50,2810,1000,FALSE
ORD00360,2,45549,45552,CUST00077,Silver,POD42,Minimal Wall Clock,Home & Living,Home Decor,ST1,Melbourne Retail - Melbourne CBD,Melbourne CBD,VIC,3000,Pick up,45,90,0.07,0,3766.5,1336.5,FALSE
ORD00360,3,45760,45763,CUST00073,Gold,POD28,Socks (5-Pack),Apparel,Accessories,ST18,Melbourne Retail - Sunshine,Sunshine,VIC,3020,In Store,20,150,0.12,0,2640,840,FALSE
ORD00360,4,45457,45460,CUST000190,Platinum,POD66,Razor – 5 Blade,Beauty,Personal Care,ST13,Melbourne Retail - Preston,Preston,VIC,3072,In Store,35,90,0.12,0,2772,882,FALSE
ORD00361,1,45806,45806,CUST000260,Silver,POD27,Classic Cap,Apparel,Accessories,ST12,Melbourne Retail - Doncaster,Doncaster,VIC,3108,Pick up,25,120,0.1,0,2700,900,FALSE
ORD00361,2,45578,45582,CUST000163,Platinum,POD30,Non-Stick Frypan 28cm,Home & Living,Kitchen & Dining,ST4,Melbourne Retail - Carlton,Carlton,VIC,3053,In Store,55,80,0.07,0,4092,1452,FALSE
ORD00361,3,45383,45385,CUST00092,Silver,POD2,Bluetooth Earbuds,Electronics,Audio Devices,ST3,Melbourne Retail - Docklands,Docklands,VIC,3008,Pick up,90,60,0.08,0,4968,1728,FALSE
ORD00361,4,45309,45311,CUST000128,Platinum,POD19,Chino Pants,Apparel,Bottoms,ST2,Melbourne Retail - Southbank,Southbank,VIC,3006,In Store,65,75,0.06,0,4582.5,1657.5,FALSE
ORD00362,1,45565,45567,CUST000237,Platinum,POD56,Face Mask,Beauty,Skincare,ST11,Melbourne Retail - Box Hill,Box Hill,VIC,3128,Pick up,25,130,0.13,0,2827.5,877.5,FALSE
ORD00362,2,45822,45822,CUST000197,Bronze,POD36,All-Seasons Duvet Quilt,Home & Living,Bedding,ST18,Melbourne Retail - Sunshine,Sunshine,VIC,3020,Online,120,50,0.15,50,5150,1540,TRUE
ORD00362,3,45680,45681,CUST000104,Gold,POD24,White Sneakers,Apparel,Footwear,ST4,Melbourne Retail - Carlton,Carlton,VIC,3053,Online,100,55,0.13,50,4835,1525,FALSE
ORD00362,4,45699,45699,CUST000235,Silver,POD4,4K Monitor,Electronics,Computer Accessories,ST11,Melbourne Retail - Box Hill,Box Hill,VIC,3128,Online,450,30,0.08,50,12470,4360,FALSE
ORD00363,1,45875,45880,CUST000166,Bronze,POD14,Wall Plug (2-Pack),Electronics,Smart Home,ST18,Melbourne Retail - Sunshine,Sunshine,VIC,3020,Pick up,22,200,0.13,0,3828,1188,FALSE
ORD00363,2,45735,45739,CUST000175,Bronze,POD66,Razor – 5 Blade,Beauty,Personal Care,ST1,Melbourne Retail - Melbourne CBD,Melbourne CBD,VIC,3000,In Store,35,90,0.09,0,2866.5,976.5,FALSE
ORD00363,3,45853,45853,CUST000251,Silver,POD58,Rose Cream,Beauty,Skincare,ST9,Melbourne Retail - Camberwell,Camberwell,VIC,3124,In Store,42,90,0.06,0,3553.2,1285.2,FALSE
ORD00363,4,45662,45666,CUST0006,Gold,POD41,Arc Floor Lamp,Home & Living,Lighting,ST5,Melbourne Retail - Fitzroy,Fitzroy,VIC,3065,In Store,130,40,0.07,0,4836,1716,FALSE
ORD00364,1,45561,45565,CUST000191,Silver,POD54,Repair Serum,Beauty,Serums & Treatments,ST4,Melbourne Retail - Carlton,Carlton,VIC,3053,Pick up,65,80,0.14,0,4472,1352,FALSE
ORD00364,2,45967,45967,CUST000146,Platinum,POD40,LED Desk Lamp,Home & Living,Lighting,ST10,Melbourne Retail - Glen Waverley,Glen Waverley,VIC,3150,Pick up,60,80,0.14,0,4128,1248,FALSE
ORD00364,3,46008,46009,CUST00042,Gold,POD56,Face Mask,Beauty,Skincare,ST3,Melbourne Retail - Docklands,Docklands,VIC,3008,In Store,25,130,0.15,0,2762.5,812.5,FALSE
ORD00364,4,45541,45543,CUST00016,Bronze,POD15,Cotton T-Shirt,Apparel,Tops,ST5,Melbourne Retail - Fitzroy,Fitzroy,VIC,3065,Online,25,150,0.08,50,3500,1240,FALSE
ORD00365,1,45819,45824,CUST000227,Silver,POD53,Eucalyptus Face Wash,Beauty,Skincare,ST3,Melbourne Retail - Docklands,Docklands,VIC,3008,Pick up,38,110,0.12,0,3678.4,1170.4,FALSE
ORD00365,2,45641,45642,CUST000161,Gold,POD61,Hydrating Shampoo,Beauty,Hair Care,ST11,Melbourne Retail - Box Hill,Box Hill,VIC,3128,In Store,38,90,0.06,0,3214.8,1162.8,FALSE
ORD00365,3,45956,45957,CUST00079,Gold,POD56,Face Mask,Beauty,Skincare,ST4,Melbourne Retail - Carlton,Carlton,VIC,3053,In Store,25,130,0.1,0,2925,975,FALSE
ORD00365,4,45854,45859,CUST000169,Gold,POD43,Woven Storage Basket,Home & Living,Home Decor,ST18,Melbourne Retail - Sunshine,Sunshine,VIC,3020,In Store,35,100,0.05,0,3325,1225,FALSE
ORD00366,1,45855,45856,CUST000153,Gold,POD49,Face Moisturiser,Beauty,Skincare,ST11,Melbourne Retail - Box Hill,Box Hill,VIC,3128,In Store,45,100,0.08,0,4140,1440,FALSE
ORD00366,2,45373,45375,CUST000204,Platinum,POD36,All-Seasons Duvet Quilt,Home & Living,Bedding,ST5,Melbourne Retail - Fitzroy,Fitzroy,VIC,3065,Online,120,50,0.07,50,5630,2020,FALSE
ORD00366,3,45301,45301,CUST000174,Gold,POD28,Socks (5-Pack),Apparel,Accessories,ST19,Melbourne Retail - Dandenong,Dandenong,VIC,3175,In Store,20,150,0.14,0,2580,780,FALSE
ORD00366,4,45683,45684,CUST000247,Gold,POD18,Slim Fit Jeans,Apparel,Bottoms,ST6,Melbourne Retail - Collingwood,Collingwood,VIC,3066,Pick up,70,80,0.06,0,5264,1904,FALSE
ORD00367,1,45455,45456,CUST000141,Platinum,POD41,Arc Floor Lamp,Home & Living,Lighting,ST2,Melbourne Retail - Southbank,Southbank,VIC,3006,Online,130,40,0.15,50,4470,1340,FALSE
ORD00367,2,45456,45460,CUST00074,Silver,POD61,Hydrating Shampoo,Beauty,Hair Care,ST14,Melbourne Retail - Brunswick,Brunswick,VIC,3056,In Store,38,90,0.12,0,3009.6,957.6,FALSE
ORD00367,3,45305,45307,CUST000137,Platinum,POD31,Knife Set (5-Piece),Home & Living,Kitchen & Dining,ST8,Melbourne Retail - Hawthorn,Hawthorn,VIC,3122,Online,85,70,0.07,50,5583.5,2003.5,FALSE
ORD00367,4,45454,45457,CUST000146,Bronze,POD23,Wool Blend Coat,Apparel,Outerwear,ST12,Melbourne Retail - Doncaster,Doncaster,VIC,3108,In Store,180,30,0.15,0,4590,1350,FALSE
ORD00368,1,45509,45510,CUST000240,Platinum,POD62,Argan Oil,Beauty,Hair Care,ST19,Melbourne Retail - Dandenong,Dandenong,VIC,3175,Online,55,60,0.07,50,3119,1129,FALSE
ORD00368,2,45681,45682,CUST000136,Bronze,POD43,Woven Storage Basket,Home & Living,Home Decor,ST9,Melbourne Retail - Camberwell,Camberwell,VIC,3124,Pick up,35,100,0.12,0,3080,980,FALSE
ORD00368,3,45324,45327,CUST000108,Gold,POD47,Reed Diffuser – Citrus,Home & Living,Fragrance,ST19,Melbourne Retail - Dandenong,Dandenong,VIC,3175,In Store,30,100,0.07,0,2790,990,FALSE
ORD00368,4,45763,45767,CUST00092,Silver,POD48,Essential Oil – Eucalyptus,Home & Living,Fragrance,ST19,Melbourne Retail - Dandenong,Dandenong,VIC,3175,Online,35,80,0.06,50,2682,992,FALSE
ORD00369,1,45517,45517,CUST000158,Platinum,POD63,Eau de Parfum,Beauty,Fragrance,ST16,Melbourne Retail - South Yarra,South Yarra,VIC,3141,Pick up,95,50,0.11,0,4227.5,1377.5,FALSE
ORD00369,2,45894,45894,CUST000110,Silver,POD36,All-Seasons Duvet Quilt,Home & Living,Bedding,ST16,Melbourne Retail - South Yarra,South Yarra,VIC,3141,In Store,120,50,0.1,0,5400,1800,FALSE
ORD00369,3,45918,45918,CUST000161,Platinum,POD4,4K Monitor,Electronics,Computer Accessories,ST19,Melbourne Retail - Dandenong,Dandenong,VIC,3175,Pick up,450,30,0.06,0,12690,4590,FALSE
ORD00369,4,45946,45947,CUST000256,Bronze,POD21,Midi Dress,Apparel,Dresses,ST15,Melbourne Retail - St Kilda,St Kilda,VIC,3182,Online,95,50,0.05,50,4562.5,1702.5,FALSE
ORD00370,1,45415,45420,CUST000186,Silver,POD23,Wool Blend Coat,Apparel,Outerwear,ST9,Melbourne Retail - Camberwell,Camberwell,VIC,3124,Online,180,30,0.05,50,5180,1930,FALSE
ORD00370,2,45660,45661,CUST000131,Gold,POD56,Face Mask,Beauty,Skincare,ST16,Melbourne Retail - South Yarra,South Yarra,VIC,3141,In Store,25,130,0.14,0,2795,845,FALSE
ORD00370,3,45597,45599,CUST00028,Platinum,POD46,Scented Candle – Lavender,Home & Living,Fragrance,ST19,Melbourne Retail - Dandenong,Dandenong,VIC,3175,In Store,25,150,0.09,0,3412.5,1162.5,FALSE
ORD00370,4,45359,45362,CUST000242,Gold,POD57,Shea Lotion,Beauty,Skincare,ST20,Melbourne Retail - Frankston,Frankston,VIC,3199,Pick up,40,100,0.08,0,3680,1280,FALSE
ORD00371,1,45303,45308,CUST000210,Gold,POD14,Wall Plug (2-Pack),Electronics,Smart Home,ST20,Melbourne Retail - Frankston,Frankston,VIC,3199,Pick up,22,200,0.08,0,4048,1408,FALSE
ORD00371,2,45940,45945,CUST000236,Silver,POD55,Vitamin C Serum,Beauty,Serums & Treatments,ST8,Melbourne Retail - Hawthorn,Hawthorn,VIC,3122,Online,70,75,0.12,50,4670,1510,FALSE
ORD00371,3,45644,45649,CUST000156,Bronze,POD66,Razor – 5 Blade,Beauty,Personal Care,ST11,Melbourne Retail - Box Hill,Box Hill,VIC,3128,In Store,35,90,0.08,0,2898,1008,FALSE
ORD00371,4,45847,45848,CUST0008,Platinum,POD11,Wi-Fi Router,Electronics,Networking,ST1,Melbourne Retail - Melbourne CBD,Melbourne CBD,VIC,3000,In Store,160,25,0.12,0,3520,1120,FALSE
ORD00372,1,45612,45616,CUST000174,Gold,POD64,Roll-On Deodorant,Beauty,Personal Care,ST17,Melbourne Retail - Footscray,Footscray,VIC,3011,Online,25,100,0.14,50,2200,690,FALSE
ORD00372,2,45940,45943,CUST000171,Gold,POD12,Wi-Fi Range Extender,Electronics,Networking,ST9,Melbourne Retail - Camberwell,Camberwell,VIC,3124,Online,95,40,0.15,50,3280,990,FALSE
ORD00372,3,45821,45824,CUST000144,Bronze,POD59,Hydrating Conditioner,Beauty,Hair Care,ST5,Melbourne Retail - Fitzroy,Fitzroy,VIC,3065,In Store,35,100,0.14,0,3010,910,FALSE
ORD00372,4,45900,45902,CUST000144,Platinum,POD34,Cotton Throw Blanket,Home & Living,Bedding,ST13,Melbourne Retail - Preston,Preston,VIC,3072,In Store,60,70,0.07,0,3906,1386,FALSE
ORD00373,1,45881,45885,CUST000130,Gold,POD51,Moisturiser – SPF31,Beauty,Skincare,ST14,Melbourne Retail - Brunswick,Brunswick,VIC,3056,In Store,48,100,0.07,0,4464,1584,FALSE
ORD00373,2,45382,45382,CUST000226,Gold,POD46,Scented Candle – Lavender,Home & Living,Fragrance,ST13,Melbourne Retail - Preston,Preston,VIC,3072,Pick up,25,150,0.07,0,3487.5,1237.5,FALSE
ORD00373,3,45403,45407,CUST00055,Platinum,POD57,Shea Lotion,Beauty,Skincare,ST4,Melbourne Retail - Carlton,Carlton,VIC,3053,In Store,40,100,0.13,0,3480,1080,FALSE
ORD00373,4,45959,45962,CUST000100,Platinum,POD2,Bluetooth Earbuds,Electronics,Audio Devices,ST14,Melbourne Retail - Brunswick,Brunswick,VIC,3056,Pick up,90,60,0.11,0,4806,1566,FALSE
ORD00374,1,45858,45858,CUST00049,Gold,POD22,Mid-Length Jacket,Apparel,Outerwear,ST5,Melbourne Retail - Fitzroy,Fitzroy,VIC,3065,In Store,120,45,0.09,0,4914,1674,FALSE
ORD00374,2,45333,45336,CUST0004,Bronze,POD61,Hydrating Shampoo,Beauty,Hair Care,ST17,Melbourne Retail - Footscray,Footscray,VIC,3011,Pick up,38,90,0.14,0,2941.2,889.2,TRUE
ORD00374,3,45658,45660,CUST00017,Bronze,POD11,Wi-Fi Router,Electronics,Networking,ST20,Melbourne Retail - Frankston,Frankston,VIC,3199,Pick up,160,25,0.13,0,3480,1080,FALSE
ORD00374,4,45462,45467,CUST00025,Silver,POD17,Fleece Hoodie,Apparel,Tops,ST5,Melbourne Retail - Fitzroy,Fitzroy,VIC,3065,In Store,60,90,0.11,0,4806,1566,FALSE
ORD00375,1,45946,45951,CUST00095,Platinum,POD66,Razor – 5 Blade,Beauty,Personal Care,ST12,Melbourne Retail - Doncaster,Doncaster,VIC,3108,Online,35,90,0.09,50,2916.5,1016.5,FALSE
ORD00375,2,45420,45425,CUST000229,Platinum,POD63,Eau de Parfum,Beauty,Fragrance,ST1,Melbourne Retail - Melbourne CBD,Melbourne CBD,VIC,3000,Online,95,50,0.12,50,4230,1370,TRUE
ORD00375,3,45526,45526,CUST000252,Platinum,POD47,Reed Diffuser – Citrus,Home & Living,Fragrance,ST1,Melbourne Retail - Melbourne CBD,Melbourne CBD,VIC,3000,Online,30,100,0.12,50,2690,880,FALSE
ORD00375,4,45453,45457,CUST00041,Silver,POD62,Argan Oil,Beauty,Hair Care,ST19,Melbourne Retail - Dandenong,Dandenong,VIC,3175,Online,55,60,0.07,50,3119,1129,FALSE
ORD00376,1,45364,45368,CUST000247,Platinum,POD7,"Power Bank 10,000mAh",Electronics,Mobile Accessories,ST15,Melbourne Retail - St Kilda,St Kilda,VIC,3182,Pick up,60,80,0.07,0,4464,1584,FALSE
ORD00376,2,45891,45895,CUST000170,Silver,POD9,Screen Protector,Electronics,Mobile Accessories,ST20,Melbourne Retail - Frankston,Frankston,VIC,3199,In Store,15,200,0.09,0,2730,930,FALSE
ORD00376,3,45731,45735,CUST000196,Platinum,POD59,Hydrating Conditioner,Beauty,Hair Care,ST10,Melbourne Retail - Glen Waverley,Glen Waverley,VIC,3150,Online,35,100,0.06,50,3340,1230,FALSE
ORD00376,4,45675,45678,CUST000169,Platinum,POD66,Razor – 5 Blade,Beauty,Personal Care,ST17,Melbourne Retail - Footscray,Footscray,VIC,3011,Pick up,35,90,0.11,0,2803.5,913.5,FALSE
ORD00377,1,45546,45548,CUST00015,Gold,POD4,4K Monitor,Electronics,Computer Accessories,ST16,Melbourne Retail - South Yarra,South Yarra,VIC,3141,In Store,450,30,0.15,0,11475,3375,FALSE
ORD00377,2,45618,45622,CUST00069,Gold,POD32,Bamboo Cutting Board,Home & Living,Kitchen & Dining,ST2,Melbourne Retail - Southbank,Southbank,VIC,3006,Online,30,100,0.06,50,2870,1060,FALSE
ORD00377,3,46007,46009,CUST000200,Silver,POD54,Repair Serum,Beauty,Serums & Treatments,ST7,Melbourne Retail - Richmond,Richmond,VIC,3121,In Store,65,80,0.09,0,4732,1612,FALSE
ORD00377,4,45805,45810,CUST00037,Bronze,POD13,LED Light Bulb,Electronics,Smart Home,ST14,Melbourne Retail - Brunswick,Brunswick,VIC,3056,In Store,18,300,0.08,0,4968,1728,FALSE
ORD00378,1,45911,45911,CUST000228,Gold,POD50,Moisturiser – SPF30,Beauty,Skincare,ST17,Melbourne Retail - Footscray,Footscray,VIC,3011,Pick up,48,100,0.05,0,4560,1680,FALSE
ORD00378,2,45735,45739,CUST00069,Bronze,POD29,Ceramic Mug,Home & Living,Kitchen & Dining,ST13,Melbourne Retail - Preston,Preston,VIC,3072,Pick up,15,200,0.11,0,2670,870,FALSE
ORD00378,3,45309,45314,CUST000204,Platinum,POD60,Volumising Shampoo,Beauty,Hair Care,ST11,Melbourne Retail - Box Hill,Box Hill,VIC,3128,Pick up,38,90,0.1,0,3078,1026,FALSE
ORD00378,4,45387,45392,CUST000242,Gold,POD6,USB-C Charger,Electronics,Mobile Accessories,ST13,Melbourne Retail - Preston,Preston,VIC,3072,Pick up,35,120,0.11,0,3738,1218,FALSE
ORD00379,1,45314,45315,CUST000131,Gold,POD22,Mid-Length Jacket,Apparel,Outerwear,ST8,Melbourne Retail - Hawthorn,Hawthorn,VIC,3122,Online,120,45,0.11,50,4856,1606,FALSE
ORD00379,2,45750,45751,CUST00076,Silver,POD33,Cotton Bedsheet Set,Home & Living,Bedding,ST11,Melbourne Retail - Box Hill,Box Hill,VIC,3128,Pick up,95,60,0.05,0,5415,1995,FALSE
ORD00379,3,45985,45986,CUST000232,Silver,POD18,Slim Fit Jeans,Apparel,Bottoms,ST3,Melbourne Retail - Docklands,Docklands,VIC,3008,Online,70,80,0.09,50,5146,1776,FALSE
ORD00379,4,45595,45595,CUST000101,Gold,POD35,Memory Foam Pillow,Home & Living,Bedding,ST15,Melbourne Retail - St Kilda,St Kilda,VIC,3182,In Store,75,80,0.15,0,5100,1500,FALSE
ORD00380,1,45945,45947,CUST0001,Bronze,POD57,Shea Lotion,Beauty,Skincare,ST8,Melbourne Retail - Hawthorn,Hawthorn,VIC,3122,In Store,40,100,0.09,0,3640,1240,FALSE
ORD00380,2,45568,45572,CUST000190,Platinum,POD45,Scented Candle – Vanilla,Home & Living,Fragrance,ST13,Melbourne Retail - Preston,Preston,VIC,3072,In Store,25,150,0.12,0,3300,1050,TRUE
ORD00380,3,45444,45449,CUST00084,Bronze,POD2,Bluetooth Earbuds,Electronics,Audio Devices,ST9,Melbourne Retail - Camberwell,Camberwell,VIC,3124,In Store,90,60,0.07,0,5022,1782,FALSE
ORD00380,4,45482,45485,CUST000194,Platinum,POD53,Eucalyptus Face Wash,Beauty,Skincare,ST19,Melbourne Retail - Dandenong,Dandenong,VIC,3175,In Store,38,110,0.09,0,3803.8,1295.8,FALSE
ORD00381,1,45923,45925,CUST000129,Gold,POD33,Cotton Bedsheet Set,Home & Living,Bedding,ST2,Melbourne Retail - Southbank,Southbank,VIC,3006,In Store,95,60,0.05,0,5415,1995,FALSE
ORD00381,2,45753,45753,CUST00057,Platinum,POD12,Wi-Fi Range Extender,Electronics,Networking,ST20,Melbourne Retail - Frankston,Frankston,VIC,3199,Online,95,40,0.06,50,3622,1332,FALSE
ORD00381,3,46004,46006,CUST00014,Gold,POD38,Oak Side Table,Home & Living,Furniture,ST3,Melbourne Retail - Docklands,Docklands,VIC,3008,Pick up,150,30,0.09,0,4095,1395,FALSE
ORD00381,4,45442,45445,CUST000129,Bronze,POD45,Scented Candle – Vanilla,Home & Living,Fragrance,ST1,Melbourne Retail - Melbourne CBD,Melbourne CBD,VIC,3000,Pick up,25,150,0.1,0,3375,1125,FALSE
ORD00382,1,45754,45758,CUST000191,Gold,POD8,Lightning Cable,Electronics,Mobile Accessories,ST2,Melbourne Retail - Southbank,Southbank,VIC,3006,In Store,25,150,0.12,0,3300,1050,FALSE
ORD00382,2,45338,45343,CUST00028,Bronze,POD2,Bluetooth Earbuds,Electronics,Audio Devices,ST19,Melbourne Retail - Dandenong,Dandenong,VIC,3175,In Store,90,60,0.12,0,4752,1512,FALSE
ORD00382,3,45497,45498,CUST00024,Platinum,POD6,USB-C Charger,Electronics,Mobile Accessories,ST16,Melbourne Retail - South Yarra,South Yarra,VIC,3141,In Store,35,120,0.09,0,3822,1302,FALSE
ORD00382,4,45293,45297,CUST000262,Silver,POD43,Woven Storage Basket,Home & Living,Home Decor,ST8,Melbourne Retail - Hawthorn,Hawthorn,VIC,3122,Pick up,35,100,0.13,0,3045,945,FALSE
ORD00383,1,45308,45310,CUST00087,Platinum,POD20,High-Waist Jeans,Apparel,Bottoms,ST4,Melbourne Retail - Carlton,Carlton,VIC,3053,Pick up,80,60,0.13,0,4176,1296,TRUE
ORD00383,3,45332,45335,CUST000214,Platinum,POD15,Cotton T-Shirt,Apparel,Tops,ST2,Melbourne Retail - Southbank,Southbank,VIC,3006,Online,25,150,0.1,50,3425,1165,FALSE
ORD00383,4,45950,45954,CUST00099,Bronze,POD41,Arc Floor Lamp,Home & Living,Lighting,ST12,Melbourne Retail - Doncaster,Doncaster,VIC,3108,In Store,130,40,0.15,0,4420,1300,FALSE
ORD00384,1,45936,45941,CUST00042,Platinum,POD7,"Power Bank 10,000mAh",Electronics,Mobile Accessories,ST4,Melbourne Retail - Carlton,Carlton,VIC,3053,Pick up,60,80,0.13,0,4176,1296,FALSE
ORD00384,2,45828,45829,CUST000143,Silver,POD65,Electric Toothbrush,Beauty,Personal Care,ST1,Melbourne Retail - Melbourne CBD,Melbourne CBD,VIC,3000,Online,80,70,0.15,50,4810,1440,FALSE
ORD00384,3,45831,45833,CUST00065,Gold,POD57,Shea Lotion,Beauty,Skincare,ST8,Melbourne Retail - Hawthorn,Hawthorn,VIC,3122,Online,40,100,0.1,50,3650,1240,FALSE
ORD00384,4,46020,46025,CUST00014,Bronze,POD8,Lightning Cable,Electronics,Mobile Accessories,ST11,Melbourne Retail - Box Hill,Box Hill,VIC,3128,Pick up,25,150,0.14,0,3225,975,FALSE
ORD00385,1,45336,45340,CUST000211,Bronze,POD4,4K Monitor,Electronics,Computer Accessories,ST9,Melbourne Retail - Camberwell,Camberwell,VIC,3124,In Store,450,30,0.14,0,11610,3510,FALSE
ORD00385,2,45477,45478,CUST000232,Gold,POD58,Rose Cream,Beauty,Skincare,ST16,Melbourne Retail - South Yarra,South Yarra,VIC,3141,In Store,42,90,0.09,0,3439.8,1171.8,FALSE
ORD00385,3,45558,45563,CUST000258,Gold,POD63,Eau de Parfum,Beauty,Fragrance,ST4,Melbourne Retail - Carlton,Carlton,VIC,3053,Pick up,95,50,0.14,0,4085,1235,TRUE
ORD00385,4,45707,45712,CUST000189,Silver,POD65,Electric Toothbrush,Beauty,Personal Care,ST2,Melbourne Retail - Southbank,Southbank,VIC,3006,In Store,80,70,0.08,0,5152,1792,FALSE
ORD00386,1,45835,45836,CUST00028,Bronze,POD18,Slim Fit Jeans,Apparel,Bottoms,ST5,Melbourne Retail - Fitzroy,Fitzroy,VIC,3065,In Store,70,80,0.11,0,4984,1624,FALSE
ORD00386,2,45328,45330,CUST00051,Silver,POD17,Fleece Hoodie,Apparel,Tops,ST7,Melbourne Retail - Richmond,Richmond,VIC,3121,Pick up,60,90,0.05,0,5130,1890,FALSE
ORD00386,3,45964,45969,CUST00013,Bronze,POD60,Volumising Shampoo,Beauty,Hair Care,ST16,Melbourne Retail - South Yarra,South Yarra,VIC,3141,Online,38,90,0.07,50,3230.6,1168.6,FALSE
ORD00386,4,45314,45319,CUST000144,Gold,POD39,Mesh Office Chair,Home & Living,Furniture,ST20,Melbourne Retail - Frankston,Frankston,VIC,3199,Pick up,200,25,0.07,0,4650,1650,TRUE
ORD00387,1,45615,45617,CUST000190,Gold,POD63,Eau de Parfum,Beauty,Fragrance,ST15,Melbourne Retail - St Kilda,St Kilda,VIC,3182,Pick up,95,50,0.06,0,4465,1615,FALSE
ORD00387,2,45990,45993,CUST000233,Gold,POD11,Wi-Fi Router,Electronics,Networking,ST8,Melbourne Retail - Hawthorn,Hawthorn,VIC,3122,Pick up,160,25,0.06,0,3760,1360,FALSE
ORD00387,3,45835,45835,CUST00057,Bronze,POD3,Bluetooth Speaker,Electronics,Audio Devices,ST20,Melbourne Retail - Frankston,Frankston,VIC,3199,In Store,110,40,0.09,0,4004,1364,FALSE
ORD00387,4,45372,45373,CUST000236,Gold,POD51,Moisturiser – SPF31,Beauty,Skincare,ST9,Melbourne Retail - Camberwell,Camberwell,VIC,3124,In Store,48,100,0.12,0,4224,1344,FALSE
ORD00388,1,45368,45371,CUST000108,Gold,POD64,Roll-On Deodorant,Beauty,Personal Care,ST17,Melbourne Retail - Footscray,Footscray,VIC,3011,Online,25,100,0.15,50,2175,665,FALSE
ORD00388,2,45305,45305,CUST000262,Bronze,POD8,Lightning Cable,Electronics,Mobile Accessories,ST2,Melbourne Retail - Southbank,Southbank,VIC,3006,Pick up,25,150,0.15,0,3187.5,937.5,TRUE
ORD00388,3,45820,45820,CUST00036,Bronze,POD43,Woven Storage Basket,Home & Living,Home Decor,ST2,Melbourne Retail - Southbank,Southbank,VIC,3006,In Store,35,100,0.13,0,3045,945,FALSE
ORD00388,4,45369,45372,CUST00011,Silver,POD14,Wall Plug (2-Pack),Electronics,Smart Home,ST12,Melbourne Retail - Doncaster,Doncaster,VIC,3108,Online,22,200,0.11,50,3966,1316,FALSE
ORD00389,1,45772,45772,CUST00086,Bronze,POD54,Repair Serum,Beauty,Serums & Treatments,ST12,Melbourne Retail - Doncaster,Doncaster,VIC,3108,Pick up,65,80,0.07,0,4836,1716,FALSE
ORD00389,2,45398,45398,CUST000238,Gold,POD25,Women’s Shoes,Apparel,Footwear,ST18,Melbourne Retail - Sunshine,Sunshine,VIC,3020,Pick up,110,50,0.15,0,4675,1375,FALSE
ORD00389,3,45784,45788,CUST000168,Silver,POD53,Eucalyptus Face Wash,Beauty,Skincare,ST2,Melbourne Retail - Southbank,Southbank,VIC,3006,In Store,38,110,0.12,0,3678.4,1170.4,FALSE
ORD00389,4,45580,45584,CUST000176,Silver,POD48,Essential Oil – Eucalyptus,Home & Living,Fragrance,ST20,Melbourne Retail - Frankston,Frankston,VIC,3199,Online,35,80,0.07,50,2654,964,TRUE
ORD00390,1,45645,45648,CUST000119,Silver,POD56,Face Mask,Beauty,Skincare,ST2,Melbourne Retail - Southbank,Southbank,VIC,3006,Online,25,130,0.13,50,2877.5,917.5,TRUE
ORD00390,2,45941,45946,CUST000140,Bronze,POD12,Wi-Fi Range Extender,Electronics,Networking,ST8,Melbourne Retail - Hawthorn,Hawthorn,VIC,3122,Pick up,95,40,0.05,0,3610,1330,FALSE
ORD00390,3,45338,45340,CUST000131,Bronze,POD28,Socks (5-Pack),Apparel,Accessories,ST19,Melbourne Retail - Dandenong,Dandenong,VIC,3175,In Store,20,150,0.06,0,2820,1020,FALSE
ORD00390,4,45392,45393,CUST000130,Platinum,POD33,Cotton Bedsheet Set,Home & Living,Bedding,ST5,Melbourne Retail - Fitzroy,Fitzroy,VIC,3065,Online,95,60,0.11,50,5123,1693,FALSE
ORD00391,1,45978,45981,CUST000261,Platinum,POD8,Lightning Cable,Electronics,Mobile Accessories,ST12,Melbourne Retail - Doncaster,Doncaster,VIC,3108,Pick up,25,150,0.1,0,3375,1125,FALSE
ORD00391,2,45646,45648,CUST000201,Gold,POD62,Argan Oil,Beauty,Hair Care,ST18,Melbourne Retail - Sunshine,Sunshine,VIC,3020,Online,55,60,0.07,50,3119,1129,FALSE
ORD00391,3,45739,45741,CUST000187,Gold,POD31,Knife Set (5-Piece),Home & Living,Kitchen & Dining,ST18,Melbourne Retail - Sunshine,Sunshine,VIC,3020,Online,85,70,0.13,50,5226.5,1646.5,TRUE
ORD00391,4,45625,45628,CUST000244,Platinum,POD12,Wi-Fi Range Extender,Electronics,Networking,ST19,Melbourne Retail - Dandenong,Dandenong,VIC,3175,Online,95,40,0.13,50,3356,1066,TRUE
ORD00392,1,45512,45512,CUST000193,Bronze,POD39,Mesh Office Chair,Home & Living,Furniture,ST6,Melbourne Retail - Collingwood,Collingwood,VIC,3066,Online,200,25,0.07,50,4700,1690,FALSE
ORD00392,2,45988,45989,CUST0003,Silver,POD58,Rose Cream,Beauty,Skincare,ST8,Melbourne Retail - Hawthorn,Hawthorn,VIC,3122,Online,42,90,0.09,50,3489.8,1211.8,FALSE
ORD00392,3,46020,46021,CUST00084,Gold,POD47,Reed Diffuser – Citrus,Home & Living,Fragrance,ST1,Melbourne Retail - Melbourne CBD,Melbourne CBD,VIC,3000,Online,30,100,0.08,50,2810,1000,FALSE
ORD00392,4,45943,45945,CUST000190,Bronze,POD55,Vitamin C Serum,Beauty,Serums & Treatments,ST9,Melbourne Retail - Camberwell,Camberwell,VIC,3124,In Store,70,75,0.12,0,4620,1470,FALSE
ORD00393,1,45634,45634,CUST0002,Silver,POD27,Classic Cap,Apparel,Accessories,ST5,Melbourne Retail - Fitzroy,Fitzroy,VIC,3065,In Store,25,120,0.11,0,2670,870,FALSE
ORD00393,2,45756,45758,CUST000127,Platinum,POD44,Scented Candle,Home & Living,Fragrance,ST8,Melbourne Retail - Hawthorn,Hawthorn,VIC,3122,In Store,25,150,0.11,0,3337.5,1087.5,FALSE
ORD00393,3,45540,45545,CUST000252,Bronze,POD48,Essential Oil – Eucalyptus,Home & Living,Fragrance,ST10,Melbourne Retail - Glen Waverley,Glen Waverley,VIC,3150,In Store,35,80,0.1,0,2520,840,FALSE
ORD00393,4,45621,45621,CUST000146,Bronze,POD19,Chino Pants,Apparel,Bottoms,ST15,Melbourne Retail - St Kilda,St Kilda,VIC,3182,Pick up,65,75,0.08,0,4485,1560,FALSE
ORD00394,1,45827,45830,CUST000134,Bronze,POD2,Bluetooth Earbuds,Electronics,Audio Devices,ST1,Melbourne Retail - Melbourne CBD,Melbourne CBD,VIC,3000,Online,90,60,0.08,50,5018,1768,FALSE
ORD00394,2,45648,45649,CUST00021,Bronze,POD30,Non-Stick Frypan 28cm,Home & Living,Kitchen & Dining,ST11,Melbourne Retail - Box Hill,Box Hill,VIC,3128,In Store,55,80,0.13,0,3828,1188,FALSE
ORD00394,3,45874,45876,CUST000137,Gold,POD51,Moisturiser – SPF31,Beauty,Skincare,ST10,Melbourne Retail - Glen Waverley,Glen Waverley,VIC,3150,Online,48,100,0.05,50,4610,1720,FALSE
ORD00394,4,45300,45304,CUST00098,Silver,POD66,Razor – 5 Blade,Beauty,Personal Care,ST2,Melbourne Retail - Southbank,Southbank,VIC,3006,Online,35,90,0.14,50,2759,859,FALSE
ORD00395,1,45700,45702,CUST000116,Silver,POD28,Socks (5-Pack),Apparel,Accessories,ST18,Melbourne Retail - Sunshine,Sunshine,VIC,3020,Online,20,150,0.12,50,2690,880,FALSE
ORD00395,2,45343,45344,CUST00022,Gold,POD61,Hydrating Shampoo,Beauty,Hair Care,ST8,Melbourne Retail - Hawthorn,Hawthorn,VIC,3122,Pick up,38,90,0.12,0,3009.6,957.6,FALSE
ORD00395,3,45625,45627,CUST000130,Bronze,POD29,Ceramic Mug,Home & Living,Kitchen & Dining,ST20,Melbourne Retail - Frankston,Frankston,VIC,3199,Online,15,200,0.08,50,2810,1000,FALSE
ORD00395,4,45442,45443,CUST00029,Bronze,POD35,Memory Foam Pillow,Home & Living,Bedding,ST8,Melbourne Retail - Hawthorn,Hawthorn,VIC,3122,Pick up,75,80,0.07,0,5580,1980,FALSE
ORD00396,1,45999,46002,CUST00010,Platinum,POD39,Mesh Office Chair,Home & Living,Furniture,ST12,Melbourne Retail - Doncaster,Doncaster,VIC,3108,Pick up,200,25,0.11,0,4450,1450,FALSE
ORD00396,2,45516,45520,CUST00026,Gold,POD4,4K Monitor,Electronics,Computer Accessories,ST12,Melbourne Retail - Doncaster,Doncaster,VIC,3108,Pick up,450,30,0.1,0,12150,4050,FALSE
ORD00396,3,45406,45409,CUST000213,Platinum,POD64,Roll-On Deodorant,Beauty,Personal Care,ST19,Melbourne Retail - Dandenong,Dandenong,VIC,3175,Online,25,100,0.07,50,2375,865,FALSE
ORD00396,4,45693,45698,CUST000191,Bronze,POD62,Argan Oil,Beauty,Hair Care,ST5,Melbourne Retail - Fitzroy,Fitzroy,VIC,3065,Online,55,60,0.12,50,2954,964,FALSE
ORD00397,1,45378,45383,CUST000109,Platinum,POD34,Cotton Throw Blanket,Home & Living,Bedding,ST3,Melbourne Retail - Docklands,Docklands,VIC,3008,Pick up,60,70,0.07,0,3906,1386,FALSE
ORD00397,2,45789,45792,CUST00022,Platinum,POD60,Volumising Shampoo,Beauty,Hair Care,ST16,Melbourne Retail - South Yarra,South Yarra,VIC,3141,In Store,38,90,0.11,0,3043.8,991.8,FALSE
ORD00397,3,45804,45808,CUST0001,Bronze,POD20,High-Waist Jeans,Apparel,Bottoms,ST5,Melbourne Retail - Fitzroy,Fitzroy,VIC,3065,Online,80,60,0.05,50,4610,1720,FALSE
ORD00397,4,45843,45846,CUST00078,Silver,POD23,Wool Blend Coat,Apparel,Outerwear,ST6,Melbourne Retail - Collingwood,Collingwood,VIC,3066,Online,180,30,0.08,50,5018,1768,FALSE
ORD00398,1,45926,45926,CUST00026,Gold,POD3,Bluetooth Speaker,Electronics,Audio Devices,ST8,Melbourne Retail - Hawthorn,Hawthorn,VIC,3122,In Store,110,40,0.15,0,3740,1100,FALSE
ORD00398,2,45760,45763,CUST00068,Gold,POD38,Oak Side Table,Home & Living,Furniture,ST20,Melbourne Retail - Frankston,Frankston,VIC,3199,Pick up,150,30,0.1,0,4050,1350,FALSE
ORD00398,3,45964,45968,CUST00071,Platinum,POD17,Fleece Hoodie,Apparel,Tops,ST8,Melbourne Retail - Hawthorn,Hawthorn,VIC,3122,Online,60,90,0.15,50,4640,1390,FALSE
ORD00398,4,45505,45507,CUST000100,Silver,POD17,Fleece Hoodie,Apparel,Tops,ST5,Melbourne Retail - Fitzroy,Fitzroy,VIC,3065,Online,60,90,0.08,50,5018,1768,FALSE
ORD00399,1,45742,45743,CUST000231,Silver,POD10,Clear Phone Case,Electronics,Mobile Accessories,ST11,Melbourne Retail - Box Hill,Box Hill,VIC,3128,In Store,20,180,0.09,0,3276,1116,FALSE
ORD00399,2,45646,45646,CUST00072,Platinum,POD14,Wall Plug (2-Pack),Electronics,Smart Home,ST11,Melbourne Retail - Box Hill,Box Hill,VIC,3128,Pick up,22,200,0.1,0,3960,1320,FALSE
ORD00399,3,45646,45650,CUST00017,Bronze,POD39,Mesh Office Chair,Home & Living,Furniture,ST5,Melbourne Retail - Fitzroy,Fitzroy,VIC,3065,In Store,200,25,0.09,0,4550,1550,FALSE
ORD00399,4,45819,45822,CUST000139,Silver,POD27,Classic Cap,Apparel,Accessories,ST3,Melbourne Retail - Docklands,Docklands,VIC,3008,In Store,25,120,0.09,0,2730,930,FALSE
ORD00400,1,45509,45512,CUST00020,Silver,POD5,Wireless Mouse,Electronics,Computer Accessories,ST12,Melbourne Retail - Doncaster,Doncaster,VIC,3108,In Store,45,100,0.06,0,4230,1530,FALSE
ORD00400,2,45313,45317,CUST00046,Bronze,POD48,Essential Oil – Eucalyptus,Home & Living,Fragrance,ST8,Melbourne Retail - Hawthorn,Hawthorn,VIC,3122,Online,35,80,0.13,50,2486,796,FALSE
ORD00400,3,45637,45641,CUST000166,Bronze,POD42,Minimal Wall Clock,Home & Living,Home Decor,ST4,Melbourne Retail - Carlton,Carlton,VIC,3053,In Store,45,90,0.06,0,3807,1377,FALSE
ORD00400,4,45613,45613,CUST00062,Bronze,POD50,Moisturiser – SPF30,Beauty,Skincare,ST15,Melbourne Retail - St Kilda,St Kilda,VIC,3182,In Store,48,100,0.13,0,4176,1296,FALSE
ORD00401,1,45649,45654,CUST00035,Platinum,POD37,5-Tier Bookshelf,Home & Living,Furniture,ST15,Melbourne Retail - St Kilda,St Kilda,VIC,3182,In Store,180,25,0.06,0,4230,1530,FALSE
ORD00401,2,45736,45739,CUST000160,Bronze,POD49,Face Moisturiser,Beauty,Skincare,ST13,Melbourne Retail - Preston,Preston,VIC,3072,Pick up,45,100,0.06,0,4230,1530,FALSE
ORD00401,3,45650,45654,CUST00053,Platinum,POD59,Hydrating Conditioner,Beauty,Hair Care,ST6,Melbourne Retail - Collingwood,Collingwood,VIC,3066,In Store,35,100,0.07,0,3255,1155,FALSE
ORD00401,4,45770,45774,CUST00017,Gold,POD18,Slim Fit Jeans,Apparel,Bottoms,ST8,Melbourne Retail - Hawthorn,Hawthorn,VIC,3122,In Store,70,80,0.11,0,4984,1624,FALSE
ORD00402,1,45984,45989,CUST00072,Gold,POD10,Clear Phone Case,Electronics,Mobile Accessories,ST8,Melbourne Retail - Hawthorn,Hawthorn,VIC,3122,In Store,20,180,0.12,0,3168,1008,TRUE
ORD00402,2,45660,45665,CUST00091,Gold,POD65,Electric Toothbrush,Beauty,Personal Care,ST18,Melbourne Retail - Sunshine,Sunshine,VIC,3020,Pick up,80,70,0.08,0,5152,1792,FALSE
ORD00402,3,45385,45386,CUST000177,Silver,POD12,Wi-Fi Range Extender,Electronics,Networking,ST7,Melbourne Retail - Richmond,Richmond,VIC,3121,Pick up,95,40,0.12,0,3344,1064,FALSE
ORD00402,4,45422,45425,CUST000209,Bronze,POD65,Electric Toothbrush,Beauty,Personal Care,ST3,Melbourne Retail - Docklands,Docklands,VIC,3008,Online,80,70,0.12,50,4978,1608,FALSE
ORD00403,1,45566,45570,CUST000130,Silver,POD60,Volumising Shampoo,Beauty,Hair Care,ST11,Melbourne Retail - Box Hill,Box Hill,VIC,3128,Online,38,90,0.08,50,3196.4,1134.4,FALSE
ORD00403,2,45818,45819,CUST000107,Platinum,POD61,Hydrating Shampoo,Beauty,Hair Care,ST13,Melbourne Retail - Preston,Preston,VIC,3072,Pick up,38,90,0.13,0,2975.4,923.4,FALSE
ORD00403,3,45891,45893,CUST00018,Gold,POD56,Face Mask,Beauty,Skincare,ST15,Melbourne Retail - St Kilda,St Kilda,VIC,3182,Online,25,130,0.07,50,3072.5,1112.5,FALSE
ORD00403,4,45613,45615,CUST000189,Platinum,POD36,All-Seasons Duvet Quilt,Home & Living,Bedding,ST8,Melbourne Retail - Hawthorn,Hawthorn,VIC,3122,Pick up,120,50,0.1,0,5400,1800,FALSE
ORD00404,1,45481,45486,CUST0001,Platinum,POD23,Wool Blend Coat,Apparel,Outerwear,ST1,Melbourne Retail - Melbourne CBD,Melbourne CBD,VIC,3000,Pick up,180,30,0.11,0,4806,1566,FALSE
ORD00404,2,45608,45612,CUST00028,Gold,POD30,Non-Stick Frypan 28cm,Home & Living,Kitchen & Dining,ST10,Melbourne Retail - Glen Waverley,Glen Waverley,VIC,3150,Online,55,80,0.11,50,3966,1316,FALSE
ORD00404,3,45715,45716,CUST00012,Gold,POD39,Mesh Office Chair,Home & Living,Furniture,ST11,Melbourne Retail - Box Hill,Box Hill,VIC,3128,In Store,200,25,0.06,0,4700,1700,FALSE
ORD00404,4,45948,45951,CUST000203,Platinum,POD31,Knife Set (5-Piece),Home & Living,Kitchen & Dining,ST15,Melbourne Retail - St Kilda,St Kilda,VIC,3182,In Store,85,70,0.08,0,5474,1904,FALSE
ORD00405,1,45909,45913,CUST00066,Silver,POD58,Rose Cream,Beauty,Skincare,ST19,Melbourne Retail - Dandenong,Dandenong,VIC,3175,In Store,42,90,0.15,0,3213,945,FALSE
ORD00405,2,45638,45642,CUST000218,Gold,POD53,Eucalyptus Face Wash,Beauty,Skincare,ST13,Melbourne Retail - Preston,Preston,VIC,3072,In Store,38,110,0.05,0,3971,1463,FALSE
ORD00405,3,45440,45442,CUST00017,Platinum,POD57,Shea Lotion,Beauty,Skincare,ST19,Melbourne Retail - Dandenong,Dandenong,VIC,3175,Online,40,100,0.09,50,3690,1280,FALSE
ORD00405,4,45302,45303,CUST000261,Platinum,POD13,LED Light Bulb,Electronics,Smart Home,ST10,Melbourne Retail - Glen Waverley,Glen Waverley,VIC,3150,Pick up,18,300,0.11,0,4806,1566,FALSE
ORD00406,1,45347,45349,CUST000212,Silver,POD11,Wi-Fi Router,Electronics,Networking,ST19,Melbourne Retail - Dandenong,Dandenong,VIC,3175,Online,160,25,0.11,50,3610,1200,FALSE
ORD00406,2,45576,45580,CUST00086,Bronze,POD23,Wool Blend Coat,Apparel,Outerwear,ST6,Melbourne Retail - Collingwood,Collingwood,VIC,3066,Online,180,30,0.11,50,4856,1606,FALSE
ORD00406,3,45921,45922,CUST00089,Bronze,POD35,Memory Foam Pillow,Home & Living,Bedding,ST10,Melbourne Retail - Glen Waverley,Glen Waverley,VIC,3150,Online,75,80,0.05,50,5750,2140,FALSE
ORD00406,4,45977,45977,CUST000209,Bronze,POD34,Cotton Throw Blanket,Home & Living,Bedding,ST6,Melbourne Retail - Collingwood,Collingwood,VIC,3066,Pick up,60,70,0.14,0,3612,1092,FALSE
ORD00407,1,45946,45946,CUST000203,Platinum,POD33,Cotton Bedsheet Set,Home & Living,Bedding,ST7,Melbourne Retail - Richmond,Richmond,VIC,3121,Online,95,60,0.11,50,5123,1693,FALSE
ORD00407,2,45470,45474,CUST000143,Silver,POD50,Moisturiser – SPF30,Beauty,Skincare,ST10,Melbourne Retail - Glen Waverley,Glen Waverley,VIC,3150,In Store,48,100,0.09,0,4368,1488,TRUE
ORD00407,3,45334,45337,CUST00020,Silver,POD15,Cotton T-Shirt,Apparel,Tops,ST12,Melbourne Retail - Doncaster,Doncaster,VIC,3108,Online,25,150,0.12,50,3350,1090,FALSE
ORD00407,4,45446,45449,CUST000135,Platinum,POD24,White Sneakers,Apparel,Footwear,ST13,Melbourne Retail - Preston,Preston,VIC,3072,Online,100,55,0.12,50,4890,1580,FALSE
ORD00408,1,45753,45753,CUST00074,Platinum,POD48,Essential Oil – Eucalyptus,Home & Living,Fragrance,ST18,Melbourne Retail - Sunshine,Sunshine,VIC,3020,Online,35,80,0.09,50,2598,908,FALSE
ORD00408,2,45981,45984,CUST000146,Gold,POD56,Face Mask,Beauty,Skincare,ST14,Melbourne Retail - Brunswick,Brunswick,VIC,3056,Pick up,25,130,0.08,0,2990,1040,FALSE
ORD00408,3,45646,45646,CUST0007,Silver,POD50,Moisturiser – SPF30,Beauty,Skincare,ST5,Melbourne Retail - Fitzroy,Fitzroy,VIC,3065,Online,48,100,0.08,50,4466,1576,FALSE
ORD00408,4,45522,45523,CUST000228,Bronze,POD30,Non-Stick Frypan 28cm,Home & Living,Kitchen & Dining,ST20,Melbourne Retail - Frankston,Frankston,VIC,3199,Pick up,55,80,0.08,0,4048,1408,FALSE
ORD00409,1,45871,45873,CUST000148,Gold,POD64,Roll-On Deodorant,Beauty,Personal Care,ST17,Melbourne Retail - Footscray,Footscray,VIC,3011,Pick up,25,100,0.08,0,2300,800,FALSE
ORD00409,2,45785,45788,CUST00075,Silver,POD38,Oak Side Table,Home & Living,Furniture,ST17,Melbourne Retail - Footscray,Footscray,VIC,3011,Pick up,150,30,0.14,0,3870,1170,FALSE
ORD00409,3,46001,46004,CUST000150,Silver,POD16,Cotton Crew T-Shirt,Apparel,Tops,ST15,Melbourne Retail - St Kilda,St Kilda,VIC,3182,In Store,28,140,0.14,0,3371.2,1019.2,FALSE
ORD00409,4,45709,45711,CUST00030,Bronze,POD40,LED Desk Lamp,Home & Living,Lighting,ST9,Melbourne Retail - Camberwell,Camberwell,VIC,3124,Pick up,60,80,0.14,0,4128,1248,FALSE
ORD00410,1,45745,45750,CUST000174,Bronze,POD55,Vitamin C Serum,Beauty,Serums & Treatments,ST16,Melbourne Retail - South Yarra,South Yarra,VIC,3141,Online,70,75,0.12,50,4670,1510,FALSE
ORD00410,2,45296,45300,CUST000262,Bronze,POD26,Brown Belt,Apparel,Accessories,ST14,Melbourne Retail - Brunswick,Brunswick,VIC,3056,In Store,35,100,0.11,0,3115,1015,FALSE
ORD00410,3,45638,45642,CUST00054,Platinum,POD6,USB-C Charger,Electronics,Mobile Accessories,ST17,Melbourne Retail - Footscray,Footscray,VIC,3011,Pick up,35,120,0.08,0,3864,1344,FALSE
ORD00410,4,45369,45374,CUST00045,Platinum,POD17,Fleece Hoodie,Apparel,Tops,ST6,Melbourne Retail - Collingwood,Collingwood,VIC,3066,Online,60,90,0.12,50,4802,1552,FALSE
ORD00411,1,45928,45928,CUST000158,Bronze,POD46,Scented Candle – Lavender,Home & Living,Fragrance,ST5,Melbourne Retail - Fitzroy,Fitzroy,VIC,3065,Pick up,25,150,0.07,0,3487.5,1237.5,FALSE
ORD00411,2,45824,45825,CUST000190,Gold,POD16,Cotton Crew T-Shirt,Apparel,Tops,ST2,Melbourne Retail - Southbank,Southbank,VIC,3006,In Store,28,140,0.13,0,3410.4,1058.4,FALSE
ORD00411,3,45878,45878,CUST000222,Silver,POD16,Cotton Crew T-Shirt,Apparel,Tops,ST6,Melbourne Retail - Collingwood,Collingwood,VIC,3066,In Store,28,140,0.06,0,3684.8,1332.8,FALSE
ORD00411,4,45967,45972,CUST000181,Platinum,POD52,Face Cleanser,Beauty,Skincare,ST7,Melbourne Retail - Richmond,Richmond,VIC,3121,In Store,35,120,0.05,0,3990,1470,FALSE
ORD00412,1,45747,45748,CUST000242,Bronze,POD52,Face Cleanser,Beauty,Skincare,ST18,Melbourne Retail - Sunshine,Sunshine,VIC,3020,In Store,35,120,0.12,0,3696,1176,FALSE
ORD00412,2,45588,45589,CUST000101,Bronze,POD26,Brown Belt,Apparel,Accessories,ST2,Melbourne Retail - Southbank,Southbank,VIC,3006,In Store,35,100,0.12,0,3080,980,TRUE
ORD00412,3,45769,45772,CUST000129,Silver,POD5,Wireless Mouse,Electronics,Computer Accessories,ST4,Melbourne Retail - Carlton,Carlton,VIC,3053,Pick up,45,100,0.07,0,4185,1485,FALSE
ORD00412,4,45829,45831,CUST000109,Bronze,POD13,LED Light Bulb,Electronics,Smart Home,ST10,Melbourne Retail - Glen Waverley,Glen Waverley,VIC,3150,Pick up,18,300,0.14,0,4644,1404,FALSE
ORD00413,1,45758,45763,CUST000104,Bronze,POD63,Eau de Parfum,Beauty,Fragrance,ST6,Melbourne Retail - Collingwood,Collingwood,VIC,3066,Pick up,95,50,0.13,0,4132.5,1282.5,FALSE
ORD00413,2,45521,45523,CUST00085,Bronze,POD23,Wool Blend Coat,Apparel,Outerwear,ST16,Melbourne Retail - South Yarra,South Yarra,VIC,3141,In Store,180,30,0.07,0,5022,1782,FALSE
ORD00413,3,45361,45364,CUST000251,Gold,POD9,Screen Protector,Electronics,Mobile Accessories,ST2,Melbourne Retail - Southbank,Southbank,VIC,3006,Online,15,200,0.08,50,2810,1000,FALSE
ORD00413,4,45802,45805,CUST000119,Gold,POD42,Minimal Wall Clock,Home & Living,Home Decor,ST17,Melbourne Retail - Footscray,Footscray,VIC,3011,In Store,45,90,0.15,0,3442.5,1012.5,FALSE
ORD00414,1,45887,45891,CUST000200,Silver,POD4,4K Monitor,Electronics,Computer Accessories,ST5,Melbourne Retail - Fitzroy,Fitzroy,VIC,3065,In Store,450,30,0.1,0,12150,4050,FALSE
ORD00414,3,45635,45638,CUST000157,Gold,POD62,Argan Oil,Beauty,Hair Care,ST12,Melbourne Retail - Doncaster,Doncaster,VIC,3108,Online,55,60,0.09,50,3053,1063,FALSE
ORD00414,4,45371,45375,CUST000219,Silver,POD28,Socks (5-Pack),Apparel,Accessories,ST14,Melbourne Retail - Brunswick,Brunswick,VIC,3056,Online,20,150,0.09,50,2780,970,TRUE
ORD00415,1,45691,45696,CUST000209,Bronze,POD26,Brown Belt,Apparel,Accessories,ST10,Melbourne Retail - Glen Waverley,Glen Waverley,VIC,3150,In Store,35,100,0.09,0,3185,1085,FALSE
ORD00415,2,45986,45988,CUST000207,Silver,POD55,Vitamin C Serum,Beauty,Serums & Treatments,ST15,Melbourne Retail - St Kilda,St Kilda,VIC,3182,Pick up,70,75,0.07,0,4882.5,1732.5,FALSE
ORD00415,3,45715,45718,CUST000119,Platinum,POD45,Scented Candle – Vanilla,Home & Living,Fragrance,ST19,Melbourne Retail - Dandenong,Dandenong,VIC,3175,Pick up,25,150,0.07,0,3487.5,1237.5,FALSE
ORD00415,4,45489,45492,CUST00041,Gold,POD51,Moisturiser – SPF31,Beauty,Skincare,ST11,Melbourne Retail - Box Hill,Box Hill,VIC,3128,Pick up,48,100,0.11,0,4272,1392,FALSE
ORD00416,1,45359,45360,CUST00078,Silver,POD27,Classic Cap,Apparel,Accessories,ST6,Melbourne Retail - Collingwood,Collingwood,VIC,3066,Online,25,120,0.12,50,2690,880,FALSE
ORD00416,2,45354,45357,CUST00085,Silver,POD14,Wall Plug (2-Pack),Electronics,Smart Home,ST1,Melbourne Retail - Melbourne CBD,Melbourne CBD,VIC,3000,Pick up,22,200,0.11,0,3916,1276,FALSE
ORD00416,3,45433,45433,CUST000196,Platinum,POD42,Minimal Wall Clock,Home & Living,Home Decor,ST9,Melbourne Retail - Camberwell,Camberwell,VIC,3124,Online,45,90,0.09,50,3735.5,1295.5,FALSE
ORD00416,4,45820,45825,CUST000209,Platinum,POD11,Wi-Fi Router,Electronics,Networking,ST13,Melbourne Retail - Preston,Preston,VIC,3072,In Store,160,25,0.09,0,3640,1240,FALSE
ORD00417,1,45500,45501,CUST00075,Gold,POD23,Wool Blend Coat,Apparel,Outerwear,ST2,Melbourne Retail - Southbank,Southbank,VIC,3006,Online,180,30,0.12,50,4802,1552,FALSE
ORD00417,2,45521,45524,CUST000187,Silver,POD63,Eau de Parfum,Beauty,Fragrance,ST12,Melbourne Retail - Doncaster,Doncaster,VIC,3108,Online,95,50,0.15,50,4087.5,1227.5,FALSE
ORD00417,3,45639,45639,CUST000238,Platinum,POD31,Knife Set (5-Piece),Home & Living,Kitchen & Dining,ST4,Melbourne Retail - Carlton,Carlton,VIC,3053,Online,85,70,0.08,50,5524,1944,FALSE
ORD00417,4,45413,45416,CUST00033,Bronze,POD5,Wireless Mouse,Electronics,Computer Accessories,ST3,Melbourne Retail - Docklands,Docklands,VIC,3008,Pick up,45,100,0.08,0,4140,1440,FALSE
ORD00418,1,45822,45826,CUST00085,Bronze,POD52,Face Cleanser,Beauty,Skincare,ST10,Melbourne Retail - Glen Waverley,Glen Waverley,VIC,3150,Online,35,120,0.1,50,3830,1300,FALSE
ORD00418,2,45998,46001,CUST00069,Bronze,POD38,Oak Side Table,Home & Living,Furniture,ST16,Melbourne Retail - South Yarra,South Yarra,VIC,3141,Online,150,30,0.06,50,4280,1570,FALSE
ORD00418,3,45319,45320,CUST000152,Silver,POD29,Ceramic Mug,Home & Living,Kitchen & Dining,ST5,Melbourne Retail - Fitzroy,Fitzroy,VIC,3065,Online,15,200,0.13,50,2660,850,FALSE
ORD00418,4,45872,45877,CUST00097,Platinum,POD8,Lightning Cable,Electronics,Mobile Accessories,ST6,Melbourne Retail - Collingwood,Collingwood,VIC,3066,Online,25,150,0.09,50,3462.5,1202.5,FALSE
ORD00419,1,45354,45356,CUST00082,Silver,POD57,Shea Lotion,Beauty,Skincare,ST18,Melbourne Retail - Sunshine,Sunshine,VIC,3020,In Store,40,100,0.11,0,3560,1160,FALSE
ORD00419,2,45507,45510,CUST00051,Bronze,POD14,Wall Plug (2-Pack),Electronics,Smart Home,ST15,Melbourne Retail - St Kilda,St Kilda,VIC,3182,Online,22,200,0.1,50,4010,1360,FALSE
ORD00419,3,45462,45464,CUST00072,Gold,POD48,Essential Oil – Eucalyptus,Home & Living,Fragrance,ST8,Melbourne Retail - Hawthorn,Hawthorn,VIC,3122,Online,35,80,0.1,50,2570,880,FALSE
ORD00419,4,45675,45677,CUST000154,Platinum,POD31,Knife Set (5-Piece),Home & Living,Kitchen & Dining,ST7,Melbourne Retail - Richmond,Richmond,VIC,3121,In Store,85,70,0.06,0,5593,2023,FALSE
ORD00420,1,45498,45503,CUST00036,Bronze,POD40,LED Desk Lamp,Home & Living,Lighting,ST18,Melbourne Retail - Sunshine,Sunshine,VIC,3020,Pick up,60,80,0.06,0,4512,1632,FALSE
ORD00420,2,45742,45742,CUST000107,Gold,POD66,Razor – 5 Blade,Beauty,Personal Care,ST4,Melbourne Retail - Carlton,Carlton,VIC,3053,Pick up,35,90,0.05,0,2992.5,1102.5,FALSE
ORD00420,3,45461,45462,CUST0002,Platinum,POD4,4K Monitor,Electronics,Computer Accessories,ST20,Melbourne Retail - Frankston,Frankston,VIC,3199,In Store,450,30,0.06,0,12690,4590,FALSE
ORD00420,4,45882,45886,CUST00028,Gold,POD20,High-Waist Jeans,Apparel,Bottoms,ST12,Melbourne Retail - Doncaster,Doncaster,VIC,3108,Pick up,80,60,0.11,0,4272,1392,TRUE
ORD00421,1,45295,45297,CUST000218,Silver,POD42,Minimal Wall Clock,Home & Living,Home Decor,ST15,Melbourne Retail - St Kilda,St Kilda,VIC,3182,In Store,45,90,0.14,0,3483,1053,FALSE
ORD00421,2,45629,45633,CUST0004,Silver,POD13,LED Light Bulb,Electronics,Smart Home,ST17,Melbourne Retail - Footscray,Footscray,VIC,3011,Pick up,18,300,0.05,0,5130,1890,FALSE
ORD00421,3,45872,45876,CUST0004,Bronze,POD35,Memory Foam Pillow,Home & Living,Bedding,ST8,Melbourne Retail - Hawthorn,Hawthorn,VIC,3122,In Store,75,80,0.1,0,5400,1800,FALSE
ORD00421,4,45912,45913,CUST00075,Bronze,POD25,Women’s Shoes,Apparel,Footwear,ST20,Melbourne Retail - Frankston,Frankston,VIC,3199,Pick up,110,50,0.06,0,5170,1870,FALSE
ORD00422,1,45816,45821,CUST00064,Gold,POD36,All-Seasons Duvet Quilt,Home & Living,Bedding,ST19,Melbourne Retail - Dandenong,Dandenong,VIC,3175,In Store,120,50,0.15,0,5100,1500,FALSE
ORD00422,2,45921,45924,CUST00017,Silver,POD43,Woven Storage Basket,Home & Living,Home Decor,ST8,Melbourne Retail - Hawthorn,Hawthorn,VIC,3122,Pick up,35,100,0.08,0,3220,1120,FALSE
ORD00422,3,45390,45394,CUST000186,Gold,POD63,Eau de Parfum,Beauty,Fragrance,ST14,Melbourne Retail - Brunswick,Brunswick,VIC,3056,Pick up,95,50,0.12,0,4180,1330,FALSE
ORD00422,4,45547,45552,CUST000234,Platinum,POD34,Cotton Throw Blanket,Home & Living,Bedding,ST14,Melbourne Retail - Brunswick,Brunswick,VIC,3056,In Store,60,70,0.09,0,3822,1302,FALSE
ORD00423,1,45960,45961,CUST00093,Gold,POD56,Face Mask,Beauty,Skincare,ST15,Melbourne Retail - St Kilda,St Kilda,VIC,3182,Online,25,130,0.13,50,2877.5,917.5,FALSE
ORD00423,2,45526,45528,CUST000142,Gold,POD4,4K Monitor,Electronics,Computer Accessories,ST9,Melbourne Retail - Camberwell,Camberwell,VIC,3124,Pick up,450,30,0.06,0,12690,4590,FALSE
ORD00423,3,45968,45971,CUST00067,Silver,POD60,Volumising Shampoo,Beauty,Hair Care,ST14,Melbourne Retail - Brunswick,Brunswick,VIC,3056,In Store,38,90,0.08,0,3146.4,1094.4,TRUE
ORD00423,4,45448,45452,CUST00070,Gold,POD27,Classic Cap,Apparel,Accessories,ST15,Melbourne Retail - St Kilda,St Kilda,VIC,3182,In Store,25,120,0.12,0,2640,840,FALSE
ORD00424,1,45746,45747,CUST000171,Platinum,POD37,5-Tier Bookshelf,Home & Living,Furniture,ST10,Melbourne Retail - Glen Waverley,Glen Waverley,VIC,3150,Online,180,25,0.09,50,4145,1435,FALSE
ORD00424,2,45696,45696,CUST000103,Silver,POD24,White Sneakers,Apparel,Footwear,ST20,Melbourne Retail - Frankston,Frankston,VIC,3199,In Store,100,55,0.08,0,5060,1760,FALSE
ORD00424,3,45974,45977,CUST00035,Gold,POD22,Mid-Length Jacket,Apparel,Outerwear,ST6,Melbourne Retail - Collingwood,Collingwood,VIC,3066,In Store,120,45,0.1,0,4860,1620,FALSE
ORD00424,4,45521,45522,CUST00078,Platinum,POD58,Rose Cream,Beauty,Skincare,ST19,Melbourne Retail - Dandenong,Dandenong,VIC,3175,In Store,42,90,0.1,0,3402,1134,FALSE
ORD00425,1,45795,45799,CUST000199,Silver,POD9,Screen Protector,Electronics,Mobile Accessories,ST11,Melbourne Retail - Box Hill,Box Hill,VIC,3128,Online,15,200,0.07,50,2840,1030,FALSE
ORD00425,2,45836,45840,CUST000191,Silver,POD6,USB-C Charger,Electronics,Mobile Accessories,ST19,Melbourne Retail - Dandenong,Dandenong,VIC,3175,Online,35,120,0.06,50,3998,1468,FALSE
ORD00425,3,45819,45823,CUST00018,Platinum,POD5,Wireless Mouse,Electronics,Computer Accessories,ST16,Melbourne Retail - South Yarra,South Yarra,VIC,3141,Pick up,45,100,0.12,0,3960,1260,FALSE
ORD00425,4,45405,45410,CUST00042,Silver,POD29,Ceramic Mug,Home & Living,Kitchen & Dining,ST12,Melbourne Retail - Doncaster,Doncaster,VIC,3108,Online,15,200,0.09,50,2780,970,FALSE
ORD00426,1,45939,45942,CUST00068,Gold,POD20,High-Waist Jeans,Apparel,Bottoms,ST1,Melbourne Retail - Melbourne CBD,Melbourne CBD,VIC,3000,In Store,80,60,0.06,0,4512,1632,FALSE
ORD00426,2,45469,45474,CUST00048,Silver,POD57,Shea Lotion,Beauty,Skincare,ST15,Melbourne Retail - St Kilda,St Kilda,VIC,3182,In Store,40,100,0.08,0,3680,1280,TRUE
ORD00426,3,45826,45830,CUST000229,Platinum,POD50,Moisturiser – SPF30,Beauty,Skincare,ST1,Melbourne Retail - Melbourne CBD,Melbourne CBD,VIC,3000,Pick up,48,100,0.08,0,4416,1536,FALSE
ORD00426,4,45816,45820,CUST000250,Gold,POD29,Ceramic Mug,Home & Living,Kitchen & Dining,ST6,Melbourne Retail - Collingwood,Collingwood,VIC,3066,Online,15,200,0.13,50,2660,850,FALSE
ORD00427,1,45901,45903,CUST00065,Platinum,POD62,Argan Oil,Beauty,Hair Care,ST13,Melbourne Retail - Preston,Preston,VIC,3072,Online,55,60,0.11,50,2987,997,TRUE
ORD00427,2,45605,45607,CUST00087,Platinum,POD9,Screen Protector,Electronics,Mobile Accessories,ST7,Melbourne Retail - Richmond,Richmond,VIC,3121,Online,15,200,0.08,50,2810,1000,FALSE
ORD00427,3,45441,45441,CUST000158,Bronze,POD5,Wireless Mouse,Electronics,Computer Accessories,ST14,Melbourne Retail - Brunswick,Brunswick,VIC,3056,Pick up,45,100,0.05,0,4275,1575,FALSE
ORD00427,4,45498,45502,CUST00010,Gold,POD49,Face Moisturiser,Beauty,Skincare,ST2,Melbourne Retail - Southbank,Southbank,VIC,3006,In Store,45,100,0.12,0,3960,1260,FALSE
ORD00428,1,45488,45489,CUST000105,Silver,POD54,Repair Serum,Beauty,Serums & Treatments,ST15,Melbourne Retail - St Kilda,St Kilda,VIC,3182,Online,65,80,0.13,50,4574,1444,FALSE
ORD00428,2,45976,45981,CUST00017,Platinum,POD61,Hydrating Shampoo,Beauty,Hair Care,ST10,Melbourne Retail - Glen Waverley,Glen Waverley,VIC,3150,In Store,38,90,0.1,0,3078,1026,FALSE
ORD00428,3,46009,46014,CUST000175,Gold,POD50,Moisturiser – SPF30,Beauty,Skincare,ST18,Melbourne Retail - Sunshine,Sunshine,VIC,3020,Online,48,100,0.05,50,4610,1720,FALSE
ORD00428,4,45324,45324,CUST000216,Silver,POD10,Clear Phone Case,Electronics,Mobile Accessories,ST3,Melbourne Retail - Docklands,Docklands,VIC,3008,Pick up,20,180,0.15,0,3060,900,FALSE
ORD00429,1,45441,45442,CUST0004,Gold,POD33,Cotton Bedsheet Set,Home & Living,Bedding,ST14,Melbourne Retail - Brunswick,Brunswick,VIC,3056,Online,95,60,0.05,50,5465,2035,FALSE
ORD00429,2,45702,45702,CUST000228,Silver,POD16,Cotton Crew T-Shirt,Apparel,Tops,ST9,Melbourne Retail - Camberwell,Camberwell,VIC,3124,Online,28,140,0.09,50,3617.2,1255.2,FALSE
ORD00429,3,45440,45443,CUST000126,Gold,POD14,Wall Plug (2-Pack),Electronics,Smart Home,ST16,Melbourne Retail - South Yarra,South Yarra,VIC,3141,Online,22,200,0.08,50,4098,1448,TRUE
ORD00429,4,45679,45680,CUST000149,Bronze,POD42,Minimal Wall Clock,Home & Living,Home Decor,ST3,Melbourne Retail - Docklands,Docklands,VIC,3008,Pick up,45,90,0.11,0,3604.5,1174.5,FALSE
ORD00430,1,45416,45419,CUST000104,Bronze,POD10,Clear Phone Case,Electronics,Mobile Accessories,ST7,Melbourne Retail - Richmond,Richmond,VIC,3121,Pick up,20,180,0.14,0,3096,936,FALSE
ORD00430,2,45856,45857,CUST000103,Silver,POD39,Mesh Office Chair,Home & Living,Furniture,ST16,Melbourne Retail - South Yarra,South Yarra,VIC,3141,In Store,200,25,0.1,0,4500,1500,FALSE
ORD00430,3,45360,45360,CUST000213,Silver,POD2,Bluetooth Earbuds,Electronics,Audio Devices,ST9,Melbourne Retail - Camberwell,Camberwell,VIC,3124,Online,90,60,0.12,50,4802,1552,FALSE
ORD00430,4,45435,45435,CUST0006,Bronze,POD47,Reed Diffuser – Citrus,Home & Living,Fragrance,ST13,Melbourne Retail - Preston,Preston,VIC,3072,Online,30,100,0.09,50,2780,970,TRUE
ORD00431,1,45793,45793,CUST000219,Bronze,POD33,Cotton Bedsheet Set,Home & Living,Bedding,ST11,Melbourne Retail - Box Hill,Box Hill,VIC,3128,Online,95,60,0.05,50,5465,2035,FALSE
ORD00431,2,45883,45884,CUST000248,Silver,POD10,Clear Phone Case,Electronics,Mobile Accessories,ST10,Melbourne Retail - Glen Waverley,Glen Waverley,VIC,3150,Pick up,20,180,0.1,0,3240,1080,TRUE
ORD00431,3,45455,45456,CUST00097,Gold,POD61,Hydrating Shampoo,Beauty,Hair Care,ST3,Melbourne Retail - Docklands,Docklands,VIC,3008,Online,38,90,0.05,50,3299,1237,FALSE
ORD00431,4,45839,45843,CUST000125,Silver,POD12,Wi-Fi Range Extender,Electronics,Networking,ST4,Melbourne Retail - Carlton,Carlton,VIC,3053,Pick up,95,40,0.07,0,3534,1254,FALSE
ORD00432,1,45510,45510,CUST000257,Bronze,POD49,Face Moisturiser,Beauty,Skincare,ST17,Melbourne Retail - Footscray,Footscray,VIC,3011,Pick up,45,100,0.12,0,3960,1260,FALSE
ORD00432,2,45467,45470,CUST00033,Gold,POD40,LED Desk Lamp,Home & Living,Lighting,ST14,Melbourne Retail - Brunswick,Brunswick,VIC,3056,In Store,60,80,0.12,0,4224,1344,FALSE
ORD00432,3,45892,45897,CUST00084,Gold,POD24,White Sneakers,Apparel,Footwear,ST13,Melbourne Retail - Preston,Preston,VIC,3072,Pick up,100,55,0.14,0,4730,1430,FALSE
ORD00432,4,45384,45386,CUST000217,Silver,POD8,Lightning Cable,Electronics,Mobile Accessories,ST13,Melbourne Retail - Preston,Preston,VIC,3072,Online,25,150,0.12,50,3350,1090,FALSE
ORD00433,1,45313,45315,CUST000240,Gold,POD18,Slim Fit Jeans,Apparel,Bottoms,ST12,Melbourne Retail - Doncaster,Doncaster,VIC,3108,Online,70,80,0.07,50,5258,1888,FALSE
ORD00433,2,45682,45687,CUST00097,Platinum,POD63,Eau de Parfum,Beauty,Fragrance,ST7,Melbourne Retail - Richmond,Richmond,VIC,3121,In Store,95,50,0.06,0,4465,1615,FALSE
ORD00433,3,45478,45479,CUST00096,Platinum,POD32,Bamboo Cutting Board,Home & Living,Kitchen & Dining,ST14,Melbourne Retail - Brunswick,Brunswick,VIC,3056,Pick up,30,100,0.1,0,2700,900,FALSE
ORD00433,4,45469,45473,CUST00059,Silver,POD1,Wireless Headphones,Electronics,Audio Devices,ST4,Melbourne Retail - Carlton,Carlton,VIC,3053,Online,120,50,0.05,50,5750,2140,FALSE
ORD00434,1,45901,45906,CUST00079,Platinum,POD14,Wall Plug (2-Pack),Electronics,Smart Home,ST18,Melbourne Retail - Sunshine,Sunshine,VIC,3020,Online,22,200,0.1,50,4010,1360,FALSE
ORD00434,4,45809,45813,CUST000204,Gold,POD18,Slim Fit Jeans,Apparel,Bottoms,ST18,Melbourne Retail - Sunshine,Sunshine,VIC,3020,Online,70,80,0.05,50,5370,2000,FALSE
ORD00435,1,45974,45974,CUST000249,Silver,POD14,Wall Plug (2-Pack),Electronics,Smart Home,ST19,Melbourne Retail - Dandenong,Dandenong,VIC,3175,In Store,22,200,0.05,0,4180,1540,FALSE
ORD00435,2,45958,45959,CUST000152,Silver,POD39,Mesh Office Chair,Home & Living,Furniture,ST5,Melbourne Retail - Fitzroy,Fitzroy,VIC,3065,In Store,200,25,0.09,0,4550,1550,FALSE
ORD00435,3,45487,45489,CUST000158,Silver,POD16,Cotton Crew T-Shirt,Apparel,Tops,ST17,Melbourne Retail - Footscray,Footscray,VIC,3011,Online,28,140,0.08,50,3656.4,1294.4,FALSE
ORD00435,4,45591,45592,CUST000189,Gold,POD3,Bluetooth Speaker,Electronics,Audio Devices,ST9,Melbourne Retail - Camberwell,Camberwell,VIC,3124,Online,110,40,0.1,50,4010,1360,FALSE
ORD00436,1,45436,45441,CUST00033,Platinum,POD40,LED Desk Lamp,Home & Living,Lighting,ST5,Melbourne Retail - Fitzroy,Fitzroy,VIC,3065,Pick up,60,80,0.12,0,4224,1344,FALSE
ORD00436,2,45842,45845,CUST000200,Silver,POD59,Hydrating Conditioner,Beauty,Hair Care,ST20,Melbourne Retail - Frankston,Frankston,VIC,3199,Online,35,100,0.15,50,3025,915,FALSE
ORD00436,3,45652,45653,CUST000131,Silver,POD33,Cotton Bedsheet Set,Home & Living,Bedding,ST20,Melbourne Retail - Frankston,Frankston,VIC,3199,Online,95,60,0.05,50,5465,2035,FALSE
ORD00436,4,45292,45297,CUST00011,Gold,POD53,Eucalyptus Face Wash,Beauty,Skincare,ST5,Melbourne Retail - Fitzroy,Fitzroy,VIC,3065,Online,38,110,0.08,50,3895.6,1377.6,FALSE
ORD00437,1,45961,45961,CUST0002,Silver,POD4,4K Monitor,Electronics,Computer Accessories,ST13,Melbourne Retail - Preston,Preston,VIC,3072,Pick up,450,30,0.09,0,12285,4185,FALSE
ORD00437,2,45998,45998,CUST0002,Gold,POD45,Scented Candle – Vanilla,Home & Living,Fragrance,ST17,Melbourne Retail - Footscray,Footscray,VIC,3011,Online,25,150,0.05,50,3612.5,1352.5,FALSE
ORD00437,3,45341,45341,CUST00099,Platinum,POD54,Repair Serum,Beauty,Serums & Treatments,ST20,Melbourne Retail - Frankston,Frankston,VIC,3199,In Store,65,80,0.12,0,4576,1456,FALSE
ORD00437,4,45804,45807,CUST000166,Gold,POD62,Argan Oil,Beauty,Hair Care,ST2,Melbourne Retail - Southbank,Southbank,VIC,3006,Pick up,55,60,0.12,0,2904,924,FALSE
ORD00438,1,45885,45886,CUST00086,Platinum,POD1,Wireless Headphones,Electronics,Audio Devices,ST1,Melbourne Retail - Melbourne CBD,Melbourne CBD,VIC,3000,Online,120,50,0.07,50,5630,2020,FALSE
ORD00438,2,45960,45962,CUST000193,Platinum,POD24,White Sneakers,Apparel,Footwear,ST20,Melbourne Retail - Frankston,Frankston,VIC,3199,Pick up,100,55,0.1,0,4950,1650,FALSE
ORD00438,3,45308,45313,CUST000152,Gold,POD50,Moisturiser – SPF30,Beauty,Skincare,ST13,Melbourne Retail - Preston,Preston,VIC,3072,Pick up,48,100,0.09,0,4368,1488,FALSE
ORD00438,4,45540,45543,CUST000121,Gold,POD28,Socks (5-Pack),Apparel,Accessories,ST16,Melbourne Retail - South Yarra,South Yarra,VIC,3141,In Store,20,150,0.12,0,2640,840,FALSE
ORD00439,1,45674,45676,CUST00086,Platinum,POD4,4K Monitor,Electronics,Computer Accessories,ST18,Melbourne Retail - Sunshine,Sunshine,VIC,3020,Online,450,30,0.05,50,12875,4765,FALSE
ORD00439,2,45941,45942,CUST00061,Platinum,POD9,Screen Protector,Electronics,Mobile Accessories,ST15,Melbourne Retail - St Kilda,St Kilda,VIC,3182,Pick up,15,200,0.11,0,2670,870,FALSE
ORD00439,3,45772,45777,CUST00030,Bronze,POD16,Cotton Crew T-Shirt,Apparel,Tops,ST10,Melbourne Retail - Glen Waverley,Glen Waverley,VIC,3150,In Store,28,140,0.13,0,3410.4,1058.4,TRUE
ORD00439,4,45718,45723,CUST00078,Silver,POD22,Mid-Length Jacket,Apparel,Outerwear,ST18,Melbourne Retail - Sunshine,Sunshine,VIC,3020,Online,120,45,0.06,50,5126,1876,FALSE
ORD00440,1,45570,45573,CUST000186,Platinum,POD11,Wi-Fi Router,Electronics,Networking,ST7,Melbourne Retail - Richmond,Richmond,VIC,3121,In Store,160,25,0.12,0,3520,1120,FALSE
ORD00440,2,45458,45460,CUST0004,Bronze,POD3,Bluetooth Speaker,Electronics,Audio Devices,ST3,Melbourne Retail - Docklands,Docklands,VIC,3008,Online,110,40,0.06,50,4186,1536,FALSE
ORD00440,3,45837,45840,CUST000257,Gold,POD55,Vitamin C Serum,Beauty,Serums & Treatments,ST6,Melbourne Retail - Collingwood,Collingwood,VIC,3066,Online,70,75,0.14,50,4565,1405,FALSE
ORD00440,4,45692,45696,CUST000210,Platinum,POD27,Classic Cap,Apparel,Accessories,ST6,Melbourne Retail - Collingwood,Collingwood,VIC,3066,Online,25,120,0.12,50,2690,880,FALSE
ORD00441,1,45479,45481,CUST000136,Platinum,POD8,Lightning Cable,Electronics,Mobile Accessories,ST20,Melbourne Retail - Frankston,Frankston,VIC,3199,Pick up,25,150,0.06,0,3525,1275,FALSE
ORD00441,2,45988,45989,CUST000225,Platinum,POD30,Non-Stick Frypan 28cm,Home & Living,Kitchen & Dining,ST15,Melbourne Retail - St Kilda,St Kilda,VIC,3182,Online,55,80,0.13,50,3878,1228,FALSE
ORD00441,3,45564,45565,CUST000238,Platinum,POD19,Chino Pants,Apparel,Bottoms,ST10,Melbourne Retail - Glen Waverley,Glen Waverley,VIC,3150,Pick up,65,75,0.15,0,4143.75,1218.75,FALSE
ORD00441,4,45357,45360,CUST00083,Silver,POD40,LED Desk Lamp,Home & Living,Lighting,ST15,Melbourne Retail - St Kilda,St Kilda,VIC,3182,Pick up,60,80,0.15,0,4080,1200,FALSE
ORD00442,1,45402,45407,CUST000175,Bronze,POD41,Arc Floor Lamp,Home & Living,Lighting,ST12,Melbourne Retail - Doncaster,Doncaster,VIC,3108,Pick up,130,40,0.1,0,4680,1560,FALSE
ORD00442,2,45575,45578,CUST00073,Gold,POD43,Woven Storage Basket,Home & Living,Home Decor,ST15,Melbourne Retail - St Kilda,St Kilda,VIC,3182,In Store,35,100,0.1,0,3150,1050,FALSE
ORD00442,3,45376,45376,CUST000215,Bronze,POD64,Roll-On Deodorant,Beauty,Personal Care,ST18,Melbourne Retail - Sunshine,Sunshine,VIC,3020,Online,25,100,0.1,50,2300,790,FALSE
ORD00442,4,46010,46010,CUST000139,Silver,POD34,Cotton Throw Blanket,Home & Living,Bedding,ST8,Melbourne Retail - Hawthorn,Hawthorn,VIC,3122,In Store,60,70,0.15,0,3570,1050,FALSE
ORD00443,1,45818,45819,CUST000252,Silver,POD36,All-Seasons Duvet Quilt,Home & Living,Bedding,ST8,Melbourne Retail - Hawthorn,Hawthorn,VIC,3122,Pick up,120,50,0.09,0,5460,1860,FALSE
ORD00443,2,45954,45956,CUST00045,Bronze,POD46,Scented Candle – Lavender,Home & Living,Fragrance,ST19,Melbourne Retail - Dandenong,Dandenong,VIC,3175,Online,25,150,0.15,50,3237.5,977.5,FALSE
ORD00443,3,45432,45437,CUST0009,Gold,POD16,Cotton Crew T-Shirt,Apparel,Tops,ST8,Melbourne Retail - Hawthorn,Hawthorn,VIC,3122,Online,28,140,0.13,50,3460.4,1098.4,FALSE
ORD00443,4,46005,46008,CUST000240,Platinum,POD57,Shea Lotion,Beauty,Skincare,ST9,Melbourne Retail - Camberwell,Camberwell,VIC,3124,Pick up,40,100,0.11,0,3560,1160,FALSE
ORD00444,1,45932,45934,CUST00068,Bronze,POD62,Argan Oil,Beauty,Hair Care,ST17,Melbourne Retail - Footscray,Footscray,VIC,3011,Pick up,55,60,0.07,0,3069,1089,FALSE
ORD00444,2,45422,45425,CUST00017,Platinum,POD26,Brown Belt,Apparel,Accessories,ST6,Melbourne Retail - Collingwood,Collingwood,VIC,3066,Online,35,100,0.15,50,3025,915,FALSE
ORD00444,3,45719,45723,CUST00037,Bronze,POD27,Classic Cap,Apparel,Accessories,ST3,Melbourne Retail - Docklands,Docklands,VIC,3008,In Store,25,120,0.11,0,2670,870,FALSE
ORD00444,4,45807,45810,CUST00049,Platinum,POD24,White Sneakers,Apparel,Footwear,ST14,Melbourne Retail - Brunswick,Brunswick,VIC,3056,In Store,100,55,0.07,0,5115,1815,FALSE
ORD00445,1,45419,45419,CUST000244,Platinum,POD45,Scented Candle – Vanilla,Home & Living,Fragrance,ST4,Melbourne Retail - Carlton,Carlton,VIC,3053,Online,25,150,0.05,50,3612.5,1352.5,FALSE
ORD00445,3,45940,45941,CUST000125,Gold,POD63,Eau de Parfum,Beauty,Fragrance,ST15,Melbourne Retail - St Kilda,St Kilda,VIC,3182,Pick up,95,50,0.08,0,4370,1520,FALSE
ORD00445,4,45717,45717,CUST00085,Bronze,POD61,Hydrating Shampoo,Beauty,Hair Care,ST18,Melbourne Retail - Sunshine,Sunshine,VIC,3020,Online,38,90,0.1,50,3128,1066,FALSE
ORD00446,1,45458,45463,CUST0004,Platinum,POD9,Screen Protector,Electronics,Mobile Accessories,ST6,Melbourne Retail - Collingwood,Collingwood,VIC,3066,Pick up,15,200,0.11,0,2670,870,FALSE
ORD00446,2,45494,45498,CUST00091,Silver,POD48,Essential Oil – Eucalyptus,Home & Living,Fragrance,ST8,Melbourne Retail - Hawthorn,Hawthorn,VIC,3122,Online,35,80,0.09,50,2598,908,FALSE
ORD00446,3,45726,45729,CUST000192,Gold,POD34,Cotton Throw Blanket,Home & Living,Bedding,ST17,Melbourne Retail - Footscray,Footscray,VIC,3011,Online,60,70,0.12,50,3746,1216,FALSE
ORD00446,4,46009,46009,CUST000250,Bronze,POD44,Scented Candle,Home & Living,Fragrance,ST6,Melbourne Retail - Collingwood,Collingwood,VIC,3066,Pick up,25,150,0.14,0,3225,975,FALSE
ORD00447,1,45650,45653,CUST000213,Gold,POD61,Hydrating Shampoo,Beauty,Hair Care,ST10,Melbourne Retail - Glen Waverley,Glen Waverley,VIC,3150,Online,38,90,0.14,50,2991.2,929.2,FALSE
ORD00447,2,45682,45686,CUST000209,Gold,POD2,Bluetooth Earbuds,Electronics,Audio Devices,ST14,Melbourne Retail - Brunswick,Brunswick,VIC,3056,Online,90,60,0.06,50,5126,1876,FALSE
ORD00447,3,45679,45680,CUST00023,Silver,POD7,"Power Bank 10,000mAh",Electronics,Mobile Accessories,ST20,Melbourne Retail - Frankston,Frankston,VIC,3199,Pick up,60,80,0.1,0,4320,1440,TRUE
ORD00447,4,45504,45506,CUST000118,Platinum,POD26,Brown Belt,Apparel,Accessories,ST19,Melbourne Retail - Dandenong,Dandenong,VIC,3175,Online,35,100,0.06,50,3340,1230,FALSE
ORD00448,1,45774,45779,CUST000181,Silver,POD15,Cotton T-Shirt,Apparel,Tops,ST11,Melbourne Retail - Box Hill,Box Hill,VIC,3128,Pick up,25,150,0.12,0,3300,1050,FALSE
ORD00448,2,45647,45649,CUST000103,Silver,POD34,Cotton Throw Blanket,Home & Living,Bedding,ST16,Melbourne Retail - South Yarra,South Yarra,VIC,3141,Pick up,60,70,0.08,0,3864,1344,FALSE
ORD00448,3,45314,45314,CUST00081,Platinum,POD42,Minimal Wall Clock,Home & Living,Home Decor,ST3,Melbourne Retail - Docklands,Docklands,VIC,3008,Online,45,90,0.06,50,3857,1417,FALSE
ORD00448,4,45839,45841,CUST0001,Platinum,POD57,Shea Lotion,Beauty,Skincare,ST18,Melbourne Retail - Sunshine,Sunshine,VIC,3020,Pick up,40,100,0.09,0,3640,1240,FALSE
ORD00449,1,45837,45842,CUST00047,Bronze,POD54,Repair Serum,Beauty,Serums & Treatments,ST5,Melbourne Retail - Fitzroy,Fitzroy,VIC,3065,Online,65,80,0.06,50,4938,1808,FALSE
ORD00449,2,45963,45968,CUST000239,Platinum,POD31,Knife Set (5-Piece),Home & Living,Kitchen & Dining,ST17,Melbourne Retail - Footscray,Footscray,VIC,3011,Pick up,85,70,0.07,0,5533.5,1963.5,TRUE
ORD00449,3,45992,45995,CUST00019,Platinum,POD20,High-Waist Jeans,Apparel,Bottoms,ST14,Melbourne Retail - Brunswick,Brunswick,VIC,3056,Online,80,60,0.09,50,4418,1528,FALSE
ORD00449,4,45358,45358,CUST000120,Platinum,POD24,White Sneakers,Apparel,Footwear,ST8,Melbourne Retail - Hawthorn,Hawthorn,VIC,3122,Online,100,55,0.07,50,5165,1855,FALSE
ORD00450,1,45997,45997,CUST000146,Bronze,POD18,Slim Fit Jeans,Apparel,Bottoms,ST11,Melbourne Retail - Box Hill,Box Hill,VIC,3128,Online,70,80,0.15,50,4810,1440,FALSE
ORD00450,2,45313,45314,CUST00062,Bronze,POD50,Moisturiser – SPF30,Beauty,Skincare,ST3,Melbourne Retail - Docklands,Docklands,VIC,3008,Pick up,48,100,0.1,0,4320,1440,FALSE
ORD00450,3,45567,45570,CUST000238,Gold,POD63,Eau de Parfum,Beauty,Fragrance,ST14,Melbourne Retail - Brunswick,Brunswick,VIC,3056,Pick up,95,50,0.05,0,4512.5,1662.5,FALSE
ORD00450,4,45913,45918,CUST000258,Gold,POD47,Reed Diffuser – Citrus,Home & Living,Fragrance,ST17,Melbourne Retail - Footscray,Footscray,VIC,3011,In Store,30,100,0.14,0,2580,780,FALSE
ORD00451,1,45299,45301,CUST000232,Silver,POD9,Screen Protector,Electronics,Mobile Accessories,ST3,Melbourne Retail - Docklands,Docklands,VIC,3008,In Store,15,200,0.1,0,2700,900,FALSE
ORD00451,2,45637,45641,CUST0001,Gold,POD50,Moisturiser – SPF30,Beauty,Skincare,ST2,Melbourne Retail - Southbank,Southbank,VIC,3006,Pick up,48,100,0.14,0,4128,1248,FALSE
ORD00451,3,45539,45539,CUST000144,Bronze,POD14,Wall Plug (2-Pack),Electronics,Smart Home,ST9,Melbourne Retail - Camberwell,Camberwell,VIC,3124,In Store,22,200,0.14,0,3784,1144,FALSE
ORD00451,4,45532,45537,CUST000207,Silver,POD37,5-Tier Bookshelf,Home & Living,Furniture,ST4,Melbourne Retail - Carlton,Carlton,VIC,3053,Online,180,25,0.09,50,4145,1435,FALSE
ORD00452,1,45669,45672,CUST000259,Bronze,POD64,Roll-On Deodorant,Beauty,Personal Care,ST13,Melbourne Retail - Preston,Preston,VIC,3072,In Store,25,100,0.09,0,2275,775,TRUE
ORD00452,2,45334,45335,CUST00021,Bronze,POD37,5-Tier Bookshelf,Home & Living,Furniture,ST16,Melbourne Retail - South Yarra,South Yarra,VIC,3141,Online,180,25,0.11,50,4055,1345,FALSE
ORD00452,3,45659,45662,CUST000193,Platinum,POD35,Memory Foam Pillow,Home & Living,Bedding,ST6,Melbourne Retail - Collingwood,Collingwood,VIC,3066,Online,75,80,0.1,50,5450,1840,FALSE
ORD00452,4,45469,45469,CUST000110,Bronze,POD59,Hydrating Conditioner,Beauty,Hair Care,ST5,Melbourne Retail - Fitzroy,Fitzroy,VIC,3065,Online,35,100,0.1,50,3200,1090,FALSE
ORD00453,1,45878,45879,CUST00018,Silver,POD63,Eau de Parfum,Beauty,Fragrance,ST1,Melbourne Retail - Melbourne CBD,Melbourne CBD,VIC,3000,In Store,95,50,0.06,0,4465,1615,FALSE
ORD00453,2,45985,45987,CUST000157,Silver,POD13,LED Light Bulb,Electronics,Smart Home,ST4,Melbourne Retail - Carlton,Carlton,VIC,3053,In Store,18,300,0.08,0,4968,1728,FALSE
ORD00453,3,45331,45336,CUST000138,Bronze,POD46,Scented Candle – Lavender,Home & Living,Fragrance,ST11,Melbourne Retail - Box Hill,Box Hill,VIC,3128,Pick up,25,150,0.11,0,3337.5,1087.5,FALSE
ORD00453,4,45582,45584,CUST000254,Platinum,POD63,Eau de Parfum,Beauty,Fragrance,ST19,Melbourne Retail - Dandenong,Dandenong,VIC,3175,Pick up,95,50,0.1,0,4275,1425,FALSE
ORD00454,1,45718,45723,CUST000139,Silver,POD57,Shea Lotion,Beauty,Skincare,ST2,Melbourne Retail - Southbank,Southbank,VIC,3006,In Store,40,100,0.13,0,3480,1080,FALSE
ORD00454,2,45409,45410,CUST000237,Silver,POD12,Wi-Fi Range Extender,Electronics,Networking,ST12,Melbourne Retail - Doncaster,Doncaster,VIC,3108,In Store,95,40,0.06,0,3572,1292,FALSE
ORD00454,3,45837,45839,CUST000145,Bronze,POD48,Essential Oil – Eucalyptus,Home & Living,Fragrance,ST20,Melbourne Retail - Frankston,Frankston,VIC,3199,Pick up,35,80,0.14,0,2408,728,FALSE
ORD00454,4,45999,46001,CUST000101,Silver,POD35,Memory Foam Pillow,Home & Living,Bedding,ST7,Melbourne Retail - Richmond,Richmond,VIC,3121,Pick up,75,80,0.05,0,5700,2100,FALSE
ORD00455,1,45333,45337,CUST000225,Platinum,POD31,Knife Set (5-Piece),Home & Living,Kitchen & Dining,ST13,Melbourne Retail - Preston,Preston,VIC,3072,Online,85,70,0.13,50,5226.5,1646.5,FALSE
ORD00455,2,45794,45795,CUST00056,Bronze,POD49,Face Moisturiser,Beauty,Skincare,ST3,Melbourne Retail - Docklands,Docklands,VIC,3008,Online,45,100,0.1,50,4100,1390,FALSE
ORD00455,3,45715,45716,CUST000256,Platinum,POD28,Socks (5-Pack),Apparel,Accessories,ST7,Melbourne Retail - Richmond,Richmond,VIC,3121,Online,20,150,0.14,50,2630,820,FALSE
ORD00455,4,45766,45768,CUST000212,Platinum,POD5,Wireless Mouse,Electronics,Computer Accessories,ST12,Melbourne Retail - Doncaster,Doncaster,VIC,3108,In Store,45,100,0.12,0,3960,1260,FALSE
ORD00456,1,45554,45556,CUST000223,Gold,POD52,Face Cleanser,Beauty,Skincare,ST18,Melbourne Retail - Sunshine,Sunshine,VIC,3020,Pick up,35,120,0.11,0,3738,1218,FALSE
ORD00456,2,45972,45972,CUST00059,Gold,POD39,Mesh Office Chair,Home & Living,Furniture,ST6,Melbourne Retail - Collingwood,Collingwood,VIC,3066,In Store,200,25,0.14,0,4300,1300,FALSE
ORD00456,3,45595,45600,CUST000116,Bronze,POD16,Cotton Crew T-Shirt,Apparel,Tops,ST12,Melbourne Retail - Doncaster,Doncaster,VIC,3108,Pick up,28,140,0.09,0,3567.2,1215.2,FALSE
ORD00456,4,45625,45630,CUST00060,Bronze,POD48,Essential Oil – Eucalyptus,Home & Living,Fragrance,ST18,Melbourne Retail - Sunshine,Sunshine,VIC,3020,Online,35,80,0.06,50,2682,992,FALSE
ORD00457,1,45482,45484,CUST000223,Silver,POD59,Hydrating Conditioner,Beauty,Hair Care,ST11,Melbourne Retail - Box Hill,Box Hill,VIC,3128,Pick up,35,100,0.12,0,3080,980,FALSE
ORD00457,2,45552,45554,CUST0008,Gold,POD39,Mesh Office Chair,Home & Living,Furniture,ST8,Melbourne Retail - Hawthorn,Hawthorn,VIC,3122,In Store,200,25,0.1,0,4500,1500,FALSE
ORD00457,3,45819,45820,CUST000195,Silver,POD37,5-Tier Bookshelf,Home & Living,Furniture,ST3,Melbourne Retail - Docklands,Docklands,VIC,3008,In Store,180,25,0.06,0,4230,1530,FALSE
ORD00457,4,45603,45604,CUST00075,Gold,POD56,Face Mask,Beauty,Skincare,ST5,Melbourne Retail - Fitzroy,Fitzroy,VIC,3065,Online,25,130,0.09,50,3007.5,1047.5,FALSE
ORD00458,1,45622,45626,CUST00029,Gold,POD47,Reed Diffuser – Citrus,Home & Living,Fragrance,ST16,Melbourne Retail - South Yarra,South Yarra,VIC,3141,In Store,30,100,0.05,0,2850,1050,FALSE
ORD00458,2,45760,45760,CUST000155,Bronze,POD52,Face Cleanser,Beauty,Skincare,ST17,Melbourne Retail - Footscray,Footscray,VIC,3011,Pick up,35,120,0.05,0,3990,1470,FALSE
ORD00458,3,45525,45530,CUST00050,Platinum,POD51,Moisturiser – SPF31,Beauty,Skincare,ST17,Melbourne Retail - Footscray,Footscray,VIC,3011,Online,48,100,0.14,50,4178,1288,TRUE
ORD00458,4,45809,45810,CUST000224,Gold,POD48,Essential Oil – Eucalyptus,Home & Living,Fragrance,ST20,Melbourne Retail - Frankston,Frankston,VIC,3199,Online,35,80,0.06,50,2682,992,FALSE
ORD00459,1,45945,45948,CUST000226,Silver,POD38,Oak Side Table,Home & Living,Furniture,ST5,Melbourne Retail - Fitzroy,Fitzroy,VIC,3065,Online,150,30,0.09,50,4145,1435,TRUE
ORD00459,2,45927,45932,CUST000252,Bronze,POD54,Repair Serum,Beauty,Serums & Treatments,ST10,Melbourne Retail - Glen Waverley,Glen Waverley,VIC,3150,Pick up,65,80,0.11,0,4628,1508,FALSE
ORD00459,3,45345,45345,CUST000189,Gold,POD12,Wi-Fi Range Extender,Electronics,Networking,ST5,Melbourne Retail - Fitzroy,Fitzroy,VIC,3065,Pick up,95,40,0.14,0,3268,988,FALSE
ORD00459,4,45605,45610,CUST00025,Platinum,POD48,Essential Oil – Eucalyptus,Home & Living,Fragrance,ST5,Melbourne Retail - Fitzroy,Fitzroy,VIC,3065,Pick up,35,80,0.1,0,2520,840,FALSE
ORD00460,1,45391,45395,CUST000235,Gold,POD31,Knife Set (5-Piece),Home & Living,Kitchen & Dining,ST12,Melbourne Retail - Doncaster,Doncaster,VIC,3108,Online,85,70,0.09,50,5464.5,1884.5,FALSE
ORD00460,2,45983,45987,CUST00035,Silver,POD37,5-Tier Bookshelf,Home & Living,Furniture,ST14,Melbourne Retail - Brunswick,Brunswick,VIC,3056,In Store,180,25,0.08,0,4140,1440,FALSE
ORD00460,3,45683,45686,CUST000131,Bronze,POD47,Reed Diffuser – Citrus,Home & Living,Fragrance,ST1,Melbourne Retail - Melbourne CBD,Melbourne CBD,VIC,3000,In Store,30,100,0.15,0,2550,750,FALSE
ORD00460,4,45955,45958,CUST00056,Platinum,POD53,Eucalyptus Face Wash,Beauty,Skincare,ST3,Melbourne Retail - Docklands,Docklands,VIC,3008,Online,38,110,0.05,50,4021,1503,FALSE
ORD00461,1,45414,45417,CUST0008,Platinum,POD25,Women’s Shoes,Apparel,Footwear,ST8,Melbourne Retail - Hawthorn,Hawthorn,VIC,3122,Online,110,50,0.12,50,4890,1580,FALSE
ORD00461,2,45694,45698,CUST000236,Silver,POD53,Eucalyptus Face Wash,Beauty,Skincare,ST6,Melbourne Retail - Collingwood,Collingwood,VIC,3066,Pick up,38,110,0.08,0,3845.6,1337.6,TRUE
ORD00461,4,45747,45747,CUST000147,Platinum,POD23,Wool Blend Coat,Apparel,Outerwear,ST18,Melbourne Retail - Sunshine,Sunshine,VIC,3020,Pick up,180,30,0.15,0,4590,1350,FALSE
ORD00462,1,46015,46018,CUST000167,Gold,POD1,Wireless Headphones,Electronics,Audio Devices,ST11,Melbourne Retail - Box Hill,Box Hill,VIC,3128,Online,120,50,0.14,50,5210,1600,FALSE
ORD00462,2,45500,45500,CUST000208,Silver,POD33,Cotton Bedsheet Set,Home & Living,Bedding,ST14,Melbourne Retail - Brunswick,Brunswick,VIC,3056,Online,95,60,0.1,50,5180,1750,FALSE
ORD00462,3,45312,45314,CUST00022,Bronze,POD7,"Power Bank 10,000mAh",Electronics,Mobile Accessories,ST2,Melbourne Retail - Southbank,Southbank,VIC,3006,In Store,60,80,0.14,0,4128,1248,FALSE
ORD00462,4,45436,45439,CUST000195,Platinum,POD13,LED Light Bulb,Electronics,Smart Home,ST4,Melbourne Retail - Carlton,Carlton,VIC,3053,Online,18,300,0.12,50,4802,1552,FALSE
ORD00463,1,45985,45987,CUST000141,Platinum,POD58,Rose Cream,Beauty,Skincare,ST1,Melbourne Retail - Melbourne CBD,Melbourne CBD,VIC,3000,Online,42,90,0.05,50,3641,1363,FALSE
ORD00463,2,45852,45852,CUST000167,Silver,POD36,All-Seasons Duvet Quilt,Home & Living,Bedding,ST14,Melbourne Retail - Brunswick,Brunswick,VIC,3056,Online,120,50,0.11,50,5390,1780,FALSE
ORD00463,3,45539,45543,CUST00035,Platinum,POD11,Wi-Fi Router,Electronics,Networking,ST1,Melbourne Retail - Melbourne CBD,Melbourne CBD,VIC,3000,Online,160,25,0.1,50,3650,1240,TRUE
ORD00463,4,45599,45603,CUST000200,Bronze,POD65,Electric Toothbrush,Beauty,Personal Care,ST16,Melbourne Retail - South Yarra,South Yarra,VIC,3141,Online,80,70,0.1,50,5090,1720,FALSE
ORD00464,1,45361,45364,CUST000185,Platinum,POD2,Bluetooth Earbuds,Electronics,Audio Devices,ST20,Melbourne Retail - Frankston,Frankston,VIC,3199,Pick up,90,60,0.05,0,5130,1890,FALSE
ORD00464,2,45711,45711,CUST000199,Platinum,POD28,Socks (5-Pack),Apparel,Accessories,ST15,Melbourne Retail - St Kilda,St Kilda,VIC,3182,Online,20,150,0.15,50,2600,790,FALSE
ORD00464,3,45378,45379,CUST000115,Gold,POD5,Wireless Mouse,Electronics,Computer Accessories,ST2,Melbourne Retail - Southbank,Southbank,VIC,3006,Pick up,45,100,0.06,0,4230,1530,FALSE
ORD00464,4,45315,45319,CUST000252,Silver,POD48,Essential Oil – Eucalyptus,Home & Living,Fragrance,ST17,Melbourne Retail - Footscray,Footscray,VIC,3011,In Store,35,80,0.15,0,2380,700,FALSE
ORD00465,2,45470,45475,CUST000237,Bronze,POD53,Eucalyptus Face Wash,Beauty,Skincare,ST18,Melbourne Retail - Sunshine,Sunshine,VIC,3020,Pick up,38,110,0.15,0,3553,1045,FALSE
ORD00465,3,46022,46023,CUST000154,Silver,POD53,Eucalyptus Face Wash,Beauty,Skincare,ST4,Melbourne Retail - Carlton,Carlton,VIC,3053,Online,38,110,0.11,50,3770.2,1252.2,FALSE
ORD00465,4,45857,45861,CUST000168,Gold,POD35,Memory Foam Pillow,Home & Living,Bedding,ST20,Melbourne Retail - Frankston,Frankston,VIC,3199,Online,75,80,0.09,50,5510,1900,FALSE
ORD00466,1,45517,45522,CUST000146,Gold,POD6,USB-C Charger,Electronics,Mobile Accessories,ST16,Melbourne Retail - South Yarra,South Yarra,VIC,3141,In Store,35,120,0.14,0,3612,1092,FALSE
ORD00466,2,45319,45321,CUST00092,Gold,POD23,Wool Blend Coat,Apparel,Outerwear,ST11,Melbourne Retail - Box Hill,Box Hill,VIC,3128,Pick up,180,30,0.09,0,4914,1674,FALSE
ORD00466,3,45853,45858,CUST000189,Gold,POD47,Reed Diffuser – Citrus,Home & Living,Fragrance,ST10,Melbourne Retail - Glen Waverley,Glen Waverley,VIC,3150,Online,30,100,0.06,50,2870,1060,FALSE
ORD00466,4,45508,45512,CUST000174,Bronze,POD11,Wi-Fi Router,Electronics,Networking,ST7,Melbourne Retail - Richmond,Richmond,VIC,3121,In Store,160,25,0.13,0,3480,1080,FALSE
ORD00467,1,45484,45489,CUST000144,Bronze,POD35,Memory Foam Pillow,Home & Living,Bedding,ST5,Melbourne Retail - Fitzroy,Fitzroy,VIC,3065,In Store,75,80,0.12,0,5280,1680,FALSE
ORD00467,3,45742,45745,CUST00060,Platinum,POD65,Electric Toothbrush,Beauty,Personal Care,ST14,Melbourne Retail - Brunswick,Brunswick,VIC,3056,In Store,80,70,0.12,0,4928,1568,FALSE
ORD00467,4,45303,45308,CUST00043,Gold,POD43,Woven Storage Basket,Home & Living,Home Decor,ST10,Melbourne Retail - Glen Waverley,Glen Waverley,VIC,3150,Pick up,35,100,0.14,0,3010,910,FALSE
ORD00468,1,45474,45477,CUST000239,Bronze,POD31,Knife Set (5-Piece),Home & Living,Kitchen & Dining,ST1,Melbourne Retail - Melbourne CBD,Melbourne CBD,VIC,3000,Pick up,85,70,0.15,0,5057.5,1487.5,FALSE
ORD00468,2,45641,45641,CUST0005,Platinum,POD54,Repair Serum,Beauty,Serums & Treatments,ST19,Melbourne Retail - Dandenong,Dandenong,VIC,3175,Online,65,80,0.09,50,4782,1652,FALSE
ORD00468,3,45688,45691,CUST00072,Silver,POD63,Eau de Parfum,Beauty,Fragrance,ST13,Melbourne Retail - Preston,Preston,VIC,3072,Online,95,50,0.15,50,4087.5,1227.5,FALSE
ORD00468,4,45424,45426,CUST000161,Bronze,POD20,High-Waist Jeans,Apparel,Bottoms,ST3,Melbourne Retail - Docklands,Docklands,VIC,3008,Pick up,80,60,0.13,0,4176,1296,FALSE
ORD00469,1,45636,45636,CUST00060,Silver,POD26,Brown Belt,Apparel,Accessories,ST18,Melbourne Retail - Sunshine,Sunshine,VIC,3020,Online,35,100,0.11,50,3165,1055,FALSE
ORD00469,2,45348,45351,CUST00043,Gold,POD12,Wi-Fi Range Extender,Electronics,Networking,ST20,Melbourne Retail - Frankston,Frankston,VIC,3199,In Store,95,40,0.12,0,3344,1064,FALSE
ORD00469,3,45994,45995,CUST000222,Gold,POD23,Wool Blend Coat,Apparel,Outerwear,ST18,Melbourne Retail - Sunshine,Sunshine,VIC,3020,Online,180,30,0.12,50,4802,1552,FALSE
ORD00469,4,45824,45825,CUST00080,Silver,POD66,Razor – 5 Blade,Beauty,Personal Care,ST17,Melbourne Retail - Footscray,Footscray,VIC,3011,Pick up,35,90,0.11,0,2803.5,913.5,FALSE
ORD00470,1,45695,45698,CUST00086,Gold,POD12,Wi-Fi Range Extender,Electronics,Networking,ST3,Melbourne Retail - Docklands,Docklands,VIC,3008,In Store,95,40,0.12,0,3344,1064,FALSE
ORD00470,2,45791,45794,CUST000122,Bronze,POD17,Fleece Hoodie,Apparel,Tops,ST13,Melbourne Retail - Preston,Preston,VIC,3072,Online,60,90,0.13,50,4748,1498,FALSE
ORD00470,3,45745,45745,CUST000166,Silver,POD53,Eucalyptus Face Wash,Beauty,Skincare,ST4,Melbourne Retail - Carlton,Carlton,VIC,3053,In Store,38,110,0.05,0,3971,1463,FALSE
ORD00470,4,45404,45408,CUST000165,Platinum,POD65,Electric Toothbrush,Beauty,Personal Care,ST19,Melbourne Retail - Dandenong,Dandenong,VIC,3175,Online,80,70,0.1,50,5090,1720,FALSE
ORD00471,1,46019,46019,CUST000172,Gold,POD62,Argan Oil,Beauty,Hair Care,ST16,Melbourne Retail - South Yarra,South Yarra,VIC,3141,In Store,55,60,0.1,0,2970,990,FALSE
ORD00471,2,45317,45317,CUST000245,Bronze,POD37,5-Tier Bookshelf,Home & Living,Furniture,ST18,Melbourne Retail - Sunshine,Sunshine,VIC,3020,In Store,180,25,0.09,0,4095,1395,FALSE
ORD00471,3,45931,45931,CUST00042,Platinum,POD16,Cotton Crew T-Shirt,Apparel,Tops,ST4,Melbourne Retail - Carlton,Carlton,VIC,3053,In Store,28,140,0.07,0,3645.6,1293.6,FALSE
ORD00471,4,46011,46011,CUST000130,Bronze,POD13,LED Light Bulb,Electronics,Smart Home,ST19,Melbourne Retail - Dandenong,Dandenong,VIC,3175,In Store,18,300,0.05,0,5130,1890,FALSE
ORD00472,1,45333,45337,CUST00059,Gold,POD19,Chino Pants,Apparel,Bottoms,ST14,Melbourne Retail - Brunswick,Brunswick,VIC,3056,Pick up,65,75,0.11,0,4338.75,1413.75,FALSE
ORD00472,2,45354,45355,CUST000238,Bronze,POD37,5-Tier Bookshelf,Home & Living,Furniture,ST10,Melbourne Retail - Glen Waverley,Glen Waverley,VIC,3150,Pick up,180,25,0.09,0,4095,1395,FALSE
ORD00472,3,45382,45383,CUST000106,Bronze,POD51,Moisturiser – SPF31,Beauty,Skincare,ST1,Melbourne Retail - Melbourne CBD,Melbourne CBD,VIC,3000,In Store,48,100,0.07,0,4464,1584,FALSE
ORD00472,4,45603,45605,CUST00015,Bronze,POD10,Clear Phone Case,Electronics,Mobile Accessories,ST8,Melbourne Retail - Hawthorn,Hawthorn,VIC,3122,Pick up,20,180,0.13,0,3132,972,FALSE
ORD00473,1,45402,45406,CUST000156,Bronze,POD51,Moisturiser – SPF31,Beauty,Skincare,ST3,Melbourne Retail - Docklands,Docklands,VIC,3008,Pick up,48,100,0.14,0,4128,1248,TRUE
ORD00473,2,45880,45880,CUST000214,Bronze,POD5,Wireless Mouse,Electronics,Computer Accessories,ST9,Melbourne Retail - Camberwell,Camberwell,VIC,3124,In Store,45,100,0.06,0,4230,1530,FALSE
ORD00473,3,45712,45713,CUST000215,Bronze,POD25,Women’s Shoes,Apparel,Footwear,ST2,Melbourne Retail - Southbank,Southbank,VIC,3006,Online,110,50,0.1,50,5000,1690,FALSE
ORD00473,4,45304,45309,CUST000236,Silver,POD50,Moisturiser – SPF30,Beauty,Skincare,ST11,Melbourne Retail - Box Hill,Box Hill,VIC,3128,In Store,48,100,0.06,0,4512,1632,FALSE
ORD00474,1,45637,45642,CUST00019,Bronze,POD24,White Sneakers,Apparel,Footwear,ST3,Melbourne Retail - Docklands,Docklands,VIC,3008,In Store,100,55,0.08,0,5060,1760,FALSE
ORD00474,2,45677,45681,CUST000256,Gold,POD32,Bamboo Cutting Board,Home & Living,Kitchen & Dining,ST13,Melbourne Retail - Preston,Preston,VIC,3072,Pick up,30,100,0.14,0,2580,780,FALSE
ORD00474,3,45875,45878,CUST00018,Platinum,POD50,Moisturiser – SPF30,Beauty,Skincare,ST6,Melbourne Retail - Collingwood,Collingwood,VIC,3066,Online,48,100,0.12,50,4274,1384,FALSE
ORD00474,4,45375,45379,CUST0004,Platinum,POD19,Chino Pants,Apparel,Bottoms,ST8,Melbourne Retail - Hawthorn,Hawthorn,VIC,3122,Online,65,75,0.12,50,4340,1405,FALSE
ORD00475,1,45446,45447,CUST00063,Gold,POD42,Minimal Wall Clock,Home & Living,Home Decor,ST20,Melbourne Retail - Frankston,Frankston,VIC,3199,In Store,45,90,0.1,0,3645,1215,FALSE
ORD00475,2,45424,45425,CUST00073,Bronze,POD24,White Sneakers,Apparel,Footwear,ST18,Melbourne Retail - Sunshine,Sunshine,VIC,3020,Online,100,55,0.06,50,5220,1910,FALSE
ORD00475,3,45979,45979,CUST000245,Bronze,POD50,Moisturiser – SPF30,Beauty,Skincare,ST5,Melbourne Retail - Fitzroy,Fitzroy,VIC,3065,Pick up,48,100,0.15,0,4080,1200,FALSE
ORD00475,4,45800,45800,CUST000105,Gold,POD6,USB-C Charger,Electronics,Mobile Accessories,ST17,Melbourne Retail - Footscray,Footscray,VIC,3011,Online,35,120,0.13,50,3704,1174,FALSE
ORD00476,1,45919,45921,CUST000111,Bronze,POD9,Screen Protector,Electronics,Mobile Accessories,ST20,Melbourne Retail - Frankston,Frankston,VIC,3199,Online,15,200,0.15,50,2600,790,FALSE
ORD00476,2,45694,45698,CUST00060,Platinum,POD10,Clear Phone Case,Electronics,Mobile Accessories,ST16,Melbourne Retail - South Yarra,South Yarra,VIC,3141,Pick up,20,180,0.09,0,3276,1116,FALSE
ORD00476,3,45859,45863,CUST000158,Silver,POD23,Wool Blend Coat,Apparel,Outerwear,ST16,Melbourne Retail - South Yarra,South Yarra,VIC,3141,Pick up,180,30,0.06,0,5076,1836,FALSE
ORD00476,4,45425,45427,CUST00022,Gold,POD8,Lightning Cable,Electronics,Mobile Accessories,ST15,Melbourne Retail - St Kilda,St Kilda,VIC,3182,In Store,25,150,0.08,0,3450,1200,FALSE
ORD00477,1,45619,45620,CUST000137,Platinum,POD11,Wi-Fi Router,Electronics,Networking,ST8,Melbourne Retail - Hawthorn,Hawthorn,VIC,3122,Online,160,25,0.14,50,3490,1080,FALSE
ORD00477,2,45481,45485,CUST00010,Gold,POD41,Arc Floor Lamp,Home & Living,Lighting,ST1,Melbourne Retail - Melbourne CBD,Melbourne CBD,VIC,3000,Online,130,40,0.11,50,4678,1548,FALSE
ORD00477,3,45671,45671,CUST000114,Platinum,POD19,Chino Pants,Apparel,Bottoms,ST14,Melbourne Retail - Brunswick,Brunswick,VIC,3056,Online,65,75,0.12,50,4340,1405,FALSE
ORD00477,4,45305,45310,CUST000119,Platinum,POD3,Bluetooth Speaker,Electronics,Audio Devices,ST6,Melbourne Retail - Collingwood,Collingwood,VIC,3066,Pick up,110,40,0.05,0,4180,1540,FALSE
ORD00478,1,45511,45512,CUST000164,Silver,POD59,Hydrating Conditioner,Beauty,Hair Care,ST16,Melbourne Retail - South Yarra,South Yarra,VIC,3141,Online,35,100,0.14,50,3060,950,FALSE
ORD00478,2,45973,45976,CUST000263,Platinum,POD53,Eucalyptus Face Wash,Beauty,Skincare,ST11,Melbourne Retail - Box Hill,Box Hill,VIC,3128,Pick up,38,110,0.09,0,3803.8,1295.8,FALSE
ORD00478,3,45879,45881,CUST000230,Gold,POD63,Eau de Parfum,Beauty,Fragrance,ST20,Melbourne Retail - Frankston,Frankston,VIC,3199,Pick up,95,50,0.15,0,4037.5,1187.5,FALSE
ORD00478,4,45556,45560,CUST00032,Silver,POD11,Wi-Fi Router,Electronics,Networking,ST15,Melbourne Retail - St Kilda,St Kilda,VIC,3182,In Store,160,25,0.07,0,3720,1320,FALSE
ORD00479,1,45742,45742,CUST000212,Gold,POD3,Bluetooth Speaker,Electronics,Audio Devices,ST14,Melbourne Retail - Brunswick,Brunswick,VIC,3056,Pick up,110,40,0.06,0,4136,1496,FALSE
ORD00479,2,45962,45963,CUST000203,Bronze,POD16,Cotton Crew T-Shirt,Apparel,Tops,ST20,Melbourne Retail - Frankston,Frankston,VIC,3199,Online,28,140,0.11,50,3538.8,1176.8,FALSE
ORD00479,3,45896,45897,CUST000196,Silver,POD65,Electric Toothbrush,Beauty,Personal Care,ST3,Melbourne Retail - Docklands,Docklands,VIC,3008,In Store,80,70,0.05,0,5320,1960,FALSE
ORD00479,4,45990,45993,CUST000211,Silver,POD40,LED Desk Lamp,Home & Living,Lighting,ST18,Melbourne Retail - Sunshine,Sunshine,VIC,3020,Pick up,60,80,0.06,0,4512,1632,FALSE
ORD00480,1,45464,45465,CUST000184,Bronze,POD10,Clear Phone Case,Electronics,Mobile Accessories,ST5,Melbourne Retail - Fitzroy,Fitzroy,VIC,3065,Pick up,20,180,0.09,0,3276,1116,FALSE
ORD00480,2,45407,45408,CUST000225,Silver,POD65,Electric Toothbrush,Beauty,Personal Care,ST8,Melbourne Retail - Hawthorn,Hawthorn,VIC,3122,Online,80,70,0.12,50,4978,1608,FALSE
ORD00480,3,45504,45505,CUST000218,Gold,POD13,LED Light Bulb,Electronics,Smart Home,ST9,Melbourne Retail - Camberwell,Camberwell,VIC,3124,In Store,18,300,0.05,0,5130,1890,FALSE
ORD00480,4,45624,45628,CUST00030,Gold,POD66,Razor – 5 Blade,Beauty,Personal Care,ST18,Melbourne Retail - Sunshine,Sunshine,VIC,3020,In Store,35,90,0.07,0,2929.5,1039.5,FALSE
ORD00481,1,45561,45566,CUST00067,Silver,POD34,Cotton Throw Blanket,Home & Living,Bedding,ST19,Melbourne Retail - Dandenong,Dandenong,VIC,3175,Online,60,70,0.05,50,4040,1510,FALSE
ORD00481,2,45441,45445,CUST000214,Gold,POD40,LED Desk Lamp,Home & Living,Lighting,ST14,Melbourne Retail - Brunswick,Brunswick,VIC,3056,Online,60,80,0.09,50,4418,1528,FALSE
ORD00481,3,45904,45907,CUST000183,Bronze,POD45,Scented Candle – Vanilla,Home & Living,Fragrance,ST13,Melbourne Retail - Preston,Preston,VIC,3072,Pick up,25,150,0.13,0,3262.5,1012.5,FALSE
ORD00481,4,45523,45528,CUST000186,Platinum,POD22,Mid-Length Jacket,Apparel,Outerwear,ST20,Melbourne Retail - Frankston,Frankston,VIC,3199,In Store,120,45,0.1,0,4860,1620,FALSE
ORD00482,1,45437,45439,CUST00072,Bronze,POD35,Memory Foam Pillow,Home & Living,Bedding,ST8,Melbourne Retail - Hawthorn,Hawthorn,VIC,3122,In Store,75,80,0.07,0,5580,1980,FALSE
ORD00482,2,45763,45767,CUST00088,Gold,POD65,Electric Toothbrush,Beauty,Personal Care,ST5,Melbourne Retail - Fitzroy,Fitzroy,VIC,3065,Pick up,80,70,0.1,0,5040,1680,FALSE
ORD00482,3,45648,45651,CUST0005,Bronze,POD39,Mesh Office Chair,Home & Living,Furniture,ST18,Melbourne Retail - Sunshine,Sunshine,VIC,3020,Pick up,200,25,0.1,0,4500,1500,FALSE
ORD00482,4,45643,45648,CUST000237,Gold,POD51,Moisturiser – SPF31,Beauty,Skincare,ST2,Melbourne Retail - Southbank,Southbank,VIC,3006,Online,48,100,0.05,50,4610,1720,FALSE
ORD00483,1,45753,45753,CUST000160,Bronze,POD37,5-Tier Bookshelf,Home & Living,Furniture,ST18,Melbourne Retail - Sunshine,Sunshine,VIC,3020,In Store,180,25,0.05,0,4275,1575,FALSE
ORD00483,2,45337,45342,CUST0004,Gold,POD8,Lightning Cable,Electronics,Mobile Accessories,ST3,Melbourne Retail - Docklands,Docklands,VIC,3008,Online,25,150,0.1,50,3425,1165,FALSE
ORD00483,3,45937,45939,CUST000226,Bronze,POD55,Vitamin C Serum,Beauty,Serums & Treatments,ST2,Melbourne Retail - Southbank,Southbank,VIC,3006,Online,70,75,0.15,50,4512.5,1352.5,FALSE
ORD00483,4,45577,45580,CUST000250,Gold,POD7,"Power Bank 10,000mAh",Electronics,Mobile Accessories,ST9,Melbourne Retail - Camberwell,Camberwell,VIC,3124,Online,60,80,0.08,50,4466,1576,FALSE
ORD00484,1,45372,45372,CUST000169,Bronze,POD13,LED Light Bulb,Electronics,Smart Home,ST16,Melbourne Retail - South Yarra,South Yarra,VIC,3141,In Store,18,300,0.08,0,4968,1728,FALSE
ORD00484,2,45959,45963,CUST00083,Platinum,POD49,Face Moisturiser,Beauty,Skincare,ST6,Melbourne Retail - Collingwood,Collingwood,VIC,3066,In Store,45,100,0.12,0,3960,1260,FALSE
ORD00484,3,45775,45778,CUST000157,Silver,POD3,Bluetooth Speaker,Electronics,Audio Devices,ST16,Melbourne Retail - South Yarra,South Yarra,VIC,3141,Pick up,110,40,0.11,0,3916,1276,FALSE
ORD00484,4,45315,45319,CUST000226,Gold,POD64,Roll-On Deodorant,Beauty,Personal Care,ST8,Melbourne Retail - Hawthorn,Hawthorn,VIC,3122,Online,25,100,0.06,50,2400,890,FALSE
ORD00485,1,45294,45295,CUST000259,Bronze,POD56,Face Mask,Beauty,Skincare,ST13,Melbourne Retail - Preston,Preston,VIC,3072,Pick up,25,130,0.13,0,2827.5,877.5,FALSE
ORD00485,2,45881,45882,CUST00064,Gold,POD66,Razor – 5 Blade,Beauty,Personal Care,ST17,Melbourne Retail - Footscray,Footscray,VIC,3011,Online,35,90,0.09,50,2916.5,1016.5,FALSE
ORD00485,3,45918,45923,CUST00085,Bronze,POD16,Cotton Crew T-Shirt,Apparel,Tops,ST7,Melbourne Retail - Richmond,Richmond,VIC,3121,Pick up,28,140,0.1,0,3528,1176,FALSE
ORD00485,4,45741,45745,CUST00028,Bronze,POD1,Wireless Headphones,Electronics,Audio Devices,ST19,Melbourne Retail - Dandenong,Dandenong,VIC,3175,Online,120,50,0.06,50,5690,2080,FALSE
ORD00486,1,45700,45703,CUST00037,Gold,POD21,Midi Dress,Apparel,Dresses,ST5,Melbourne Retail - Fitzroy,Fitzroy,VIC,3065,Online,95,50,0.07,50,4467.5,1607.5,FALSE
ORD00486,2,45621,45622,CUST00092,Gold,POD22,Mid-Length Jacket,Apparel,Outerwear,ST13,Melbourne Retail - Preston,Preston,VIC,3072,Online,120,45,0.07,50,5072,1822,FALSE
ORD00486,3,45951,45951,CUST000196,Bronze,POD19,Chino Pants,Apparel,Bottoms,ST1,Melbourne Retail - Melbourne CBD,Melbourne CBD,VIC,3000,In Store,65,75,0.09,0,4436.25,1511.25,FALSE
ORD00486,4,45462,45466,CUST00010,Bronze,POD61,Hydrating Shampoo,Beauty,Hair Care,ST4,Melbourne Retail - Carlton,Carlton,VIC,3053,Online,38,90,0.05,50,3299,1237,FALSE
ORD00487,1,45474,45477,CUST00096,Gold,POD62,Argan Oil,Beauty,Hair Care,ST11,Melbourne Retail - Box Hill,Box Hill,VIC,3128,Pick up,55,60,0.08,0,3036,1056,FALSE
ORD00487,2,45866,45868,CUST00010,Silver,POD2,Bluetooth Earbuds,Electronics,Audio Devices,ST9,Melbourne Retail - Camberwell,Camberwell,VIC,3124,Pick up,90,60,0.12,0,4752,1512,FALSE
ORD00487,3,45772,45772,CUST00059,Gold,POD16,Cotton Crew T-Shirt,Apparel,Tops,ST17,Melbourne Retail - Footscray,Footscray,VIC,3011,Pick up,28,140,0.1,0,3528,1176,FALSE
ORD00487,4,45925,45930,CUST00043,Platinum,POD22,Mid-Length Jacket,Apparel,Outerwear,ST8,Melbourne Retail - Hawthorn,Hawthorn,VIC,3122,Pick up,120,45,0.1,0,4860,1620,FALSE
ORD00488,1,45865,45866,CUST000157,Gold,POD13,LED Light Bulb,Electronics,Smart Home,ST10,Melbourne Retail - Glen Waverley,Glen Waverley,VIC,3150,Pick up,18,300,0.09,0,4914,1674,FALSE
ORD00488,2,45873,45878,CUST000181,Platinum,POD36,All-Seasons Duvet Quilt,Home & Living,Bedding,ST7,Melbourne Retail - Richmond,Richmond,VIC,3121,Pick up,120,50,0.15,0,5100,1500,FALSE
ORD00488,3,45858,45860,CUST00045,Gold,POD43,Woven Storage Basket,Home & Living,Home Decor,ST3,Melbourne Retail - Docklands,Docklands,VIC,3008,In Store,35,100,0.12,0,3080,980,FALSE
ORD00488,4,45599,45599,CUST000157,Silver,POD59,Hydrating Conditioner,Beauty,Hair Care,ST7,Melbourne Retail - Richmond,Richmond,VIC,3121,Pick up,35,100,0.14,0,3010,910,FALSE
ORD00489,1,45311,45311,CUST00072,Silver,POD31,Knife Set (5-Piece),Home & Living,Kitchen & Dining,ST1,Melbourne Retail - Melbourne CBD,Melbourne CBD,VIC,3000,Online,85,70,0.09,50,5464.5,1884.5,FALSE
ORD00489,2,45712,45715,CUST000227,Gold,POD51,Moisturiser – SPF31,Beauty,Skincare,ST7,Melbourne Retail - Richmond,Richmond,VIC,3121,Pick up,48,100,0.06,0,4512,1632,FALSE
ORD00489,3,45845,45850,CUST00043,Gold,POD66,Razor – 5 Blade,Beauty,Personal Care,ST13,Melbourne Retail - Preston,Preston,VIC,3072,In Store,35,90,0.06,0,2961,1071,FALSE
ORD00489,4,45500,45504,CUST00078,Silver,POD60,Volumising Shampoo,Beauty,Hair Care,ST9,Melbourne Retail - Camberwell,Camberwell,VIC,3124,Online,38,90,0.15,50,2957,895,FALSE
ORD00490,1,45882,45884,CUST000126,Platinum,POD3,Bluetooth Speaker,Electronics,Audio Devices,ST17,Melbourne Retail - Footscray,Footscray,VIC,3011,In Store,110,40,0.05,0,4180,1540,FALSE
ORD00490,2,45489,45491,CUST00076,Bronze,POD19,Chino Pants,Apparel,Bottoms,ST16,Melbourne Retail - South Yarra,South Yarra,VIC,3141,In Store,65,75,0.09,0,4436.25,1511.25,FALSE
ORD00491,1,45921,45925,CUST000117,Gold,POD58,Rose Cream,Beauty,Skincare,ST11,Melbourne Retail - Box Hill,Box Hill,VIC,3128,Pick up,42,90,0.1,0,3402,1134,FALSE
ORD00491,2,45856,45858,CUST000253,Bronze,POD43,Woven Storage Basket,Home & Living,Home Decor,ST17,Melbourne Retail - Footscray,Footscray,VIC,3011,Pick up,35,100,0.05,0,3325,1225,FALSE
ORD00491,3,45676,45676,CUST0003,Platinum,POD5,Wireless Mouse,Electronics,Computer Accessories,ST4,Melbourne Retail - Carlton,Carlton,VIC,3053,Online,45,100,0.07,50,4235,1525,FALSE
ORD00491,4,45883,45885,CUST00031,Gold,POD5,Wireless Mouse,Electronics,Computer Accessories,ST15,Melbourne Retail - St Kilda,St Kilda,VIC,3182,Pick up,45,100,0.08,0,4140,1440,FALSE
ORD00492,1,45933,45934,CUST00049,Silver,POD37,5-Tier Bookshelf,Home & Living,Furniture,ST11,Melbourne Retail - Box Hill,Box Hill,VIC,3128,In Store,180,25,0.09,0,4095,1395,FALSE
ORD00492,2,45845,45845,CUST000129,Gold,POD58,Rose Cream,Beauty,Skincare,ST4,Melbourne Retail - Carlton,Carlton,VIC,3053,Pick up,42,90,0.14,0,3250.8,982.8,FALSE
ORD00492,3,45321,45326,CUST000184,Gold,POD54,Repair Serum,Beauty,Serums & Treatments,ST11,Melbourne Retail - Box Hill,Box Hill,VIC,3128,Pick up,65,80,0.13,0,4524,1404,FALSE
ORD00492,4,45379,45383,CUST00055,Silver,POD40,LED Desk Lamp,Home & Living,Lighting,ST13,Melbourne Retail - Preston,Preston,VIC,3072,In Store,60,80,0.14,0,4128,1248,FALSE
ORD00493,1,45680,45683,CUST000168,Gold,POD1,Wireless Headphones,Electronics,Audio Devices,ST18,Melbourne Retail - Sunshine,Sunshine,VIC,3020,Online,120,50,0.05,50,5750,2140,FALSE
ORD00493,2,45908,45910,CUST000248,Silver,POD66,Razor – 5 Blade,Beauty,Personal Care,ST20,Melbourne Retail - Frankston,Frankston,VIC,3199,In Store,35,90,0.13,0,2740.5,850.5,FALSE
ORD00493,3,45679,45679,CUST00014,Platinum,POD33,Cotton Bedsheet Set,Home & Living,Bedding,ST16,Melbourne Retail - South Yarra,South Yarra,VIC,3141,In Store,95,60,0.13,0,4959,1539,FALSE
ORD00493,4,45948,45948,CUST000245,Silver,POD56,Face Mask,Beauty,Skincare,ST5,Melbourne Retail - Fitzroy,Fitzroy,VIC,3065,Online,25,130,0.15,50,2812.5,852.5,FALSE
ORD00494,1,45429,45432,CUST00053,Platinum,POD28,Socks (5-Pack),Apparel,Accessories,ST5,Melbourne Retail - Fitzroy,Fitzroy,VIC,3065,Online,20,150,0.05,50,2900,1090,FALSE
ORD00494,2,45946,45950,CUST00047,Platinum,POD60,Volumising Shampoo,Beauty,Hair Care,ST15,Melbourne Retail - St Kilda,St Kilda,VIC,3182,Online,38,90,0.13,50,3025.4,963.4,FALSE
ORD00494,3,45881,45884,CUST000112,Silver,POD12,Wi-Fi Range Extender,Electronics,Networking,ST10,Melbourne Retail - Glen Waverley,Glen Waverley,VIC,3150,Pick up,95,40,0.13,0,3306,1026,FALSE
ORD00494,4,45535,45538,CUST000217,Platinum,POD23,Wool Blend Coat,Apparel,Outerwear,ST18,Melbourne Retail - Sunshine,Sunshine,VIC,3020,Pick up,180,30,0.12,0,4752,1512,FALSE
ORD00495,1,45815,45818,CUST000135,Silver,POD28,Socks (5-Pack),Apparel,Accessories,ST3,Melbourne Retail - Docklands,Docklands,VIC,3008,Pick up,20,150,0.08,0,2760,960,FALSE
ORD00495,2,45791,45793,CUST000213,Gold,POD55,Vitamin C Serum,Beauty,Serums & Treatments,ST5,Melbourne Retail - Fitzroy,Fitzroy,VIC,3065,In Store,70,75,0.05,0,4987.5,1837.5,FALSE
ORD00495,3,45372,45373,CUST000160,Silver,POD37,5-Tier Bookshelf,Home & Living,Furniture,ST11,Melbourne Retail - Box Hill,Box Hill,VIC,3128,Online,180,25,0.05,50,4325,1615,FALSE
ORD00495,4,45439,45439,CUST000103,Silver,POD30,Non-Stick Frypan 28cm,Home & Living,Kitchen & Dining,ST18,Melbourne Retail - Sunshine,Sunshine,VIC,3020,In Store,55,80,0.05,0,4180,1540,FALSE
ORD00496,1,45734,45737,CUST00093,Silver,POD36,All-Seasons Duvet Quilt,Home & Living,Bedding,ST12,Melbourne Retail - Doncaster,Doncaster,VIC,3108,Online,120,50,0.09,50,5510,1900,FALSE
ORD00496,2,45310,45313,CUST00057,Silver,POD32,Bamboo Cutting Board,Home & Living,Kitchen & Dining,ST5,Melbourne Retail - Fitzroy,Fitzroy,VIC,3065,In Store,30,100,0.08,0,2760,960,FALSE
ORD00496,3,45845,45847,CUST000151,Gold,POD28,Socks (5-Pack),Apparel,Accessories,ST5,Melbourne Retail - Fitzroy,Fitzroy,VIC,3065,In Store,20,150,0.15,0,2550,750,FALSE
ORD00496,4,45446,45448,CUST0007,Bronze,POD16,Cotton Crew T-Shirt,Apparel,Tops,ST10,Melbourne Retail - Glen Waverley,Glen Waverley,VIC,3150,Pick up,28,140,0.05,0,3724,1372,FALSE
ORD00497,1,45620,45623,CUST000226,Platinum,POD57,Shea Lotion,Beauty,Skincare,ST9,Melbourne Retail - Camberwell,Camberwell,VIC,3124,Pick up,40,100,0.11,0,3560,1160,FALSE
ORD00497,2,45524,45528,CUST00058,Platinum,POD8,Lightning Cable,Electronics,Mobile Accessories,ST2,Melbourne Retail - Southbank,Southbank,VIC,3006,In Store,25,150,0.14,0,3225,975,FALSE
ORD00497,3,45374,45376,CUST000212,Gold,POD2,Bluetooth Earbuds,Electronics,Audio Devices,ST20,Melbourne Retail - Frankston,Frankston,VIC,3199,Pick up,90,60,0.12,0,4752,1512,FALSE
ORD00497,4,45978,45978,CUST000170,Silver,POD55,Vitamin C Serum,Beauty,Serums & Treatments,ST7,Melbourne Retail - Richmond,Richmond,VIC,3121,Pick up,70,75,0.12,0,4620,1470,FALSE
ORD00498,1,45557,45562,CUST000128,Platinum,POD60,Volumising Shampoo,Beauty,Hair Care,ST3,Melbourne Retail - Docklands,Docklands,VIC,3008,In Store,38,90,0.11,0,3043.8,991.8,FALSE
ORD00498,2,45911,45915,CUST000212,Platinum,POD56,Face Mask,Beauty,Skincare,ST10,Melbourne Retail - Glen Waverley,Glen Waverley,VIC,3150,Pick up,25,130,0.09,0,2957.5,1007.5,FALSE
ORD00498,3,45425,45425,CUST000234,Bronze,POD19,Chino Pants,Apparel,Bottoms,ST2,Melbourne Retail - Southbank,Southbank,VIC,3006,Pick up,65,75,0.13,0,4241.25,1316.25,FALSE
ORD00498,4,45298,45301,CUST000263,Silver,POD5,Wireless Mouse,Electronics,Computer Accessories,ST14,Melbourne Retail - Brunswick,Brunswick,VIC,3056,Online,45,100,0.11,50,4055,1345,FALSE
ORD00499,1,45966,45968,CUST000110,Gold,POD19,Chino Pants,Apparel,Bottoms,ST4,Melbourne Retail - Carlton,Carlton,VIC,3053,In Store,65,75,0.11,0,4338.75,1413.75,FALSE
ORD00499,2,45932,45935,CUST00099,Gold,POD5,Wireless Mouse,Electronics,Computer Accessories,ST9,Melbourne Retail - Camberwell,Camberwell,VIC,3124,Online,45,100,0.15,50,3875,1165,FALSE
ORD00499,3,45459,45461,CUST000156,Platinum,POD34,Cotton Throw Blanket,Home & Living,Bedding,ST12,Melbourne Retail - Doncaster,Doncaster,VIC,3108,Online,60,70,0.12,50,3746,1216,FALSE
ORD00499,4,45554,45557,CUST00048,Bronze,POD30,Non-Stick Frypan 28cm,Home & Living,Kitchen & Dining,ST7,Melbourne Retail - Richmond,Richmond,VIC,3121,In Store,55,80,0.06,0,4136,1496,FALSE
ORD00500,2,45760,45765,CUST00030,Gold,POD5,Wireless Mouse,Electronics,Computer Accessories,ST12,Melbourne Retail - Doncaster,Doncaster,VIC,3108,Pick up,45,100,0.11,0,4005,1305,FALSE
ORD00500,3,45560,45564,CUST000230,Silver,POD44,Scented Candle,Home & Living,Fragrance,ST20,Melbourne Retail - Frankston,Frankston,VIC,3199,Pick up,25,150,0.06,0,3525,1275,FALSE
ORD00500,4,45903,45907,CUST000158,Bronze,POD37,5-Tier Bookshelf,Home & Living,Furniture,ST12,Melbourne Retail - Doncaster,Doncaster,VIC,3108,Pick up,180,25,0.1,0,4050,1350,FALSE
ORD00501,1,45529,45534,CUST00068,Gold,POD13,LED Light Bulb,Electronics,Smart Home,ST3,Melbourne Retail - Docklands,Docklands,VIC,3008,In Store,18,300,0.08,0,4968,1728,FALSE
ORD00501,2,45334,45337,CUST00057,Bronze,POD6,USB-C Charger,Electronics,Mobile Accessories,ST12,Melbourne Retail - Doncaster,Doncaster,VIC,3108,Online,35,120,0.07,50,3956,1426,FALSE
ORD00501,3,45554,45556,CUST000235,Silver,POD62,Argan Oil,Beauty,Hair Care,ST17,Melbourne Retail - Footscray,Footscray,VIC,3011,In Store,55,60,0.06,0,3102,1122,FALSE
ORD00501,4,45621,45624,CUST000237,Silver,POD44,Scented Candle,Home & Living,Fragrance,ST8,Melbourne Retail - Hawthorn,Hawthorn,VIC,3122,Online,25,150,0.08,50,3500,1240,FALSE
ORD00502,1,45766,45767,CUST00013,Silver,POD40,LED Desk Lamp,Home & Living,Lighting,ST6,Melbourne Retail - Collingwood,Collingwood,VIC,3066,Pick up,60,80,0.1,0,4320,1440,FALSE
ORD00502,2,45381,45385,CUST000155,Bronze,POD64,Roll-On Deodorant,Beauty,Personal Care,ST1,Melbourne Retail - Melbourne CBD,Melbourne CBD,VIC,3000,In Store,25,100,0.12,0,2200,700,FALSE
ORD00502,3,45517,45517,CUST000253,Platinum,POD61,Hydrating Shampoo,Beauty,Hair Care,ST14,Melbourne Retail - Brunswick,Brunswick,VIC,3056,Online,38,90,0.08,50,3196.4,1134.4,FALSE
ORD00502,4,45692,45696,CUST00051,Silver,POD28,Socks (5-Pack),Apparel,Accessories,ST16,Melbourne Retail - South Yarra,South Yarra,VIC,3141,Pick up,20,150,0.06,0,2820,1020,FALSE
ORD00503,1,45363,45366,CUST000108,Gold,POD31,Knife Set (5-Piece),Home & Living,Kitchen & Dining,ST1,Melbourne Retail - Melbourne CBD,Melbourne CBD,VIC,3000,Pick up,85,70,0.06,0,5593,2023,FALSE
ORD00503,2,45414,45417,CUST00030,Bronze,POD38,Oak Side Table,Home & Living,Furniture,ST19,Melbourne Retail - Dandenong,Dandenong,VIC,3175,Online,150,30,0.12,50,4010,1300,FALSE
ORD00503,3,45322,45322,CUST000246,Platinum,POD33,Cotton Bedsheet Set,Home & Living,Bedding,ST9,Melbourne Retail - Camberwell,Camberwell,VIC,3124,Pick up,95,60,0.09,0,5187,1767,FALSE
ORD00503,4,45996,45999,CUST00094,Bronze,POD32,Bamboo Cutting Board,Home & Living,Kitchen & Dining,ST1,Melbourne Retail - Melbourne CBD,Melbourne CBD,VIC,3000,Pick up,30,100,0.15,0,2550,750,FALSE
ORD00504,1,45401,45404,CUST000203,Gold,POD12,Wi-Fi Range Extender,Electronics,Networking,ST14,Melbourne Retail - Brunswick,Brunswick,VIC,3056,Online,95,40,0.05,50,3660,1370,TRUE
ORD00504,2,45458,45461,CUST00049,Platinum,POD41,Arc Floor Lamp,Home & Living,Lighting,ST20,Melbourne Retail - Frankston,Frankston,VIC,3199,Pick up,130,40,0.15,0,4420,1300,FALSE
ORD00504,3,45467,45470,CUST000137,Silver,POD29,Ceramic Mug,Home & Living,Kitchen & Dining,ST2,Melbourne Retail - Southbank,Southbank,VIC,3006,In Store,15,200,0.1,0,2700,900,FALSE
ORD00504,4,45785,45786,CUST00013,Gold,POD6,USB-C Charger,Electronics,Mobile Accessories,ST12,Melbourne Retail - Doncaster,Doncaster,VIC,3108,Online,35,120,0.13,50,3704,1174,FALSE
ORD00505,1,45459,45459,CUST000206,Silver,POD36,All-Seasons Duvet Quilt,Home & Living,Bedding,ST9,Melbourne Retail - Camberwell,Camberwell,VIC,3124,In Store,120,50,0.15,0,5100,1500,FALSE
ORD00505,2,45734,45734,CUST000118,Bronze,POD35,Memory Foam Pillow,Home & Living,Bedding,ST18,Melbourne Retail - Sunshine,Sunshine,VIC,3020,In Store,75,80,0.06,0,5640,2040,FALSE
ORD00505,3,45448,45452,CUST000100,Gold,POD60,Volumising Shampoo,Beauty,Hair Care,ST5,Melbourne Retail - Fitzroy,Fitzroy,VIC,3065,Pick up,38,90,0.13,0,2975.4,923.4,FALSE
ORD00505,4,46016,46021,CUST00019,Bronze,POD23,Wool Blend Coat,Apparel,Outerwear,ST15,Melbourne Retail - St Kilda,St Kilda,VIC,3182,Pick up,180,30,0.11,0,4806,1566,FALSE
ORD00506,1,45988,45992,CUST000220,Silver,POD9,Screen Protector,Electronics,Mobile Accessories,ST3,Melbourne Retail - Docklands,Docklands,VIC,3008,In Store,15,200,0.14,0,2580,780,FALSE
ORD00506,2,45481,45486,CUST000175,Gold,POD11,Wi-Fi Router,Electronics,Networking,ST12,Melbourne Retail - Doncaster,Doncaster,VIC,3108,In Store,160,25,0.09,0,3640,1240,FALSE
ORD00506,3,45715,45718,CUST000170,Platinum,POD3,Bluetooth Speaker,Electronics,Audio Devices,ST12,Melbourne Retail - Doncaster,Doncaster,VIC,3108,Pick up,110,40,0.15,0,3740,1100,FALSE
ORD00506,4,45566,45567,CUST000177,Bronze,POD21,Midi Dress,Apparel,Dresses,ST12,Melbourne Retail - Doncaster,Doncaster,VIC,3108,Pick up,95,50,0.15,0,4037.5,1187.5,FALSE
ORD00507,1,45801,45801,CUST000191,Gold,POD55,Vitamin C Serum,Beauty,Serums & Treatments,ST7,Melbourne Retail - Richmond,Richmond,VIC,3121,In Store,70,75,0.15,0,4462.5,1312.5,FALSE
ORD00507,2,45864,45867,CUST000241,Platinum,POD33,Cotton Bedsheet Set,Home & Living,Bedding,ST9,Melbourne Retail - Camberwell,Camberwell,VIC,3124,Online,95,60,0.15,50,4895,1465,FALSE
ORD00507,3,45357,45361,CUST00058,Silver,POD9,Screen Protector,Electronics,Mobile Accessories,ST13,Melbourne Retail - Preston,Preston,VIC,3072,Online,15,200,0.15,50,2600,790,FALSE
ORD00507,4,45921,45926,CUST000147,Gold,POD30,Non-Stick Frypan 28cm,Home & Living,Kitchen & Dining,ST12,Melbourne Retail - Doncaster,Doncaster,VIC,3108,Pick up,55,80,0.07,0,4092,1452,FALSE
ORD00508,1,45932,45932,CUST00094,Platinum,POD20,High-Waist Jeans,Apparel,Bottoms,ST7,Melbourne Retail - Richmond,Richmond,VIC,3121,Online,80,60,0.12,50,4274,1384,FALSE
ORD00508,2,45978,45979,CUST00046,Gold,POD21,Midi Dress,Apparel,Dresses,ST6,Melbourne Retail - Collingwood,Collingwood,VIC,3066,Online,95,50,0.05,50,4562.5,1702.5,TRUE
ORD00508,3,45697,45700,CUST000191,Platinum,POD10,Clear Phone Case,Electronics,Mobile Accessories,ST2,Melbourne Retail - Southbank,Southbank,VIC,3006,Online,20,180,0.05,50,3470,1300,FALSE
ORD00508,4,45769,45771,CUST00059,Bronze,POD24,White Sneakers,Apparel,Footwear,ST16,Melbourne Retail - South Yarra,South Yarra,VIC,3141,Online,100,55,0.11,50,4945,1635,FALSE
ORD00509,1,45827,45828,CUST00063,Bronze,POD21,Midi Dress,Apparel,Dresses,ST15,Melbourne Retail - St Kilda,St Kilda,VIC,3182,Pick up,95,50,0.13,0,4132.5,1282.5,FALSE
ORD00509,2,45765,45770,CUST000146,Bronze,POD36,All-Seasons Duvet Quilt,Home & Living,Bedding,ST17,Melbourne Retail - Footscray,Footscray,VIC,3011,Pick up,120,50,0.05,0,5700,2100,FALSE
ORD00509,3,45493,45494,CUST00080,Silver,POD1,Wireless Headphones,Electronics,Audio Devices,ST8,Melbourne Retail - Hawthorn,Hawthorn,VIC,3122,Online,120,50,0.11,50,5390,1780,FALSE
ORD00509,4,45751,45754,CUST00042,Bronze,POD26,Brown Belt,Apparel,Accessories,ST4,Melbourne Retail - Carlton,Carlton,VIC,3053,Online,35,100,0.11,50,3165,1055,FALSE
ORD00510,1,45326,45328,CUST00042,Silver,POD42,Minimal Wall Clock,Home & Living,Home Decor,ST20,Melbourne Retail - Frankston,Frankston,VIC,3199,In Store,45,90,0.08,0,3726,1296,FALSE
ORD00510,2,45634,45638,CUST000156,Bronze,POD48,Essential Oil – Eucalyptus,Home & Living,Fragrance,ST12,Melbourne Retail - Doncaster,Doncaster,VIC,3108,Online,35,80,0.12,50,2514,824,FALSE
ORD00510,3,45877,45877,CUST000188,Bronze,POD37,5-Tier Bookshelf,Home & Living,Furniture,ST13,Melbourne Retail - Preston,Preston,VIC,3072,Pick up,180,25,0.12,0,3960,1260,FALSE
ORD00510,4,45759,45762,CUST00089,Gold,POD57,Shea Lotion,Beauty,Skincare,ST6,Melbourne Retail - Collingwood,Collingwood,VIC,3066,Online,40,100,0.08,50,3730,1320,FALSE
ORD00511,1,45434,45438,CUST000258,Bronze,POD52,Face Cleanser,Beauty,Skincare,ST1,Melbourne Retail - Melbourne CBD,Melbourne CBD,VIC,3000,Online,35,120,0.09,50,3872,1342,FALSE
ORD00511,2,45698,45702,CUST000134,Silver,POD20,High-Waist Jeans,Apparel,Bottoms,ST5,Melbourne Retail - Fitzroy,Fitzroy,VIC,3065,Online,80,60,0.09,50,4418,1528,FALSE
ORD00511,3,45816,45818,CUST000134,Silver,POD58,Rose Cream,Beauty,Skincare,ST2,Melbourne Retail - Southbank,Southbank,VIC,3006,Pick up,42,90,0.08,0,3477.6,1209.6,FALSE
